gender,height,weight,ap_hi,ap_lo,cholesterol,gluc,smoke,alco,active,age_years,BMI,cardio,bp_category
1,165,59.0,120,80,1,1,0,0,0,55,21.6712580348944,0,Stage-1
1,155,62.0,110,70,2,1,0,0,1,58,25.806451612903224,1,Normal
1,167,92.0,130,90,3,1,0,0,0,43,32.987916382803256,1,Stage-2
1,170,67.0,120,70,1,1,0,0,1,51,23.18339100346021,0,Elevated
1,160,58.0,120,80,1,1,0,0,1,40,22.656249999999996,1,Stage-1
1,159,59.0,120,80,3,3,0,0,0,51,23.337684427040067,1,Stage-1
2,173,105.0,120,80,1,1,0,0,1,44,35.083029837281565,0,Stage-1
1,171,97.0,140,90,2,1,0,0,1,58,33.1726001162751,1,Stage-2
2,167,68.0,110,70,1,1,0,0,1,42,24.38237297859371,0,Normal
1,160,60.0,150,80,3,2,0,0,1,50,23.437499999999996,1,Stage-2
1,152,50.0,110,80,1,1,0,0,1,59,21.641274238227147,0,Stage-1
1,166,90.0,130,90,3,3,0,0,1,55,32.660763536072004,1,Stage-2
1,162,66.0,130,90,1,1,0,1,1,58,25.14860539551897,1,Stage-2
1,159,75.0,150,90,1,2,0,0,1,57,29.666548000474663,1,Stage-2
1,168,65.0,120,80,1,1,0,0,0,54,23.030045351473927,1,Stage-1
1,150,87.0,155,100,1,1,0,0,0,64,38.666666666666664,1,Stage-2
1,172,62.0,120,80,2,2,0,0,1,57,20.9572742022715,0,Stage-1
1,169,91.0,145,90,1,1,0,0,1,49,31.861629494765594,1,Stage-2
1,153,46.0,90,60,2,1,0,1,1,40,19.650561749754367,0,Normal
1,169,78.0,110,80,1,1,0,0,1,40,27.309968138370508,0,Stage-1
2,174,54.0,120,80,2,2,0,0,1,50,17.8359096313912,1,Stage-1
1,169,99.0,110,80,2,1,0,0,1,63,34.6626518679318,0,Stage-1
1,164,72.0,110,70,1,1,0,0,0,53,26.769779892920884,0,Normal
1,167,70.0,127,90,1,2,0,0,1,56,25.099501595611173,1,Stage-2
1,160,68.0,130,80,3,1,0,0,1,58,26.562499999999996,1,Stage-1
1,158,78.0,160,100,1,2,0,0,1,55,31.244992789617044,1,Stage-2
2,175,84.0,120,80,1,1,0,0,0,54,27.428571428571427,0,Stage-1
1,180,56.0,120,60,1,1,0,0,1,59,17.28395061728395,0,Elevated
1,152,69.0,120,80,3,3,0,0,1,63,29.864958448753463,1,Stage-1
2,179,89.0,150,90,2,1,1,0,1,47,27.776910832995224,1,Stage-2
1,165,78.0,130,80,3,3,0,0,1,62,28.650137741046834,0,Stage-1
2,165,58.0,120,80,1,1,1,0,1,43,21.30394857667585,0,Stage-1
1,168,70.0,130,80,1,3,0,0,0,52,24.801587301587304,1,Stage-1
1,158,55.0,120,80,1,1,0,0,1,58,22.031725684986377,1,Stage-1
2,172,69.0,140,80,1,3,1,0,1,43,23.323418063818284,0,Stage-2
1,161,53.0,130,90,1,1,0,0,1,59,20.446742023841672,1,Stage-2
2,190,115.0,170,90,3,1,0,0,0,52,31.855955678670362,1,Stage-2
1,163,65.0,110,70,2,1,0,0,1,51,24.46460160337235,1,Normal
1,152,50.0,110,70,2,2,0,0,1,60,21.641274238227147,0,Normal
1,167,68.0,140,90,1,1,0,0,0,49,24.38237297859371,1,Stage-2
1,169,74.0,110,70,1,1,0,0,1,48,25.909456951787405,0,Normal
1,160,72.0,120,80,1,1,0,0,1,59,28.124999999999993,0,Stage-1
1,162,84.0,160,100,1,1,0,0,1,55,32.00731595793324,1,Stage-2
1,167,71.0,100,80,1,1,0,0,1,43,25.458065904119906,0,Stage-1
2,174,85.0,110,60,1,1,0,0,0,63,28.075042938300964,1,Normal
1,165,66.0,130,80,3,1,0,0,1,62,24.242424242424246,1,Stage-1
1,170,70.0,120,80,1,1,0,0,1,43,24.221453287197235,0,Stage-1
1,162,69.0,120,80,1,1,0,0,1,55,26.291723822588015,1,Stage-1
1,158,70.0,120,70,1,1,0,0,1,55,28.040378144528116,1,Elevated
2,173,77.0,120,80,1,1,0,0,1,39,25.727555214006482,0,Stage-1
2,172,80.0,120,80,1,1,1,0,1,43,27.041644131963228,0,Stage-1
2,170,68.0,120,80,1,1,0,0,0,47,23.529411764705884,0,Stage-1
1,165,68.0,140,80,3,1,0,0,1,55,24.977043158861342,1,Stage-2
2,164,66.0,120,80,1,1,0,0,0,57,24.538964901844146,0,Stage-1
1,160,71.0,110,70,2,1,0,0,1,48,27.734374999999993,0,Normal
2,172,59.0,120,70,1,1,0,0,1,60,19.94321254732288,1,Elevated
1,160,55.0,120,80,1,2,0,0,1,45,21.484374999999996,0,Stage-1
1,157,70.0,100,80,1,1,0,0,1,45,28.398718000730252,0,Stage-1
2,170,70.0,100,80,1,1,0,0,1,43,24.221453287197235,0,Stage-1
1,165,65.0,120,80,1,1,0,0,1,47,23.875114784205696,0,Stage-1
2,165,65.0,120,80,1,1,0,0,1,60,23.875114784205696,0,Stage-1
1,152,102.0,130,80,3,3,0,0,1,59,44.14819944598338,0,Stage-1
2,174,77.0,120,80,1,1,0,0,1,50,25.43268595587264,1,Stage-1
1,161,62.0,120,80,1,1,0,0,0,44,23.9188302920412,0,Stage-1
1,163,53.0,100,60,1,1,0,0,1,41,19.94805976890361,0,Normal
1,157,63.0,140,70,3,3,0,0,1,51,25.558846200657225,1,Stage-2
2,175,75.0,120,80,1,1,1,1,1,58,24.489795918367346,0,Stage-1
1,155,72.0,140,80,1,1,0,0,1,51,29.968782518210194,0,Stage-2
1,162,74.0,110,60,2,2,0,0,1,60,28.19692120103642,0,Normal
2,168,90.0,120,80,1,1,0,0,1,62,31.88775510204082,1,Stage-1
2,167,77.0,110,70,1,2,0,0,0,43,27.60945175517229,0,Normal
2,162,53.0,110,70,1,1,1,0,1,55,20.195092211553114,0,Normal
1,167,70.0,120,80,1,1,0,0,1,51,25.099501595611173,0,Stage-1
1,152,68.0,140,90,3,3,1,0,1,61,29.43213296398892,1,Stage-2
2,178,78.0,130,90,1,1,0,0,1,56,24.61810377477591,1,Stage-2
1,165,65.0,120,80,1,1,0,0,1,50,23.875114784205696,0,Stage-1
1,170,65.0,120,80,1,1,0,0,1,57,22.49134948096886,0,Stage-1
2,175,79.0,150,110,1,1,1,0,1,49,25.79591836734694,1,Stage-2
1,167,56.0,140,90,1,1,0,0,1,63,20.07960127648894,1,Stage-2
2,180,89.0,120,60,1,1,0,0,1,40,27.469135802469133,0,Elevated
2,175,80.0,140,90,1,1,0,0,1,55,26.122448979591837,1,Stage-2
2,161,83.0,130,90,1,1,0,0,0,42,32.02036958450677,1,Stage-2
2,167,54.0,140,90,1,1,0,0,1,55,19.362472659471475,1,Stage-2
1,165,65.0,140,90,1,1,0,0,1,47,23.875114784205696,1,Stage-2
1,153,56.0,120,80,1,1,0,0,1,61,23.92242299970097,0,Stage-1
1,154,92.0,130,80,3,1,0,0,1,63,38.792376454714116,1,Stage-1
1,164,77.0,180,100,2,1,0,0,1,59,28.628792385484836,1,Stage-2
1,158,67.0,130,90,1,1,0,0,0,58,26.83864765261977,1,Stage-2
1,160,70.0,140,90,1,1,0,0,1,60,27.343749999999996,1,Stage-2
1,180,57.0,120,80,1,1,0,0,1,54,17.59259259259259,0,Stage-1
2,172,99.0,100,70,2,1,1,0,1,45,33.46403461330449,1,Normal
2,170,59.0,110,70,1,1,1,0,1,49,20.41522491349481,0,Normal
2,155,65.0,120,80,1,1,0,0,1,57,27.055150884495315,1,Stage-1
1,165,65.0,120,80,3,1,0,0,1,49,23.875114784205696,1,Stage-1
1,160,84.0,160,100,1,1,0,0,1,55,32.81249999999999,1,Stage-2
1,164,51.0,110,70,1,1,0,0,1,50,18.961927424152293,0,Normal
2,163,53.0,110,70,1,1,0,0,1,46,19.94805976890361,0,Normal
2,174,72.0,110,79,1,1,0,0,0,52,23.781212841854934,0,Normal
1,165,90.0,150,90,1,1,0,0,0,63,33.057851239669425,1,Stage-2
1,146,71.0,130,80,1,3,0,0,1,54,33.30831300431601,0,Stage-1
2,169,84.0,110,70,1,1,0,0,1,49,29.410734918245165,1,Normal
2,164,61.0,120,80,1,1,0,0,1,51,22.679952409280194,0,Stage-1
2,170,78.0,120,80,1,1,0,0,1,41,26.989619377162633,0,Stage-1
1,170,70.0,120,80,1,1,0,0,1,45,24.221453287197235,0,Stage-1
1,167,85.0,140,90,3,1,0,0,1,57,30.477966223242138,0,Stage-2
2,162,81.0,130,90,3,3,0,0,1,57,30.864197530864192,1,Stage-2
1,164,75.0,120,80,1,1,0,0,1,51,27.885187388459254,0,Stage-1
2,171,83.0,110,80,1,1,0,0,1,60,28.384802161348794,1,Stage-1
1,157,64.0,110,70,1,2,0,0,1,51,25.96454217209623,0,Normal
1,176,85.0,130,80,1,1,0,0,1,56,27.44059917355372,0,Stage-1
1,157,63.0,150,80,1,1,0,0,0,61,25.558846200657225,1,Stage-2
2,160,85.0,150,90,2,1,0,0,1,57,33.20312499999999,1,Stage-2
1,150,49.0,140,90,2,1,0,0,1,61,21.77777777777778,1,Stage-2
1,150,84.0,120,80,1,1,0,0,1,49,37.333333333333336,1,Stage-1
1,170,68.0,120,80,1,1,0,0,1,57,23.529411764705884,0,Stage-1
2,174,79.0,150,90,3,3,0,0,1,55,26.09327520147972,1,Stage-2
2,165,60.0,120,80,1,1,0,0,1,53,22.03856749311295,0,Stage-1
2,168,60.0,120,80,1,1,0,0,1,62,21.258503401360546,1,Stage-1
1,169,65.0,120,70,2,2,0,0,0,54,22.758306781975424,0,Elevated
1,164,72.0,140,80,3,1,0,0,1,46,26.769779892920884,1,Stage-2
1,169,70.0,140,80,1,3,0,0,1,52,24.508945765204302,1,Stage-2
1,160,66.0,120,80,1,1,0,1,1,57,25.781249999999996,0,Stage-1
1,165,62.0,140,80,1,1,0,0,1,39,22.77318640955005,1,Stage-2
1,175,69.0,120,80,1,3,0,0,1,54,22.53061224489796,1,Stage-1
1,168,76.0,120,80,1,1,0,0,1,61,26.92743764172336,1,Stage-1
1,165,73.0,140,90,1,1,0,0,1,54,26.813590449954088,1,Stage-2
2,178,89.0,130,80,1,3,0,0,1,53,28.089887640449437,0,Stage-1
2,172,102.0,130,90,3,3,0,0,1,46,34.47809626825311,0,Stage-2
2,159,63.0,120,70,1,1,0,0,0,45,24.919900320398717,0,Elevated
1,153,57.0,120,80,1,1,0,0,1,61,24.34960912469563,0,Stage-1
1,154,63.0,140,80,1,1,0,0,1,49,26.564344746162927,1,Stage-2
1,153,67.0,110,70,2,1,0,0,1,52,28.621470374642232,0,Normal
2,176,79.0,130,80,1,1,0,0,1,62,25.50361570247934,0,Stage-1
1,147,71.0,110,70,1,1,0,0,1,47,32.85668008700079,0,Normal
1,170,107.0,120,70,1,1,0,0,1,53,37.024221453287204,0,Elevated
2,178,63.0,120,80,1,1,0,0,1,42,19.883853048857468,1,Stage-1
1,164,70.0,110,80,1,1,0,0,1,50,26.026174895895306,0,Stage-1
1,156,66.0,110,80,3,3,0,0,1,57,27.12031558185404,0,Stage-1
1,162,62.0,110,70,1,1,0,0,1,49,23.624447492760247,0,Normal
1,176,79.0,120,80,1,1,0,0,0,41,25.50361570247934,0,Stage-1
1,155,65.0,110,70,1,1,0,0,1,53,27.055150884495315,0,Normal
1,158,52.0,120,80,1,1,0,0,1,42,20.82999519307803,1,Stage-1
1,168,60.0,150,100,1,1,0,0,1,57,21.258503401360546,1,Stage-2
1,161,105.0,120,80,1,1,0,0,1,40,40.507696462327836,1,Stage-1
1,160,84.0,150,90,1,1,0,0,1,51,32.81249999999999,1,Stage-2
1,170,75.0,120,80,1,1,0,0,1,54,25.95155709342561,0,Stage-1
1,162,77.0,120,80,1,1,0,0,1,60,29.340039628105465,1,Stage-1
1,166,65.0,120,80,3,3,0,0,1,60,23.588329220496444,1,Stage-1
2,169,69.0,120,80,1,1,0,0,1,53,24.158817968558527,0,Stage-1
2,164,76.0,147,90,1,1,0,0,0,41,28.256989886972047,0,Stage-2
2,169,72.0,140,90,1,1,0,0,1,58,25.209201358495854,1,Stage-2
1,156,58.0,120,80,2,1,0,0,1,59,23.83300460223537,1,Stage-1
1,162,91.0,110,70,2,1,0,0,1,44,34.67459228776101,1,Normal
1,160,59.0,110,70,1,1,0,0,1,45,23.046874999999996,1,Normal
1,167,61.0,120,80,1,1,0,0,1,52,21.872422819032593,1,Stage-1
1,169,59.0,120,80,1,1,0,0,1,53,20.65754000210077,0,Stage-1
2,167,71.0,140,90,1,1,0,0,1,57,25.458065904119906,1,Stage-2
1,156,81.0,140,90,1,1,0,0,1,55,33.28402366863905,1,Stage-2
1,154,74.0,130,100,1,1,0,0,1,39,31.20256367009614,0,Stage-2
1,171,80.0,120,80,2,2,0,0,1,41,27.358845456721728,0,Stage-1
2,182,96.0,120,80,1,1,1,0,1,45,28.982007003985025,0,Stage-1
1,178,52.0,120,80,2,1,0,0,1,47,16.41206918318394,0,Stage-1
1,160,81.0,160,90,1,1,0,0,1,51,31.640624999999993,1,Stage-2
2,166,63.0,120,80,1,1,0,0,1,56,22.8625344752504,0,Stage-1
2,186,99.0,130,90,3,1,0,0,1,51,28.61602497398543,1,Stage-2
1,157,123.0,130,90,3,3,0,0,1,63,49.900604486997445,1,Stage-2
1,178,78.0,120,80,1,1,0,0,0,56,24.61810377477591,0,Stage-1
1,155,77.0,140,100,1,1,0,0,1,48,32.04994797086368,1,Stage-2
1,160,92.0,150,90,1,1,0,0,1,60,35.93749999999999,1,Stage-2
2,170,74.0,120,80,1,2,0,0,1,56,25.605536332179934,1,Stage-1
2,174,76.0,130,80,1,1,1,0,1,50,25.102391333069097,1,Stage-1
1,165,66.0,120,80,1,1,0,0,1,58,24.242424242424246,1,Stage-1
2,180,80.0,130,90,1,1,0,0,1,43,24.691358024691358,1,Stage-2
2,176,73.0,120,80,1,1,0,0,1,41,23.56663223140496,0,Stage-1
1,165,82.0,120,70,1,1,0,0,1,44,30.119375573921033,0,Elevated
1,164,73.0,120,80,1,1,0,0,1,54,27.141582391433676,0,Stage-1
1,166,76.0,110,70,1,1,0,0,1,49,27.58020031934969,0,Normal
1,158,116.0,160,90,1,1,0,0,0,51,46.466912353789446,1,Stage-2
1,155,66.0,160,90,2,1,0,0,1,59,27.47138397502601,1,Stage-2
1,165,71.0,120,80,1,1,0,0,1,64,26.07897153351699,1,Stage-1
1,160,74.0,140,90,1,1,0,0,1,60,28.906249999999993,1,Stage-2
1,165,72.0,100,70,1,1,1,0,1,41,26.44628099173554,1,Normal
1,158,70.0,120,80,1,1,0,0,1,42,28.040378144528116,0,Stage-1
1,159,87.0,140,80,2,2,0,0,0,55,34.41319568055061,1,Stage-2
1,154,80.0,140,80,1,1,0,0,1,53,33.732501264968796,1,Stage-2
2,190,180.0,140,80,2,2,0,0,1,47,49.86149584487535,1,Stage-2
1,164,85.0,120,80,1,1,0,0,1,61,31.603212373587155,0,Stage-1
1,161,72.0,120,80,2,1,1,0,1,49,27.776706145596233,0,Stage-1
2,155,77.0,140,90,3,1,0,0,1,61,32.04994797086368,1,Stage-2
2,168,79.0,140,100,2,3,0,0,1,54,27.99036281179139,0,Stage-2
2,163,51.0,110,70,1,1,0,0,1,56,19.195302796492154,0,Normal
2,167,84.0,120,80,1,1,0,0,1,48,30.11940191473341,0,Stage-1
1,162,80.0,125,80,2,1,0,0,1,53,30.48315805517451,0,Stage-1
2,174,70.0,130,90,3,1,0,0,0,61,23.120623596247853,1,Stage-2
1,158,62.0,110,80,1,1,0,0,1,40,24.83576349943919,0,Stage-1
1,170,89.0,120,80,1,1,0,0,1,53,30.795847750865054,0,Stage-1
1,153,57.0,110,70,1,1,0,0,1,58,24.34960912469563,1,Normal
1,153,68.0,130,80,2,1,0,0,1,50,29.04865649963689,0,Stage-1
1,169,85.0,120,80,2,1,0,0,0,41,29.76086271489094,0,Stage-1
1,174,70.0,120,80,1,1,0,0,1,63,23.120623596247853,0,Stage-1
2,176,81.0,140,80,1,1,0,0,0,49,26.149276859504134,1,Stage-2
1,166,66.0,120,79,1,1,0,0,1,53,23.95122659311947,0,Elevated
1,165,65.0,120,80,1,1,0,0,1,54,23.875114784205696,0,Stage-1
1,168,71.0,110,70,1,1,0,0,1,53,25.15589569160998,0,Normal
1,140,54.0,120,70,1,1,0,0,1,55,27.551020408163268,0,Elevated
2,165,65.0,120,80,1,1,0,0,1,54,23.875114784205696,0,Stage-1
1,158,70.0,141,81,1,1,0,0,1,53,28.040378144528116,0,Stage-2
1,154,70.0,160,90,1,1,0,0,1,58,29.515938606847698,1,Stage-2
1,169,68.0,120,80,1,1,0,0,0,42,23.80869017191275,0,Stage-1
1,165,58.0,120,70,1,1,0,0,1,43,21.30394857667585,0,Elevated
1,175,74.0,120,80,1,1,0,0,0,50,24.163265306122447,0,Stage-1
1,170,68.0,120,70,1,1,0,0,1,44,23.529411764705884,0,Elevated
2,179,85.0,120,80,1,1,0,0,1,40,26.528510346119035,0,Stage-1
1,165,65.0,120,80,1,1,0,0,0,62,23.875114784205696,0,Stage-1
1,161,91.0,120,80,1,1,0,0,1,56,35.10667026735079,0,Stage-1
1,159,84.0,170,90,3,3,0,0,0,64,33.22653376053162,0,Stage-2
2,167,54.0,120,90,1,1,1,1,1,49,19.362472659471475,0,Stage-2
2,156,62.0,120,70,1,1,0,0,0,46,25.476660092044707,0,Elevated
1,157,57.0,110,70,2,1,0,0,1,51,23.124670372023203,0,Normal
1,155,80.0,120,80,1,1,0,0,1,59,33.29864724245577,0,Stage-1
1,172,93.0,110,75,2,2,0,0,0,40,31.435911303407252,0,Normal
2,172,83.0,120,80,1,1,1,0,1,47,28.055705786911847,1,Stage-1
1,165,63.0,130,80,1,1,0,0,1,50,23.140495867768596,0,Stage-1
1,158,68.0,120,80,1,1,0,0,1,59,27.239224483255885,0,Stage-1
2,169,95.0,160,70,2,2,0,0,1,58,33.2621406813487,1,Stage-2
2,152,60.0,120,80,2,2,1,1,1,60,25.969529085872576,0,Stage-1
1,157,68.0,140,90,1,1,0,0,1,39,27.587326057852245,0,Stage-2
1,160,60.0,140,80,1,1,0,0,1,63,23.437499999999996,1,Stage-2
2,178,60.0,130,90,1,1,0,0,0,46,18.93700290367378,1,Stage-2
1,170,69.0,120,70,1,1,0,0,1,57,23.87543252595156,0,Elevated
2,178,80.0,110,70,2,1,0,0,1,45,25.24933720489837,0,Normal
1,150,58.0,120,80,1,2,0,0,1,40,25.77777777777778,1,Stage-1
2,158,55.0,120,80,1,1,0,1,1,54,22.031725684986377,0,Stage-1
1,164,108.0,150,100,2,2,0,1,0,49,40.15466983938133,1,Stage-2
1,155,78.0,130,90,1,1,0,0,1,59,32.46618106139438,1,Stage-2
1,154,99.0,150,80,1,1,1,0,1,54,41.74397031539889,1,Stage-2
2,176,78.0,120,80,1,1,1,0,1,63,25.180785123966942,1,Stage-1
2,163,65.0,120,80,2,1,0,1,1,47,24.46460160337235,0,Stage-1
2,164,54.0,120,80,2,1,0,0,1,60,20.077334919690664,0,Stage-1
1,167,73.0,130,90,1,1,1,0,1,51,26.175194521137367,1,Stage-2
1,163,88.0,140,80,2,1,0,0,1,63,33.12130678610411,1,Stage-2
2,172,73.0,120,80,1,1,0,0,0,50,24.675500270416443,0,Stage-1
1,167,59.0,160,90,3,3,0,0,0,56,21.15529420201513,1,Stage-2
1,168,99.0,90,60,1,1,0,0,0,40,35.0765306122449,0,Normal
2,175,85.0,150,80,2,2,0,1,1,52,27.755102040816325,1,Stage-2
1,164,62.0,120,80,1,1,0,0,1,46,23.051754907792983,0,Stage-1
1,150,50.0,110,70,1,2,0,0,1,52,22.22222222222222,0,Normal
1,168,65.0,160,100,1,1,0,0,1,55,23.030045351473927,1,Stage-2
2,156,67.0,120,80,1,1,1,0,1,49,27.531229454306374,1,Stage-1
1,164,87.0,120,79,1,3,0,0,1,56,32.34681737061273,0,Elevated
1,165,78.0,160,90,1,2,0,0,1,55,28.650137741046834,0,Stage-2
1,156,67.0,120,80,1,1,0,0,1,55,27.531229454306374,0,Stage-1
2,174,74.0,130,80,1,1,0,0,0,61,24.441802087462015,0,Stage-1
1,157,71.0,120,80,1,1,0,0,1,64,28.804413972169254,1,Stage-1
2,178,72.0,120,80,1,1,0,0,1,50,22.724403484408533,0,Stage-1
1,165,62.0,120,80,2,1,0,0,0,57,22.77318640955005,0,Stage-1
1,160,71.0,120,80,1,1,0,0,1,55,27.734374999999993,0,Stage-1
1,165,71.0,120,80,1,1,0,0,1,45,26.07897153351699,0,Stage-1
2,172,75.0,80,50,2,2,0,0,1,49,25.351541373715524,1,Normal
1,172,140.0,150,90,1,1,0,0,1,55,47.322877230935646,1,Stage-2
1,158,69.0,120,80,1,1,0,0,0,55,27.639801313892,1,Stage-1
1,159,74.0,140,90,3,3,0,0,1,57,29.270994027135,1,Stage-2
2,180,130.0,170,100,1,1,0,0,1,40,40.123456790123456,1,Stage-2
1,160,70.0,110,70,2,1,0,0,1,39,27.343749999999996,0,Normal
1,152,57.0,120,80,1,1,0,0,1,63,24.67105263157895,1,Stage-1
1,163,83.0,100,60,2,2,0,0,1,47,31.239414355075468,0,Normal
2,163,96.0,120,80,1,1,0,0,1,41,36.13233467574994,0,Stage-1
1,165,65.0,120,80,1,1,0,0,1,51,23.875114784205696,0,Stage-1
2,160,56.0,90,60,1,1,0,0,1,56,21.874999999999996,0,Normal
1,156,79.0,90,60,1,1,0,0,1,44,32.462195923734384,0,Normal
2,171,68.0,120,80,1,2,0,0,1,46,23.25501863821347,0,Stage-1
2,170,70.0,120,80,1,1,0,0,1,51,24.221453287197235,0,Stage-1
2,168,80.0,140,90,1,1,0,0,1,57,28.344671201814062,1,Stage-2
1,157,70.0,120,80,1,1,0,0,0,63,28.398718000730252,0,Stage-1
1,165,64.0,120,80,3,3,0,0,1,54,23.507805325987146,1,Stage-1
1,159,80.0,140,80,2,1,0,0,1,60,31.644317867172973,1,Stage-2
2,166,72.0,140,90,1,1,0,0,0,43,26.1286108288576,0,Stage-2
1,160,60.0,160,90,1,1,0,0,0,62,23.437499999999996,1,Stage-2
2,174,105.0,120,90,1,1,0,0,0,58,34.68093539437178,1,Stage-2
2,178,72.0,130,80,1,2,0,0,1,64,22.724403484408533,0,Stage-1
1,160,42.0,120,80,1,1,0,0,0,57,16.406249999999996,0,Stage-1
2,160,76.0,130,80,2,3,0,0,0,59,29.687499999999993,0,Stage-1
1,164,135.0,160,90,1,1,0,0,1,51,50.19333729922666,0,Stage-2
1,168,70.0,120,80,1,1,0,0,1,41,24.801587301587304,1,Stage-1
1,164,97.0,120,80,1,1,0,0,1,39,36.06484235574064,0,Stage-1
1,159,64.0,120,80,1,1,0,0,1,49,25.315454293738377,0,Stage-1
1,160,65.0,120,80,1,1,0,0,1,45,25.390624999999996,0,Stage-1
1,154,80.0,120,80,2,1,0,0,0,43,33.732501264968796,1,Stage-1
2,167,70.0,110,70,2,1,0,0,1,53,25.099501595611173,0,Normal
1,172,75.0,130,80,1,1,0,0,1,42,25.351541373715524,0,Stage-1
1,168,77.0,130,80,1,1,0,0,0,52,27.281746031746035,1,Stage-1
1,160,90.0,150,100,1,1,0,0,1,57,35.15624999999999,0,Stage-2
2,173,113.0,160,90,1,1,1,0,1,59,37.75602258678873,1,Stage-2
2,170,70.0,120,70,1,3,0,0,1,53,24.221453287197235,0,Elevated
1,157,90.0,130,90,3,3,0,0,1,59,36.51263742951032,1,Stage-2
1,171,74.0,130,80,1,2,0,0,1,49,25.3069320474676,0,Stage-1
1,156,61.0,120,80,1,1,0,0,1,39,25.06574621959237,0,Stage-1
2,172,54.0,90,59,2,1,1,0,0,61,18.25310978907518,0,Normal
1,162,73.0,100,70,2,1,0,0,1,54,27.815881725346742,0,Normal
1,175,75.0,120,80,1,1,0,0,0,48,24.489795918367346,1,Stage-1
1,168,62.0,120,80,1,1,0,0,1,52,21.9671201814059,1,Stage-1
1,160,74.0,115,70,2,2,0,0,1,53,28.906249999999993,0,Normal
1,170,73.0,110,70,1,1,0,0,1,54,25.25951557093426,0,Normal
1,146,61.0,130,80,1,1,0,0,1,57,28.61700131356728,1,Stage-1
2,177,70.0,110,80,2,1,0,0,1,57,22.34351559258195,0,Stage-1
2,175,78.0,110,80,1,1,0,0,1,51,25.46938775510204,0,Stage-1
1,156,65.0,120,80,1,1,0,0,1,54,26.709401709401707,0,Stage-1
1,157,57.0,120,70,3,1,0,0,1,47,23.124670372023203,1,Elevated
2,175,84.0,140,80,1,1,0,0,1,61,27.428571428571427,0,Stage-2
1,171,94.0,140,90,1,1,0,0,1,47,32.14664341164803,1,Stage-2
1,174,66.0,120,80,1,1,0,0,1,54,21.79944510503369,0,Stage-1
2,176,76.0,140,90,1,1,0,0,1,51,24.535123966942148,1,Stage-2
1,160,60.0,120,80,1,1,0,0,1,56,23.437499999999996,0,Stage-1
1,162,103.0,140,90,1,2,0,0,1,59,39.24706599603718,1,Stage-2
1,168,59.0,150,90,2,1,0,0,0,59,20.904195011337873,1,Stage-2
1,159,88.0,140,90,1,2,0,0,1,51,34.80874965389027,1,Stage-2
1,156,54.0,120,70,1,1,0,0,1,60,22.189349112426033,1,Elevated
1,168,81.0,130,80,3,1,0,0,0,63,28.69897959183674,1,Stage-1
1,164,77.0,130,80,3,1,0,0,1,63,28.628792385484836,1,Stage-1
2,162,75.0,140,70,2,1,0,1,1,55,28.577960676726104,1,Stage-2
1,168,61.0,130,80,1,1,0,0,1,43,21.612811791383223,0,Stage-1
1,164,60.0,130,80,1,1,0,0,0,57,22.308149910767405,1,Stage-1
1,154,79.0,110,80,1,1,0,0,1,45,33.310844999156686,0,Stage-1
2,179,89.0,130,90,1,1,0,0,1,50,27.776910832995224,0,Stage-2
1,158,120.0,120,80,1,1,0,0,1,41,48.069219676333915,0,Stage-1
2,168,74.0,120,80,1,3,1,0,1,49,26.218820861678008,0,Stage-1
1,157,65.0,110,70,1,1,0,0,1,59,26.370238143535232,1,Normal
1,167,100.0,120,79,1,1,0,0,1,58,35.8564308508731,0,Elevated
1,165,72.0,110,80,1,1,0,0,0,43,26.44628099173554,0,Stage-1
1,145,73.0,170,110,1,1,0,0,1,51,34.720570749108205,1,Stage-2
1,157,90.0,140,90,1,1,0,0,1,64,36.51263742951032,1,Stage-2
1,150,58.0,130,80,1,1,0,0,1,61,25.77777777777778,1,Stage-1
2,175,74.0,140,90,1,3,0,0,1,63,24.163265306122447,1,Stage-2
1,170,68.0,120,80,3,3,0,0,1,54,23.529411764705884,1,Stage-1
2,184,90.0,120,80,1,1,0,0,1,64,26.583175803402646,1,Stage-1
1,168,69.0,120,80,1,1,0,1,1,59,24.44727891156463,1,Stage-1
2,169,74.0,140,80,2,1,0,0,1,62,25.909456951787405,1,Stage-2
1,172,72.0,110,80,1,1,0,0,0,51,24.337479718766904,0,Stage-1
2,182,100.0,120,80,1,1,0,0,1,58,30.189590629151066,1,Stage-1
2,159,80.0,120,80,1,1,0,0,1,62,31.644317867172973,0,Stage-1
2,182,86.0,120,80,1,1,0,0,1,40,25.963047941069917,0,Stage-1
2,169,65.0,120,80,1,1,1,0,1,49,22.758306781975424,0,Stage-1
1,163,63.0,120,80,3,3,0,0,1,60,23.711844630960897,1,Stage-1
1,169,58.0,100,80,1,1,0,0,1,50,20.307412205454995,0,Stage-1
2,177,94.0,120,80,3,3,1,1,1,57,30.00414951003862,1,Stage-1
1,147,54.0,120,100,1,1,0,0,1,63,24.989587671803417,1,Stage-2
1,169,52.0,120,70,1,1,0,0,0,44,18.20664542558034,0,Elevated
1,162,75.0,100,70,1,1,0,0,1,50,28.577960676726104,0,Normal
1,159,73.0,120,80,1,1,0,0,1,53,28.875440053795337,0,Stage-1
1,160,60.0,120,90,1,1,0,0,1,58,23.437499999999996,0,Stage-2
2,163,60.0,160,90,1,1,0,0,0,55,22.582709172343712,1,Stage-2
1,162,73.0,110,65,1,2,0,0,1,54,27.815881725346742,0,Normal
2,180,70.0,150,100,2,1,0,0,1,56,21.604938271604937,1,Stage-2
1,156,68.0,150,90,1,1,0,0,1,57,27.94214332675871,0,Stage-2
1,162,65.0,110,80,2,2,0,0,1,43,24.76756591982929,0,Stage-1
1,154,61.0,120,80,1,1,0,0,1,43,25.72103221453871,0,Stage-1
2,170,79.0,140,90,3,3,1,0,1,59,27.33564013840831,1,Stage-2
1,140,80.0,100,60,2,1,0,0,0,55,40.81632653061225,1,Normal
1,158,91.0,140,90,3,3,0,0,0,57,36.45249158788655,0,Stage-2
1,165,65.0,140,90,1,1,0,0,1,59,23.875114784205696,1,Stage-2
1,159,85.0,120,70,1,1,0,0,1,59,33.62208773387128,0,Elevated
1,160,79.0,170,80,1,2,0,0,1,59,30.859374999999993,1,Stage-2
1,161,62.0,140,80,2,2,0,0,1,61,23.9188302920412,0,Stage-2
1,162,87.0,160,90,1,1,0,0,1,49,33.15043438500228,0,Stage-2
1,156,67.0,140,90,1,1,0,0,1,64,27.531229454306374,1,Stage-2
1,172,68.0,120,80,1,1,0,0,1,55,22.985397512168742,1,Stage-1
2,168,80.0,120,80,1,1,1,0,1,61,28.344671201814062,0,Stage-1
1,169,82.0,140,90,1,1,1,0,1,59,28.71047932495361,1,Stage-2
1,156,60.0,110,70,1,1,0,0,1,61,24.654832347140037,0,Normal
1,155,65.0,150,100,1,1,0,0,1,56,27.055150884495315,0,Stage-2
1,168,82.0,120,90,1,1,0,0,1,53,29.053287981859416,0,Stage-2
1,168,74.0,120,80,1,1,0,0,1,55,26.218820861678008,0,Stage-1
2,182,112.0,170,100,1,1,0,0,1,62,33.8123415046492,1,Stage-2
2,179,80.0,140,90,3,1,0,0,1,49,24.968009737523797,0,Stage-2
1,167,62.0,120,80,1,1,0,0,1,49,22.230987127541326,1,Stage-1
1,153,47.0,130,80,1,3,0,0,1,52,20.07774787474903,0,Stage-1
2,167,60.0,160,100,1,1,0,0,1,55,21.513858510523864,1,Stage-2
1,164,74.0,120,70,1,1,0,0,1,55,27.513384889946465,0,Elevated
1,161,108.0,150,80,2,2,0,1,0,61,41.66505921839435,0,Stage-2
1,168,65.0,120,80,1,1,0,0,1,52,23.030045351473927,0,Stage-1
1,162,83.0,130,80,3,1,0,0,1,61,31.626276482243554,1,Stage-1
1,159,61.0,150,95,2,1,0,0,1,53,24.128792373719392,1,Stage-2
1,168,58.0,140,90,3,3,0,0,1,59,20.549886621315196,1,Stage-2
2,170,70.0,120,80,1,1,0,0,1,61,24.221453287197235,0,Stage-1
2,183,86.0,110,80,1,1,1,0,1,42,25.680074054167036,0,Stage-1
1,156,74.0,160,90,1,2,0,0,1,61,30.407626561472714,1,Stage-2
2,168,68.0,140,90,1,1,0,0,1,47,24.092970521541954,1,Stage-2
1,161,89.0,120,80,1,1,0,0,1,46,34.33509509663978,1,Stage-1
2,171,88.0,120,70,1,1,0,0,1,57,30.094730002393902,1,Elevated
1,166,63.0,140,80,2,2,0,0,1,45,22.8625344752504,1,Stage-2
2,167,68.0,110,70,1,1,1,1,1,47,24.38237297859371,0,Normal
2,168,65.0,120,80,1,1,0,0,1,56,23.030045351473927,0,Stage-1
1,168,62.0,120,80,1,1,0,0,0,50,21.9671201814059,0,Stage-1
1,154,87.0,140,80,2,2,1,0,1,54,36.68409512565357,1,Stage-2
1,154,50.0,120,80,2,1,0,0,1,61,21.0828132906055,0,Stage-1
1,160,66.0,120,80,1,1,0,0,0,50,25.781249999999996,0,Stage-1
2,180,77.0,120,70,1,1,0,0,1,50,23.76543209876543,0,Elevated
1,158,70.0,130,80,1,1,0,0,1,57,28.040378144528116,1,Stage-1
1,160,72.0,140,80,3,1,0,1,1,52,28.124999999999993,1,Stage-2
2,168,62.0,140,90,1,1,0,0,1,52,21.9671201814059,1,Stage-2
1,158,71.0,120,80,2,2,0,0,1,51,28.44095497516423,0,Stage-1
1,154,51.0,130,90,3,1,0,1,1,60,21.504469556417607,1,Stage-2
1,157,82.0,120,80,1,1,0,0,1,54,33.26706965799829,0,Stage-1
1,150,50.0,150,90,1,1,0,0,1,63,22.22222222222222,1,Stage-2
2,164,86.0,150,90,1,1,0,0,1,53,31.975014872099948,1,Stage-2
1,162,70.0,150,100,1,1,0,0,1,61,26.672763298277697,1,Stage-2
1,160,64.0,150,90,2,1,0,1,1,47,24.999999999999996,1,Stage-2
2,140,90.0,140,90,1,1,0,0,1,51,45.91836734693878,1,Stage-2
2,176,97.0,120,80,1,1,0,0,1,61,31.31456611570248,0,Stage-1
2,169,74.0,120,80,1,3,0,0,0,56,25.909456951787405,1,Stage-1
1,163,69.0,120,80,1,1,0,0,0,54,25.970115548195267,1,Stage-1
1,178,85.0,120,80,1,1,0,0,1,47,26.82742078020452,0,Stage-1
1,164,67.0,120,80,1,1,0,0,0,61,24.910767400356935,0,Stage-1
1,157,56.0,115,70,1,1,0,0,1,39,22.7189744005842,0,Normal
1,156,56.0,120,80,2,1,0,0,1,43,23.011176857330703,0,Stage-1
2,168,65.0,150,80,1,1,0,0,1,50,23.030045351473927,0,Stage-2
2,172,60.0,120,60,1,1,1,1,1,42,20.281233098972418,0,Elevated
1,148,56.0,110,70,1,1,0,0,1,41,25.56610664718773,0,Normal
2,183,84.0,130,80,1,1,0,0,1,49,25.082863029651524,0,Stage-1
1,150,85.0,150,90,1,1,0,0,1,63,37.77777777777778,1,Stage-2
2,169,91.0,140,90,1,1,0,0,1,41,31.861629494765594,1,Stage-2
2,167,56.0,120,80,1,1,0,0,1,63,20.07960127648894,0,Stage-1
1,170,73.0,115,75,1,1,0,0,1,47,25.25951557093426,0,Normal
1,156,80.0,130,90,3,1,0,0,1,58,32.87310979618672,1,Stage-2
1,152,68.0,168,84,3,1,0,0,1,51,29.43213296398892,1,Stage-2
1,169,73.0,120,80,1,1,0,0,1,58,25.55932915514163,0,Stage-1
2,178,87.0,140,80,3,3,0,0,1,63,27.458654210326976,0,Stage-2
2,179,81.0,145,100,1,1,0,0,1,49,25.280109859242845,1,Stage-2
1,163,64.0,120,80,2,1,0,0,1,39,24.088223117166624,0,Stage-1
1,158,80.0,110,90,2,1,0,0,0,53,32.046146450889275,1,Stage-2
1,158,80.0,160,90,3,1,0,0,1,63,32.046146450889275,1,Stage-2
1,166,56.0,120,60,1,1,0,0,1,50,20.322252866889244,0,Elevated
2,170,68.0,120,80,1,1,0,0,0,49,23.529411764705884,1,Stage-1
2,175,95.0,120,90,1,1,0,0,0,51,31.020408163265305,1,Stage-2
2,169,81.0,130,90,3,3,0,0,1,50,28.360351528307834,1,Stage-2
1,151,52.0,120,80,1,1,0,0,1,52,22.806017279943863,0,Stage-1
1,162,74.0,110,72,1,1,0,0,1,49,28.19692120103642,0,Normal
1,166,92.0,180,110,1,1,0,0,1,58,33.386558281318045,1,Stage-2
1,158,67.0,130,90,1,1,0,0,0,57,26.83864765261977,0,Stage-2
2,178,79.0,140,90,1,1,0,0,0,57,24.933720489837143,1,Stage-2
1,165,69.0,120,80,1,1,0,0,1,58,25.344352617079892,1,Stage-1
1,171,84.0,90,60,2,1,0,1,1,39,28.726787729557817,0,Normal
1,153,67.0,160,100,1,1,0,0,1,51,28.621470374642232,1,Stage-2
2,173,86.0,150,100,3,3,1,0,1,55,28.734672057202044,1,Stage-2
2,170,85.0,140,80,1,1,1,0,1,50,29.411764705882355,1,Stage-2
1,153,79.0,120,90,2,2,0,0,0,59,33.74770387457816,1,Stage-2
1,165,82.0,110,70,1,1,0,0,1,55,30.119375573921033,0,Normal
2,170,83.0,120,80,1,1,0,0,1,48,28.719723183391007,0,Stage-1
1,155,76.0,110,80,1,1,0,0,1,59,31.63371488033298,0,Stage-1
1,158,86.0,120,80,1,1,0,0,1,57,34.449607434705975,1,Stage-1
2,171,81.0,140,90,1,1,0,0,1,55,27.70083102493075,1,Stage-2
1,165,62.0,110,70,1,1,0,0,1,60,22.77318640955005,1,Normal
2,168,70.0,140,90,1,1,0,0,1,49,24.801587301587304,1,Stage-2
2,177,102.0,140,90,3,3,0,1,1,59,32.557694149190844,1,Stage-2
2,158,55.0,120,70,1,1,0,0,0,55,22.031725684986377,0,Elevated
1,174,107.0,130,90,1,1,1,0,1,49,35.34152463997886,0,Stage-2
1,160,73.0,140,80,2,1,0,0,1,50,28.515624999999993,1,Stage-2
2,168,75.0,110,80,1,1,0,0,0,63,26.573129251700685,1,Stage-1
1,169,68.0,120,80,1,1,0,0,1,57,23.80869017191275,0,Stage-1
1,168,69.0,110,70,1,2,0,0,1,57,24.44727891156463,0,Normal
1,160,72.0,110,70,1,1,0,0,1,53,28.124999999999993,0,Normal
2,168,75.0,120,80,1,1,0,0,1,53,26.573129251700685,1,Stage-1
1,159,86.0,130,80,1,2,0,0,1,43,34.01764170721095,1,Stage-1
1,164,139.0,130,80,1,2,0,0,1,54,51.68054729327782,1,Stage-1
2,170,65.0,120,80,1,1,0,0,0,55,22.49134948096886,0,Stage-1
1,163,67.0,120,70,1,1,0,0,1,54,25.21735857578381,1,Elevated
1,165,104.0,120,80,1,1,0,0,1,40,38.200183654729116,1,Stage-1
2,178,90.0,120,80,1,1,0,0,1,62,28.40550435551067,0,Stage-1
1,166,105.0,120,80,1,1,0,0,1,58,38.10422412541733,1,Stage-1
1,149,67.0,100,70,2,2,0,0,0,42,30.178820773839018,0,Normal
2,163,130.0,120,80,3,3,1,0,1,54,48.9292032067447,0,Stage-1
1,165,62.0,120,80,2,3,0,0,1,43,22.77318640955005,0,Stage-1
1,162,68.0,140,90,3,3,0,0,1,61,25.910684346898332,1,Stage-2
1,156,68.0,120,70,1,1,0,0,1,58,27.94214332675871,1,Elevated
1,160,77.0,120,80,1,1,0,0,0,52,30.078124999999993,0,Stage-1
1,152,54.0,110,70,1,1,0,0,1,41,23.372576177285318,0,Normal
2,165,75.0,140,80,1,1,0,0,0,52,27.548209366391188,1,Stage-2
2,172,79.0,180,100,1,1,0,0,1,45,26.703623580313685,1,Stage-2
1,168,65.0,140,90,1,1,0,0,1,61,23.030045351473927,1,Stage-2
1,146,56.0,120,80,1,1,0,0,1,49,26.27134546819291,0,Stage-1
1,167,72.0,120,70,1,1,0,0,1,64,25.816630212628635,1,Elevated
1,152,84.0,140,90,1,1,0,0,0,56,36.35734072022161,1,Stage-2
1,160,98.0,150,90,3,1,0,0,1,61,38.28124999999999,1,Stage-2
2,170,55.0,130,90,1,1,0,0,1,48,19.031141868512112,0,Stage-2
1,160,69.0,150,90,2,1,0,0,1,49,26.953124999999996,1,Stage-2
1,157,76.0,110,60,1,1,0,0,0,49,30.832893829364274,0,Normal
2,168,68.0,110,70,1,1,0,0,1,58,24.092970521541954,0,Normal
1,164,80.0,120,80,1,1,0,0,1,58,29.744199881023206,1,Stage-1
2,170,87.0,160,90,1,1,0,0,1,53,30.103806228373706,1,Stage-2
2,168,62.0,160,90,2,1,0,0,1,60,21.9671201814059,1,Stage-2
2,154,64.0,130,90,1,1,1,1,1,58,26.986001011975038,0,Stage-2
1,160,72.0,120,80,1,1,0,0,1,51,28.124999999999993,1,Stage-1
1,158,90.0,140,90,1,1,0,0,0,57,36.05191475725044,1,Stage-2
1,158,73.0,110,70,2,1,0,0,1,61,29.242108636436463,0,Normal
2,169,78.0,120,79,1,1,1,1,1,58,27.309968138370508,0,Elevated
1,149,63.0,120,80,1,1,0,0,1,61,28.377100130624747,1,Stage-1
1,162,76.0,130,80,3,3,0,0,0,57,28.959000152415786,0,Stage-1
2,178,77.0,120,80,1,1,0,0,1,52,24.302487059714682,0,Stage-1
1,160,56.0,90,60,1,1,0,0,1,58,21.874999999999996,0,Normal
1,167,64.0,140,90,3,1,0,0,1,56,22.948115744558788,1,Stage-2
1,160,83.0,130,90,1,1,0,0,0,47,32.42187499999999,1,Stage-2
1,165,75.0,140,80,2,1,0,0,1,59,27.548209366391188,1,Stage-2
2,184,106.0,120,80,1,2,0,0,1,55,31.30907372400756,0,Stage-1
1,162,79.0,110,59,2,2,0,0,0,43,30.102118579484827,0,Normal
1,169,69.0,120,80,1,1,0,0,1,61,24.158817968558527,1,Stage-1
2,172,90.0,120,80,1,1,0,0,1,54,30.42184964845863,0,Stage-1
1,155,60.0,110,60,1,1,0,0,0,49,24.97398543184183,0,Normal
1,167,65.0,110,60,1,1,0,0,0,45,23.306680053067517,0,Normal
1,163,64.0,150,100,1,2,0,0,1,63,24.088223117166624,1,Stage-2
1,162,89.0,145,90,3,1,0,0,1,57,33.91251333638164,1,Stage-2
2,170,77.0,150,80,1,1,1,1,1,53,26.643598615916957,1,Stage-2
1,160,72.0,120,80,1,1,0,0,1,58,28.124999999999993,1,Stage-1
2,182,94.0,130,80,1,1,0,0,1,58,28.378215191402003,0,Stage-1
1,151,67.0,120,80,1,1,0,0,1,57,29.384676110696898,1,Stage-1
1,163,80.0,120,80,1,1,0,0,1,60,30.11027889645828,0,Stage-1
1,158,84.0,150,100,3,1,0,0,0,57,33.64845377343374,1,Stage-2
2,184,96.0,100,60,1,1,0,0,0,45,28.35538752362949,1,Normal
1,161,70.0,135,80,1,1,0,0,1,59,27.005130974885226,1,Stage-1
1,165,63.0,120,80,1,1,0,0,1,60,23.140495867768596,0,Stage-1
1,156,60.0,120,70,1,1,0,0,1,58,24.654832347140037,1,Elevated
1,163,65.0,110,70,1,1,0,0,0,51,24.46460160337235,0,Normal
1,151,54.0,130,80,1,1,0,0,1,49,23.683171790710933,1,Stage-1
1,162,60.0,100,70,1,1,0,0,1,52,22.86236854138088,0,Normal
1,153,98.0,115,80,1,2,0,1,1,59,41.864240249476694,0,Stage-1
2,167,54.0,120,80,1,2,0,0,1,50,19.362472659471475,0,Stage-1
1,150,60.0,120,80,1,1,0,0,1,43,26.666666666666668,0,Stage-1
1,172,72.0,130,90,1,2,0,0,1,51,24.337479718766904,1,Stage-2
1,172,78.0,120,85,1,1,0,0,1,55,26.365603028664147,0,Stage-1
1,160,74.0,140,90,1,1,0,0,1,45,28.906249999999993,0,Stage-2
2,161,60.0,130,80,1,1,1,0,1,51,23.147255121330193,1,Stage-1
1,160,65.0,120,80,1,1,0,0,1,50,25.390624999999996,1,Stage-1
1,161,60.0,120,70,1,1,0,0,0,55,23.147255121330193,0,Elevated
1,161,103.0,150,90,1,2,0,0,1,50,39.73612129161683,1,Stage-2
2,166,69.0,187,112,1,1,0,0,1,54,25.039918710988534,1,Stage-2
1,157,70.0,110,80,2,2,0,1,1,55,28.398718000730252,0,Stage-1
1,164,102.0,140,90,2,1,0,0,1,55,37.923854848304586,1,Stage-2
1,157,67.0,90,60,2,1,0,0,1,56,27.18163008641324,0,Normal
1,159,82.0,130,90,1,2,0,0,1,43,32.4354258138523,1,Stage-2
1,157,83.0,140,90,3,2,0,0,1,51,33.6727656294373,1,Stage-2
1,152,75.0,120,80,1,1,0,0,1,50,32.46191135734072,0,Stage-1
1,158,78.0,120,80,2,2,0,0,1,49,31.244992789617044,0,Stage-1
1,166,66.0,110,80,2,2,0,0,1,60,23.95122659311947,1,Stage-1
1,160,70.0,130,70,1,3,0,0,1,60,27.343749999999996,1,Stage-1
1,168,70.0,110,70,1,1,0,0,1,50,24.801587301587304,0,Normal
1,165,76.0,120,80,1,3,0,0,1,44,27.915518824609737,1,Stage-1
1,158,64.0,140,90,1,1,0,0,1,61,25.63691716071142,1,Stage-2
1,171,74.0,120,80,1,1,0,0,0,61,25.3069320474676,1,Stage-1
2,174,79.0,160,90,1,1,0,0,1,59,26.09327520147972,1,Stage-2
1,171,69.0,120,80,1,1,0,0,1,50,23.59700420642249,0,Stage-1
1,155,80.0,120,90,2,2,0,0,0,56,33.29864724245577,1,Stage-2
2,172,65.0,120,60,1,1,0,0,0,44,21.971335857220122,1,Elevated
1,166,65.0,130,95,2,1,0,1,1,53,23.588329220496444,1,Stage-2
2,165,66.0,120,80,1,1,0,0,1,53,24.242424242424246,1,Stage-1
1,163,72.0,110,70,2,1,0,0,1,62,27.09925100681245,1,Normal
1,150,62.0,130,100,3,1,0,0,1,56,27.555555555555557,1,Stage-2
2,183,108.0,135,80,1,1,0,1,1,41,32.249395323837675,1,Stage-1
1,165,69.0,90,60,1,1,0,0,1,46,25.344352617079892,0,Normal
1,169,67.0,120,80,1,1,0,0,1,51,23.458562375266975,1,Stage-1
2,172,80.0,150,90,1,1,0,0,1,47,27.041644131963228,1,Stage-2
1,160,60.0,120,80,1,1,0,0,1,60,23.437499999999996,0,Stage-1
1,157,66.0,150,100,2,1,0,0,1,55,26.775934114974238,0,Stage-2
2,168,52.0,110,70,1,1,0,0,1,64,18.42403628117914,0,Normal
2,169,72.0,120,80,2,2,0,0,1,54,25.209201358495854,0,Stage-1
1,165,76.0,110,80,1,1,0,0,1,51,27.915518824609737,0,Stage-1
2,175,75.0,120,90,1,1,0,0,0,41,24.489795918367346,0,Stage-2
1,167,72.0,165,100,1,1,0,0,1,60,25.816630212628635,1,Stage-2
1,154,52.0,120,80,1,1,0,0,1,62,21.926125822229718,0,Stage-1
1,149,50.0,120,80,2,1,0,0,1,61,22.52150804017837,0,Stage-1
2,179,84.0,120,90,1,1,0,0,1,42,26.216410224399986,1,Stage-2
2,185,99.0,120,80,2,1,0,0,1,39,28.926223520818112,1,Stage-1
1,152,66.0,130,80,1,1,0,0,1,55,28.566481994459835,0,Stage-1
1,170,68.0,110,80,1,1,0,0,1,48,23.529411764705884,0,Stage-1
2,150,64.0,110,70,2,2,0,0,0,40,28.444444444444443,0,Normal
1,162,64.0,120,80,1,1,0,0,1,59,24.38652644413961,1,Stage-1
1,168,70.0,120,80,1,1,0,0,1,51,24.801587301587304,1,Stage-1
1,160,54.0,120,70,1,1,0,0,1,44,21.093749999999996,1,Elevated
1,170,86.0,120,80,1,1,0,0,1,44,29.75778546712803,0,Stage-1
2,173,80.0,140,100,1,1,0,0,1,51,26.729927495071667,1,Stage-2
1,158,62.0,100,60,1,1,0,0,1,46,24.83576349943919,0,Normal
2,178,77.0,120,80,1,1,1,1,0,47,24.302487059714682,0,Stage-1
1,164,62.0,110,70,1,1,0,0,1,39,23.051754907792983,0,Normal
2,162,78.0,120,80,1,1,1,0,1,59,29.721079103795148,0,Stage-1
1,157,60.0,130,80,1,1,0,0,1,60,24.341758286340216,1,Stage-1
1,168,65.0,120,80,1,1,0,0,0,60,23.030045351473927,1,Stage-1
1,153,78.0,140,90,1,1,0,0,1,58,33.320517749583495,1,Stage-2
1,156,107.0,135,80,1,1,0,0,1,56,43.96778435239973,1,Stage-1
1,160,68.0,130,80,1,1,0,0,1,59,26.562499999999996,1,Stage-1
1,157,70.0,120,80,1,1,0,0,1,55,28.398718000730252,1,Stage-1
2,174,92.0,145,95,1,1,0,0,0,46,30.38710529792575,1,Stage-2
2,173,101.0,140,80,1,1,0,0,1,64,33.746533462527985,1,Stage-2
1,165,65.0,120,80,1,1,0,0,1,52,23.875114784205696,0,Stage-1
2,160,76.0,120,90,1,1,0,0,0,55,29.687499999999993,1,Stage-2
2,165,80.0,130,80,3,1,1,1,0,53,29.384756657483933,1,Stage-1
2,178,77.0,120,80,1,1,0,0,1,55,24.302487059714682,0,Stage-1
2,170,81.0,150,100,1,1,0,0,1,63,28.027681660899656,1,Stage-2
1,159,93.0,120,80,1,1,0,0,1,63,36.786519520588584,1,Stage-1
2,169,65.0,140,100,3,1,1,1,1,63,22.758306781975424,1,Stage-2
2,168,59.0,140,90,1,1,0,0,1,53,20.904195011337873,1,Stage-2
1,161,89.0,145,90,2,1,0,0,1,54,34.33509509663978,1,Stage-2
1,166,89.0,90,60,1,1,0,0,1,52,32.29786616344898,0,Normal
2,170,86.0,120,70,1,1,1,1,1,62,29.75778546712803,0,Elevated
1,167,87.0,130,80,1,1,0,0,1,51,31.1950948402596,0,Stage-1
2,174,70.0,110,60,1,3,0,0,0,63,23.120623596247853,0,Normal
1,157,74.0,100,90,2,1,0,0,1,45,30.021501886486266,1,Stage-2
1,169,84.0,150,80,1,1,0,0,1,46,29.410734918245165,0,Stage-2
2,178,99.0,120,80,1,1,1,1,1,44,31.246054791061734,0,Stage-1
2,170,78.0,150,90,2,1,0,0,1,54,26.989619377162633,1,Stage-2
1,168,65.0,120,80,1,1,0,0,1,52,23.030045351473927,0,Stage-1
1,158,74.0,140,70,1,1,0,0,1,55,29.642685467072578,1,Stage-2
1,157,77.0,160,100,3,1,0,0,1,57,31.238589800803275,1,Stage-2
2,175,65.0,110,70,1,1,0,0,1,40,21.224489795918366,0,Normal
1,169,68.0,130,80,2,1,0,0,1,51,23.80869017191275,1,Stage-1
2,169,75.0,120,80,1,1,0,0,1,57,26.25958474843318,0,Stage-1
1,165,71.0,120,90,2,2,0,0,1,58,26.07897153351699,0,Stage-2
1,163,72.0,110,70,2,1,0,0,1,41,27.09925100681245,0,Normal
2,171,98.0,110,90,1,1,1,0,1,57,33.51458568448412,1,Stage-2
2,167,83.0,120,80,2,3,0,0,1,42,29.760837606224676,1,Stage-1
2,175,77.0,120,80,1,1,1,0,1,41,25.142857142857142,0,Stage-1
1,171,70.0,120,70,2,1,0,0,1,57,23.938989774631512,1,Elevated
2,167,67.0,130,80,3,1,0,0,1,61,24.023808670084982,1,Stage-1
1,162,76.0,110,70,1,3,0,0,1,55,28.959000152415786,1,Normal
2,164,70.0,140,90,1,1,0,0,1,45,26.026174895895306,1,Stage-2
2,183,77.0,140,90,3,1,0,0,1,43,22.99262444384723,1,Stage-2
2,157,75.0,110,70,3,1,0,0,1,52,30.427197857925268,0,Normal
1,158,83.0,120,80,1,1,0,0,1,49,33.247876942797625,1,Stage-1
1,162,89.0,130,80,1,1,0,0,1,64,33.91251333638164,1,Stage-1
1,168,65.0,120,80,1,1,0,0,1,52,23.030045351473927,0,Stage-1
1,163,92.0,130,80,1,1,0,0,1,60,34.62682073092702,1,Stage-1
2,183,92.0,130,90,1,1,0,0,1,46,27.471707127713575,0,Stage-2
1,156,75.0,120,80,1,1,0,0,1,62,30.818540433925047,1,Stage-1
1,171,69.0,120,70,1,1,0,0,1,48,23.59700420642249,0,Elevated
2,165,72.0,120,80,1,1,0,0,1,39,26.44628099173554,0,Stage-1
2,180,68.0,110,70,2,2,0,0,1,44,20.98765432098765,0,Normal
2,160,60.0,120,80,1,1,0,0,1,45,23.437499999999996,0,Stage-1
2,176,96.0,130,90,1,1,1,1,1,41,30.991735537190085,0,Stage-2
1,145,47.0,80,60,1,1,0,0,0,44,22.35434007134364,0,Normal
1,160,71.0,140,90,1,2,0,0,1,57,27.734374999999993,0,Stage-2
1,152,77.0,120,80,1,1,0,0,1,53,33.3275623268698,0,Stage-1
1,157,52.0,100,70,1,1,0,0,1,46,21.096190514828187,1,Normal
1,169,89.0,110,70,1,1,0,0,1,55,31.161373901474043,1,Normal
1,168,65.0,120,80,1,1,0,0,1,49,23.030045351473927,0,Stage-1
1,160,81.0,100,60,1,1,0,0,1,51,31.640624999999993,0,Normal
1,162,53.0,100,60,1,1,0,0,0,40,20.195092211553114,0,Normal
1,152,55.0,120,80,1,1,0,0,1,44,23.80540166204986,0,Stage-1
1,163,85.0,120,80,1,1,0,0,1,63,31.992171327486922,1,Stage-1
2,168,74.0,130,90,2,1,1,0,0,49,26.218820861678008,1,Stage-2
1,157,55.0,120,80,1,1,0,0,1,41,22.313278429145196,0,Stage-1
1,162,82.0,100,60,1,1,0,0,1,42,31.24523700655387,0,Normal
1,167,57.0,120,80,2,1,0,0,0,52,20.43816558499767,0,Stage-1
1,170,68.0,130,90,1,1,0,0,1,51,23.529411764705884,0,Stage-2
1,156,63.0,90,60,2,2,0,0,1,55,25.88757396449704,1,Normal
2,164,88.0,120,80,1,1,0,0,0,49,32.718619869125526,0,Stage-1
1,165,70.0,140,80,3,1,0,0,1,49,25.71166207529844,0,Stage-2
1,157,80.0,150,80,3,1,0,0,0,57,32.45567771512029,1,Stage-2
2,172,83.0,120,80,1,1,0,0,0,52,28.055705786911847,0,Stage-1
2,171,62.0,110,70,1,1,0,0,1,44,21.20310522895934,0,Normal
1,156,56.0,140,80,1,1,0,0,1,55,23.011176857330703,1,Stage-2
1,159,64.0,140,90,1,1,0,0,1,62,25.315454293738377,1,Stage-2
2,178,77.0,110,70,1,1,0,0,1,39,24.302487059714682,0,Normal
2,175,52.0,110,70,1,1,0,0,1,54,16.979591836734695,0,Normal
1,156,75.0,160,100,1,2,0,1,1,51,30.818540433925047,1,Stage-2
1,159,73.0,140,90,1,1,0,0,1,49,28.875440053795337,1,Stage-2
2,184,94.0,130,90,3,1,0,0,1,40,27.764650283553873,1,Stage-2
1,152,53.0,120,80,2,1,0,0,0,59,22.939750692520775,1,Stage-1
1,158,70.0,150,90,1,1,0,0,1,63,28.040378144528116,0,Stage-2
1,161,72.8,140,90,3,3,0,0,1,55,28.085336213880634,1,Stage-2
2,169,101.0,110,80,3,1,0,0,0,64,35.36290746122335,1,Stage-1
2,184,92.0,140,80,1,3,1,1,1,57,27.173913043478258,0,Stage-2
2,180,70.0,120,80,1,1,0,0,1,60,21.604938271604937,0,Stage-1
2,177,92.0,170,110,1,1,0,0,1,63,29.365763350250564,1,Stage-2
2,176,89.0,130,80,1,3,0,0,1,62,28.731921487603305,0,Stage-1
2,167,75.0,130,90,1,1,1,1,1,50,26.89232313815483,0,Stage-2
1,153,51.0,120,80,1,1,0,0,1,53,21.78649237472767,1,Stage-1
1,160,65.0,125,80,1,1,0,0,1,55,25.390624999999996,0,Stage-1
1,166,80.0,120,80,2,1,0,0,1,54,29.03178980984178,1,Stage-1
1,158,74.0,110,70,1,1,0,0,1,56,29.642685467072578,1,Normal
2,177,94.0,110,70,1,1,1,0,1,50,30.00414951003862,0,Normal
2,168,52.0,120,80,1,1,0,0,1,58,18.42403628117914,1,Stage-1
1,165,62.0,130,70,1,1,0,0,1,58,22.77318640955005,1,Stage-1
1,152,52.0,130,80,1,1,0,0,0,64,22.506925207756233,1,Stage-1
1,160,80.0,160,90,1,1,0,0,0,58,31.249999999999993,1,Stage-2
2,165,64.0,120,80,1,1,0,0,0,51,23.507805325987146,1,Stage-1
2,164,69.0,130,90,1,1,1,0,0,56,25.654372397382513,1,Stage-2
2,171,72.0,130,90,1,1,1,0,1,52,24.622960911049557,0,Stage-2
1,163,80.0,120,80,1,1,0,0,0,51,30.11027889645828,0,Stage-1
2,178,92.0,170,100,3,3,0,1,1,55,29.036737785633125,1,Stage-2
1,145,55.0,120,60,1,1,0,0,1,63,26.159334126040427,1,Elevated
1,167,70.0,120,80,1,1,0,0,1,44,25.099501595611173,0,Stage-1
1,164,98.0,120,80,3,1,0,0,1,63,36.43664485425343,1,Stage-1
1,160,50.0,90,60,2,1,0,0,1,49,19.531249999999996,0,Normal
2,167,87.0,160,110,3,1,0,1,1,52,31.1950948402596,0,Stage-2
2,175,105.0,150,90,1,1,1,0,1,54,34.285714285714285,0,Stage-2
1,165,104.0,130,70,3,1,1,1,1,43,38.200183654729116,1,Stage-1
1,168,60.0,120,80,1,1,0,0,0,58,21.258503401360546,1,Stage-1
1,159,112.0,130,70,1,2,0,0,0,61,44.302045014042164,0,Stage-1
2,158,63.0,120,80,3,3,1,0,1,44,25.236340330075304,1,Stage-1
1,165,61.0,120,80,1,1,0,0,1,50,22.4058769513315,0,Stage-1
1,158,88.0,120,80,1,1,0,0,1,62,35.250761095978206,1,Stage-1
1,140,77.0,140,90,1,1,0,0,1,52,39.28571428571429,1,Stage-2
1,158,81.0,120,80,1,1,0,0,1,45,32.446723281525394,0,Stage-1
1,167,90.0,130,80,3,1,0,0,1,54,32.2707877657858,1,Stage-1
1,160,87.0,125,80,3,1,0,0,1,56,33.98437499999999,1,Stage-1
1,151,74.0,120,80,2,1,0,0,1,52,32.45471689838165,1,Stage-1
1,156,49.0,110,70,1,1,0,0,1,46,20.134779750164363,0,Normal
1,164,80.0,160,80,1,1,0,0,1,59,29.744199881023206,1,Stage-2
1,154,89.0,120,80,3,3,0,0,1,47,37.52740765727779,1,Stage-1
1,170,90.0,120,80,1,1,0,0,1,48,31.14186851211073,1,Stage-1
1,158,83.0,130,80,1,2,0,0,1,54,33.247876942797625,1,Stage-1
2,178,100.0,120,70,1,1,0,0,1,53,31.561671506122963,0,Elevated
1,154,73.0,130,70,1,1,0,0,0,53,30.78090740428403,1,Stage-1
2,168,98.0,170,100,1,1,0,0,0,45,34.72222222222223,1,Stage-2
1,156,83.0,120,80,1,1,0,0,1,51,34.10585141354372,0,Stage-1
2,170,70.0,120,80,1,1,0,0,0,50,24.221453287197235,0,Stage-1
1,169,64.0,120,80,1,1,0,0,1,50,22.40817898532965,1,Stage-1
2,170,74.0,120,80,1,1,0,0,1,57,25.605536332179934,0,Stage-1
1,180,80.0,120,80,1,1,0,0,1,64,24.691358024691358,1,Stage-1
1,156,68.0,120,70,1,1,0,0,1,53,27.94214332675871,0,Elevated
2,168,66.0,110,70,1,1,1,0,1,59,23.384353741496604,0,Normal
2,169,70.0,120,80,1,1,0,0,1,54,24.508945765204302,0,Stage-1
1,159,75.0,130,90,2,1,0,0,1,55,29.666548000474663,1,Stage-2
2,170,70.0,120,80,1,1,0,0,1,62,24.221453287197235,1,Stage-1
1,154,61.0,100,60,1,1,0,0,0,43,25.72103221453871,0,Normal
1,168,69.0,110,80,1,1,0,0,1,52,24.44727891156463,0,Stage-1
1,165,65.0,120,80,1,3,0,0,0,62,23.875114784205696,1,Stage-1
1,147,55.0,110,70,3,3,0,0,0,55,25.45235781387385,0,Normal
1,165,64.0,100,70,1,1,0,0,1,50,23.507805325987146,0,Normal
1,151,62.0,125,90,1,1,0,0,1,57,27.19178983377922,0,Stage-2
2,166,55.0,150,80,1,1,0,0,1,61,19.959355494266223,1,Stage-2
1,170,65.0,120,80,2,1,0,0,1,48,22.49134948096886,1,Stage-1
1,160,79.0,120,80,2,1,0,0,1,51,30.859374999999993,1,Stage-1
1,165,65.0,120,80,1,1,0,0,1,56,23.875114784205696,0,Stage-1
1,159,62.0,100,70,1,1,0,0,1,52,24.524346347059055,0,Normal
2,168,65.0,120,80,1,1,0,0,1,40,23.030045351473927,0,Stage-1
1,160,72.0,150,100,1,1,0,0,1,46,28.124999999999993,0,Stage-2
1,159,79.0,140,90,1,1,0,0,0,48,31.24876389383331,0,Stage-2
1,156,54.0,120,60,1,1,0,0,1,46,22.189349112426033,1,Elevated
1,164,71.0,120,80,1,2,0,0,1,51,26.397977394408095,0,Stage-1
1,161,70.0,140,80,1,3,0,0,1,55,27.005130974885226,0,Stage-2
2,181,69.0,110,70,1,1,1,0,0,40,21.06162815542871,0,Normal
2,171,81.0,160,90,1,1,0,0,1,56,27.70083102493075,1,Stage-2
1,161,102.0,140,90,3,3,0,0,1,46,39.35033370626133,0,Stage-2
1,157,80.0,120,80,1,1,0,0,1,57,32.45567771512029,0,Stage-1
1,163,63.0,120,80,3,3,0,0,0,51,23.711844630960897,1,Stage-1
2,168,93.0,150,100,1,1,1,0,1,48,32.95068027210885,1,Stage-2
1,159,108.0,120,80,1,3,0,0,1,41,42.719829120683514,0,Stage-1
1,158,58.0,140,90,1,1,0,0,0,45,23.233456176894723,1,Stage-2
2,160,63.0,120,80,1,1,0,0,1,45,24.609374999999996,0,Stage-1
1,164,56.0,110,70,1,1,0,0,1,43,20.820939916716245,0,Normal
1,161,59.0,120,80,1,1,0,0,1,42,22.76146753597469,0,Stage-1
2,179,73.0,120,80,2,1,0,0,1,51,22.783308885490467,1,Stage-1
2,170,72.0,110,80,1,1,1,1,1,51,24.913494809688583,0,Stage-1
1,162,96.0,130,80,3,3,0,0,0,54,36.579789666209415,1,Stage-1
1,149,65.0,120,80,2,1,0,0,0,60,29.27796045223188,0,Stage-1
2,168,70.0,110,70,1,1,0,0,1,45,24.801587301587304,0,Normal
1,173,69.0,170,80,3,1,0,0,0,61,23.054562464499313,1,Stage-2
2,168,65.0,110,70,1,1,0,1,1,42,23.030045351473927,0,Normal
1,170,72.0,120,80,1,1,0,0,1,53,24.913494809688583,1,Stage-1
1,164,77.0,120,100,1,1,0,0,1,51,28.628792385484836,0,Stage-2
1,154,81.0,150,80,2,1,0,0,1,53,34.15415753078091,1,Stage-2
2,173,80.0,170,100,3,1,0,0,1,63,26.729927495071667,1,Stage-2
1,165,65.0,120,80,1,1,0,0,1,48,23.875114784205696,0,Stage-1
1,172,68.0,120,60,1,1,0,1,1,56,22.985397512168742,1,Elevated
1,168,70.0,130,90,3,1,0,0,1,53,24.801587301587304,1,Stage-2
2,181,85.0,140,90,3,1,0,0,1,61,25.94548395958609,0,Stage-2
2,162,71.0,150,90,1,2,0,0,1,53,27.053802773967377,1,Stage-2
1,155,44.0,90,70,1,1,0,0,1,56,18.314255983350673,0,Normal
2,162,70.0,140,80,2,2,0,0,1,59,26.672763298277697,0,Stage-2
1,154,67.0,140,90,1,2,0,0,1,59,28.25096980941137,0,Stage-2
1,170,78.0,120,80,2,2,0,0,0,52,26.989619377162633,1,Stage-1
1,160,90.0,120,75,1,1,0,0,0,57,35.15624999999999,0,Elevated
2,166,93.0,120,80,1,1,0,0,1,45,33.74945565394107,0,Stage-1
1,151,43.0,100,60,1,1,0,0,1,43,18.85882198149204,0,Normal
2,171,73.0,120,80,1,1,0,0,1,48,24.96494647925858,1,Stage-1
1,170,65.0,120,80,1,1,0,0,1,51,22.49134948096886,1,Stage-1
2,170,74.0,120,80,1,1,0,0,0,45,25.605536332179934,1,Stage-1
1,163,59.0,125,75,2,1,0,0,1,54,22.20633068613798,0,Elevated
2,166,83.0,120,80,2,2,1,0,1,49,30.120481927710845,1,Stage-1
2,178,71.0,130,90,1,1,1,1,1,57,22.408786769347305,1,Stage-2
1,160,120.0,140,110,1,1,0,0,1,56,46.87499999999999,1,Stage-2
2,170,85.0,160,110,3,2,1,0,1,53,29.411764705882355,1,Stage-2
2,174,74.0,120,80,1,1,0,0,1,62,24.441802087462015,1,Stage-1
1,160,66.0,140,80,1,1,0,0,0,59,25.781249999999996,1,Stage-2
2,168,70.0,120,80,1,1,0,0,1,46,24.801587301587304,1,Stage-1
2,170,79.0,120,80,1,1,0,0,0,40,27.33564013840831,0,Stage-1
1,160,60.0,110,70,1,1,0,0,1,57,23.437499999999996,0,Normal
1,166,64.0,120,80,1,1,0,0,1,56,23.225431847873423,0,Stage-1
2,162,73.0,130,80,1,1,0,0,0,59,27.815881725346742,1,Stage-1
1,158,77.0,140,90,2,3,0,0,1,59,30.844415958980928,0,Stage-2
1,158,62.0,120,80,1,3,0,0,1,51,24.83576349943919,1,Stage-1
2,173,80.0,140,90,3,2,1,1,1,61,26.729927495071667,1,Stage-2
1,160,54.0,110,70,1,1,0,0,1,53,21.093749999999996,0,Normal
2,172,74.0,120,80,1,1,0,0,1,40,25.013520822065985,0,Stage-1
1,156,76.0,130,80,1,1,0,0,1,45,31.22945430637738,1,Stage-1
1,165,72.0,150,80,1,1,0,0,0,39,26.44628099173554,1,Stage-2
1,157,89.0,120,80,1,1,0,0,1,50,36.10694145807132,0,Stage-1
2,160,75.0,130,80,1,3,0,0,1,44,29.296874999999993,0,Stage-1
2,173,68.0,110,70,1,1,1,0,1,53,22.720438370810918,0,Normal
1,159,84.0,150,90,1,1,0,0,0,47,33.22653376053162,1,Stage-2
2,158,79.0,150,100,1,1,0,0,1,62,31.64556962025316,1,Stage-2
1,162,76.0,120,80,1,1,0,0,1,48,28.959000152415786,0,Stage-1
1,151,109.0,140,90,1,1,0,0,1,54,47.8049208368054,1,Stage-2
1,164,57.0,120,80,1,1,0,0,1,39,21.192742415229034,1,Stage-1
1,160,78.0,120,80,1,1,0,0,1,43,30.468749999999993,0,Stage-1
2,164,79.0,120,80,1,1,0,0,1,59,29.372397382510414,0,Stage-1
1,170,69.0,120,80,1,1,0,0,1,59,23.87543252595156,1,Stage-1
1,169,68.0,120,80,1,1,0,0,1,55,23.80869017191275,0,Stage-1
2,165,65.0,120,80,1,1,0,0,1,50,23.875114784205696,0,Stage-1
1,160,67.0,150,90,1,1,1,0,1,64,26.171874999999996,0,Stage-2
2,170,80.0,120,80,1,1,0,0,1,54,27.68166089965398,0,Stage-1
1,150,58.0,140,90,1,2,0,0,1,58,25.77777777777778,0,Stage-2
1,163,92.0,120,80,1,1,0,0,0,57,34.62682073092702,1,Stage-1
1,158,83.0,150,80,1,3,0,0,1,56,33.247876942797625,1,Stage-2
2,168,78.0,140,90,1,1,0,0,1,54,27.636054421768712,1,Stage-2
1,167,77.0,110,80,1,1,0,0,1,49,27.60945175517229,0,Stage-1
1,172,93.0,130,80,1,1,0,0,1,51,31.435911303407252,0,Stage-1
1,164,75.0,140,90,1,1,0,0,0,57,27.885187388459254,1,Stage-2
1,159,71.0,140,90,1,1,0,0,1,57,28.084332107116012,1,Stage-2
1,151,92.0,140,80,1,1,0,0,1,58,40.349107495285295,1,Stage-2
1,160,111.0,120,80,1,1,0,0,0,50,43.35937499999999,1,Stage-1
1,160,65.0,110,70,2,2,0,0,1,53,25.390624999999996,1,Normal
1,156,59.0,120,80,1,1,0,0,1,42,24.243918474687703,0,Stage-1
1,163,65.0,120,80,2,2,0,0,1,44,24.46460160337235,1,Stage-1
2,174,80.0,120,80,1,1,0,0,1,39,26.42356982428326,1,Stage-1
1,155,65.0,150,80,2,1,0,0,1,58,27.055150884495315,1,Stage-2
2,173,79.0,130,90,1,1,0,0,0,47,26.395803401383272,1,Stage-2
1,151,51.0,130,80,1,1,0,0,0,59,22.367440024560327,1,Stage-1
2,160,60.0,120,80,1,1,0,0,1,56,23.437499999999996,0,Stage-1
1,163,66.0,130,80,3,1,0,0,1,59,24.840980089578082,1,Stage-1
1,156,90.0,130,80,1,1,0,0,1,61,36.98224852071006,1,Stage-1
1,157,76.0,160,100,1,1,0,0,1,49,30.832893829364274,1,Stage-2
1,165,64.0,110,70,1,1,0,0,0,45,23.507805325987146,0,Normal
1,145,52.0,120,80,2,1,0,0,1,39,24.732461355529132,0,Stage-1
1,163,83.0,150,90,1,1,0,0,1,59,31.239414355075468,1,Stage-2
1,151,92.0,130,90,1,1,0,0,0,63,40.349107495285295,1,Stage-2
1,163,65.0,120,80,2,1,0,0,1,49,24.46460160337235,0,Stage-1
2,170,75.0,120,80,1,1,0,0,1,42,25.95155709342561,0,Stage-1
2,180,75.0,120,80,1,1,0,0,1,54,23.148148148148145,1,Stage-1
1,149,83.0,140,90,3,1,0,0,1,57,37.3857033466961,1,Stage-2
2,176,94.0,200,110,1,1,0,0,1,49,30.34607438016529,1,Stage-2
1,153,58.0,130,90,1,1,1,0,1,58,24.77679524969029,0,Stage-2
2,170,72.0,130,90,1,1,1,0,1,46,24.913494809688583,1,Stage-2
1,159,84.0,100,70,1,1,0,0,1,63,33.22653376053162,1,Normal
1,158,80.0,140,90,3,3,0,0,1,56,32.046146450889275,1,Stage-2
1,156,52.0,90,60,2,1,0,0,1,48,21.367521367521366,0,Normal
2,159,62.0,120,80,2,1,0,0,1,60,24.524346347059055,1,Stage-1
1,169,75.0,120,70,1,1,0,0,1,52,26.25958474843318,0,Elevated
1,154,62.0,100,60,1,1,0,0,1,42,26.14268848035082,0,Normal
1,159,69.0,130,90,1,1,0,0,1,57,27.29322416043669,1,Stage-2
1,160,65.0,120,80,1,1,0,0,1,50,25.390624999999996,0,Stage-1
1,167,103.0,160,100,3,3,0,0,0,60,36.9321237763993,0,Stage-2
1,147,61.0,110,70,1,1,0,0,1,64,28.228978666296452,0,Normal
2,163,70.0,130,80,1,1,0,0,1,55,26.346494034400994,0,Stage-1
2,177,86.0,120,80,1,1,1,0,0,55,27.450604870886398,1,Stage-1
1,175,85.0,110,70,1,1,0,0,1,54,27.755102040816325,0,Normal
1,169,75.0,120,80,1,2,0,0,1,61,26.25958474843318,1,Stage-1
1,158,48.0,100,70,1,1,0,0,0,45,19.227687870533565,0,Normal
1,160,62.0,120,80,1,3,0,0,1,49,24.218749999999996,1,Stage-1
1,170,69.0,140,90,3,1,0,0,1,61,23.87543252595156,1,Stage-2
2,176,106.0,110,80,3,1,0,1,1,55,34.22004132231405,1,Stage-1
2,168,85.0,140,100,3,3,0,0,1,59,30.116213151927443,1,Stage-2
1,161,81.0,140,90,1,2,0,0,1,45,31.24879441379576,1,Stage-2
2,160,70.0,120,80,1,1,0,0,0,40,27.343749999999996,1,Stage-1
1,170,80.0,130,80,1,1,0,0,1,49,27.68166089965398,1,Stage-1
1,170,90.0,120,80,1,1,0,0,0,58,31.14186851211073,0,Stage-1
1,162,72.0,112,65,1,1,0,0,1,49,27.43484224965706,0,Normal
1,159,61.0,120,80,1,1,0,0,0,41,24.128792373719392,0,Stage-1
2,174,80.0,120,80,1,1,0,0,1,53,26.42356982428326,0,Stage-1
1,158,56.0,110,80,1,2,0,0,1,43,22.432302515622492,0,Stage-1
1,165,65.0,120,80,1,1,0,0,1,59,23.875114784205696,0,Stage-1
2,167,75.0,130,90,1,1,0,0,1,44,26.89232313815483,0,Stage-2
1,165,61.0,110,70,1,1,0,0,1,60,22.4058769513315,0,Normal
1,170,68.0,130,90,2,2,0,0,0,48,23.529411764705884,1,Stage-2
1,159,60.0,110,80,1,1,0,0,1,56,23.73323840037973,0,Stage-1
1,165,68.0,125,80,2,1,0,0,1,64,24.977043158861342,1,Stage-1
2,173,67.0,120,70,1,1,0,0,1,48,22.386314277122523,0,Elevated
1,156,72.0,130,70,1,1,0,0,1,55,29.585798816568044,0,Stage-1
1,153,65.0,140,90,1,1,0,0,1,55,27.76709812465291,0,Stage-2
1,176,74.0,120,80,1,1,0,0,1,60,23.889462809917354,1,Stage-1
1,146,49.0,140,90,3,1,0,0,1,64,22.987427284668797,1,Stage-2
1,158,80.0,150,70,3,3,0,0,1,58,32.046146450889275,1,Stage-2
2,161,69.0,120,80,1,1,0,0,1,51,26.61934338952972,0,Stage-1
1,151,67.0,100,70,1,1,0,0,1,42,29.384676110696898,0,Normal
1,168,60.0,120,80,1,1,0,0,0,58,21.258503401360546,0,Stage-1
1,164,77.0,120,80,3,1,0,0,1,61,28.628792385484836,1,Stage-1
1,154,79.0,110,80,1,1,0,0,0,59,33.310844999156686,0,Stage-1
1,153,59.0,136,92,1,1,0,0,0,44,25.20398137468495,1,Stage-2
2,161,63.0,150,90,1,1,1,1,1,62,24.3046178773967,1,Stage-2
1,158,61.0,110,70,2,1,0,0,0,46,24.435186668803073,0,Normal
2,165,60.0,120,80,1,1,0,0,1,53,22.03856749311295,0,Stage-1
1,165,75.0,130,90,1,1,0,0,0,49,27.548209366391188,1,Stage-2
1,156,63.0,120,80,1,1,0,0,1,51,25.88757396449704,1,Stage-1
2,181,72.0,120,80,1,1,0,0,1,45,21.97735111870822,1,Stage-1
1,168,67.0,120,80,3,3,0,0,1,56,23.738662131519277,0,Stage-1
2,170,64.0,110,80,1,1,0,0,1,48,22.145328719723185,1,Stage-1
2,174,95.0,130,90,3,1,1,0,0,52,31.37798916633637,0,Stage-2
1,158,87.0,150,90,1,1,0,0,1,53,34.85018426534209,1,Stage-2
2,185,111.0,140,90,2,2,1,1,0,46,32.43243243243243,1,Stage-2
2,176,63.0,110,70,1,1,1,1,1,48,20.33832644628099,0,Normal
1,150,58.0,90,60,1,1,0,0,1,56,25.77777777777778,0,Normal
1,165,77.0,110,70,1,1,0,0,0,47,28.282828282828287,0,Normal
2,170,94.0,120,80,3,1,0,0,1,54,32.52595155709343,0,Stage-1
2,152,74.0,120,80,1,1,0,0,1,63,32.029085872576175,0,Stage-1
1,164,87.0,120,80,1,1,0,0,1,64,32.34681737061273,1,Stage-1
1,163,62.0,120,80,1,1,0,0,0,49,23.335466144755166,0,Stage-1
1,169,64.0,100,70,1,1,0,0,1,39,22.40817898532965,0,Normal
1,152,76.0,110,70,2,1,0,0,1,62,32.89473684210526,1,Normal
1,156,60.0,120,80,3,3,0,0,1,55,24.654832347140037,1,Stage-1
1,165,62.0,110,60,1,1,0,0,1,46,22.77318640955005,1,Normal
1,163,75.0,140,90,1,1,0,0,1,52,28.228386465429637,1,Stage-2
2,171,85.0,140,90,1,1,0,0,1,51,29.06877329776684,1,Stage-2
1,149,75.0,130,90,3,3,0,0,1,64,33.782262060267556,1,Stage-2
1,165,60.0,120,80,1,1,0,0,0,56,22.03856749311295,0,Stage-1
2,169,74.0,120,80,1,1,0,0,1,45,25.909456951787405,1,Stage-1
2,175,72.0,110,80,1,1,0,0,1,39,23.510204081632654,0,Stage-1
1,165,67.0,120,80,3,3,0,0,1,63,24.609733700642796,1,Stage-1
1,166,85.0,160,90,1,1,0,0,1,64,30.84627667295689,1,Stage-2
1,160,80.0,120,80,1,1,1,0,1,44,31.249999999999993,0,Stage-1
2,182,67.0,145,90,2,1,0,0,1,45,20.227025721531216,0,Stage-2
1,157,51.0,110,70,2,1,0,0,1,55,20.690494543389182,0,Normal
1,156,78.0,120,80,1,1,0,0,0,58,32.05128205128205,0,Stage-1
1,155,82.0,141,90,1,1,0,0,1,59,34.131113423517164,1,Stage-2
2,165,62.0,110,80,1,1,0,0,1,43,22.77318640955005,0,Stage-1
2,168,58.0,110,80,1,1,0,0,1,41,20.549886621315196,1,Stage-1
1,166,67.0,110,80,1,1,0,0,1,53,24.31412396574249,0,Stage-1
1,151,75.0,130,90,3,1,0,0,1,58,32.89329415376518,1,Stage-2
2,185,74.0,120,80,1,1,0,0,1,39,21.62162162162162,0,Stage-1
1,168,72.0,120,90,1,1,0,0,1,58,25.510204081632658,0,Stage-2
2,179,79.0,120,80,1,1,0,0,1,58,24.65590961580475,0,Stage-1
1,157,90.0,110,80,1,1,0,0,1,59,36.51263742951032,1,Stage-1
1,163,68.0,120,80,3,1,0,0,1,64,25.59373706198954,1,Stage-1
2,160,77.0,110,70,1,1,1,1,1,39,30.078124999999993,0,Normal
1,156,69.0,140,80,3,1,0,0,1,63,28.353057199211044,1,Stage-2
2,177,100.0,120,80,1,1,0,0,1,47,31.91930798940279,0,Stage-1
2,170,69.0,150,100,1,1,0,0,1,55,23.87543252595156,1,Stage-2
1,157,88.0,140,85,1,1,0,0,1,58,35.70124548663232,0,Stage-2
1,165,64.0,130,80,3,3,0,0,1,58,23.507805325987146,1,Stage-1
2,190,103.0,120,80,1,1,0,0,1,52,28.531855955678672,0,Stage-1
1,160,59.0,120,80,2,1,0,0,1,40,23.046874999999996,1,Stage-1
1,163,67.0,120,70,1,1,0,0,0,56,25.21735857578381,0,Elevated
1,165,66.0,120,80,1,1,0,0,1,40,24.242424242424246,0,Stage-1
1,160,62.0,120,80,1,1,0,0,1,53,24.218749999999996,0,Stage-1
2,158,74.0,140,80,3,3,0,0,1,63,29.642685467072578,1,Stage-2
2,174,87.0,150,100,2,1,0,0,1,57,28.735632183908045,1,Stage-2
2,169,69.0,120,80,3,3,0,0,1,42,24.158817968558527,0,Stage-1
1,151,73.0,120,80,1,1,0,0,1,46,32.01613964299811,0,Stage-1
2,185,80.0,130,70,1,1,0,0,1,50,23.37472607742878,0,Stage-1
2,175,110.0,140,100,1,1,0,0,0,39,35.91836734693877,1,Stage-2
1,157,84.0,125,85,3,3,0,0,0,47,34.0784616008763,0,Stage-1
1,176,88.0,120,80,3,3,0,0,1,62,28.40909090909091,1,Stage-1
1,174,73.0,160,80,1,1,0,0,1,60,24.111507464658473,1,Stage-2
1,160,67.0,120,80,1,1,0,0,0,50,26.171874999999996,1,Stage-1
1,155,58.0,130,80,1,1,0,0,1,49,24.141519250780433,0,Stage-1
1,157,69.0,130,80,2,1,0,0,1,57,27.993022029291247,1,Stage-1
2,173,90.0,100,70,1,2,1,1,1,46,30.071168431955627,1,Normal
1,154,87.0,130,100,1,1,0,0,1,45,36.68409512565357,1,Stage-2
2,170,94.0,130,80,1,1,0,0,0,47,32.52595155709343,1,Stage-1
1,161,69.0,100,80,1,1,0,0,1,49,26.61934338952972,0,Stage-1
2,165,70.0,120,80,1,1,1,0,1,62,25.71166207529844,0,Stage-1
1,152,61.0,120,80,1,1,0,0,1,40,26.40235457063712,0,Stage-1
1,164,93.0,110,70,2,2,0,0,0,41,34.577632361689474,1,Normal
2,170,67.0,110,70,1,3,0,0,1,47,23.18339100346021,0,Normal
1,170,80.0,120,70,1,1,0,0,1,56,27.68166089965398,1,Elevated
1,151,59.0,120,80,1,1,0,0,1,59,25.876058067628612,0,Stage-1
1,164,80.0,130,70,1,1,0,0,1,53,29.744199881023206,1,Stage-1
2,168,80.0,140,80,1,1,0,0,0,59,28.344671201814062,0,Stage-2
1,159,59.0,120,80,1,3,0,0,0,60,23.337684427040067,1,Stage-1
1,163,100.0,140,90,3,3,0,0,1,45,37.63784862057285,0,Stage-2
1,168,69.0,120,80,2,2,0,0,0,59,24.44727891156463,0,Stage-1
1,165,65.0,130,80,1,2,0,0,0,52,23.875114784205696,1,Stage-1
1,163,105.0,150,90,3,3,0,0,1,59,39.51974105160149,0,Stage-2
1,158,65.0,130,90,1,1,0,0,1,55,26.037493991347535,0,Stage-2
1,155,75.0,110,70,1,1,0,0,1,59,31.217481789802285,1,Normal
1,174,66.0,120,80,1,1,0,0,1,56,21.79944510503369,0,Stage-1
1,169,82.0,100,80,1,1,0,0,1,49,28.71047932495361,0,Stage-1
1,158,110.0,140,80,1,1,0,0,1,59,44.06345136997275,1,Stage-2
1,153,136.0,140,90,2,1,0,0,1,51,58.09731299927378,0,Stage-2
1,164,58.0,90,50,1,1,0,0,1,59,21.564544913741823,0,Normal
1,163,62.0,120,80,3,3,0,0,1,61,23.335466144755166,0,Stage-1
2,173,59.0,90,70,1,1,1,0,1,57,19.713321527615356,0,Normal
1,153,50.0,110,80,1,1,0,0,1,40,21.35930624973301,0,Stage-1
1,170,65.0,110,80,1,1,0,0,0,50,22.49134948096886,0,Stage-1
1,162,77.0,130,80,1,3,0,0,1,49,29.340039628105465,1,Stage-1
1,160,87.0,140,90,3,3,0,0,1,62,33.98437499999999,1,Stage-2
1,154,76.0,100,60,3,1,0,0,0,58,32.04587620172036,0,Normal
2,179,92.0,100,70,3,3,0,0,1,61,28.71321119815237,0,Normal
1,160,70.0,140,80,1,1,0,0,1,49,27.343749999999996,1,Stage-2
1,160,75.0,120,80,1,1,0,0,1,56,29.296874999999993,0,Stage-1
1,175,77.0,120,80,1,1,0,0,0,47,25.142857142857142,0,Stage-1
2,158,60.0,110,80,1,1,0,0,0,40,24.034609838166958,0,Stage-1
1,165,84.0,150,95,1,1,0,0,0,58,30.85399449035813,1,Stage-2
2,175,70.0,120,80,1,1,0,0,1,54,22.857142857142858,1,Stage-1
1,168,74.0,120,80,1,1,0,0,1,48,26.218820861678008,0,Stage-1
1,156,77.0,120,70,2,1,0,0,1,50,31.640368178829714,0,Elevated
2,176,92.0,140,80,3,1,0,0,1,63,29.700413223140497,0,Stage-2
1,145,47.0,110,70,1,1,0,0,0,42,22.35434007134364,0,Normal
2,164,89.0,120,80,1,1,0,0,1,64,33.09042236763832,1,Stage-1
2,173,78.0,120,80,1,1,0,0,0,49,26.061679307694877,0,Stage-1
1,156,80.0,160,90,1,1,0,0,1,51,32.87310979618672,1,Stage-2
1,152,76.0,120,80,2,1,0,0,1,52,32.89473684210526,0,Stage-1
1,160,60.0,110,70,2,1,0,0,1,39,23.437499999999996,0,Normal
2,171,69.0,120,80,1,1,1,0,1,58,23.59700420642249,0,Stage-1
2,179,72.0,120,80,1,1,0,0,0,64,22.47120876377142,1,Stage-1
1,163,59.0,120,80,1,1,0,0,0,56,22.20633068613798,0,Stage-1
1,164,72.0,120,80,1,1,0,0,0,49,26.769779892920884,0,Stage-1
1,170,92.0,120,80,1,2,0,0,1,64,31.83391003460208,1,Stage-1
2,165,55.0,120,80,1,1,0,0,0,56,20.202020202020204,0,Stage-1
1,174,78.0,110,70,2,1,0,0,0,51,25.762980578676178,0,Normal
1,160,88.0,120,80,3,3,0,0,1,55,34.37499999999999,1,Stage-1
1,151,78.0,130,80,1,1,0,0,1,56,34.209025919915796,1,Stage-1
1,156,73.0,160,100,1,1,0,0,0,48,29.996712689020377,1,Stage-2
2,177,95.0,150,90,1,1,0,0,1,59,30.323342589932647,1,Stage-2
1,165,128.0,140,80,1,1,0,0,1,51,47.01561065197429,1,Stage-2
2,170,72.0,120,80,1,3,0,0,1,52,24.913494809688583,0,Stage-1
1,153,63.0,130,80,1,1,0,0,1,55,26.91272587466359,0,Stage-1
1,167,75.0,120,80,1,1,0,0,1,48,26.89232313815483,0,Stage-1
2,170,80.0,120,80,1,1,0,0,0,40,27.68166089965398,0,Stage-1
1,162,71.0,140,80,1,1,0,0,0,55,27.053802773967377,0,Stage-2
2,167,79.0,120,80,1,1,0,0,1,57,28.326580372189753,0,Stage-1
1,160,80.0,110,70,1,1,0,0,1,41,31.249999999999993,0,Normal
1,160,90.0,160,100,1,1,0,0,0,49,35.15624999999999,1,Stage-2
1,165,55.0,110,70,3,3,0,0,1,49,20.202020202020204,0,Normal
2,174,80.0,150,100,1,1,0,0,1,55,26.42356982428326,1,Stage-2
2,184,109.0,125,80,2,3,0,0,1,49,32.19517958412098,0,Stage-1
1,158,63.0,110,70,1,1,0,0,0,51,25.236340330075304,1,Normal
1,138,96.0,120,80,1,1,0,0,1,57,50.40957781978577,1,Stage-1
1,156,60.0,110,70,2,1,0,1,1,58,24.654832347140037,0,Normal
1,158,52.0,110,80,1,1,0,0,1,59,20.82999519307803,1,Stage-1
1,160,62.0,120,80,1,1,0,0,1,55,24.218749999999996,0,Stage-1
1,163,60.0,120,80,1,1,0,0,1,52,22.582709172343712,0,Stage-1
2,163,74.0,140,90,1,1,0,0,1,60,27.85200797922391,1,Stage-2
2,172,84.0,140,70,1,1,0,0,1,64,28.393726338561386,0,Stage-2
2,166,70.0,140,90,3,1,0,0,1,62,25.402816083611555,0,Stage-2
1,161,65.0,130,80,1,1,0,0,1,56,25.076193048107708,0,Stage-1
1,164,73.0,120,80,2,2,0,0,1,40,27.141582391433676,0,Stage-1
1,146,82.0,120,80,1,2,0,0,1,58,38.46875586413962,1,Stage-1
2,172,65.0,110,90,1,1,1,0,1,55,21.971335857220122,1,Stage-2
1,165,60.0,120,80,1,1,0,0,1,53,22.03856749311295,0,Stage-1
1,155,76.0,130,80,3,3,0,0,1,57,31.63371488033298,1,Stage-1
2,163,63.0,120,80,1,1,0,0,0,54,23.711844630960897,0,Stage-1
1,165,60.0,120,80,1,1,0,0,1,44,22.03856749311295,0,Stage-1
1,154,72.0,110,70,1,1,0,0,1,53,30.35925113847192,0,Normal
2,175,69.0,120,80,1,1,0,0,1,41,22.53061224489796,0,Stage-1
1,158,75.0,120,80,1,1,0,0,1,51,30.043262297708697,0,Stage-1
2,166,94.0,130,80,1,1,0,0,1,57,34.11235302656409,1,Stage-1
2,171,65.0,120,80,1,1,0,0,1,50,22.229061933586404,0,Stage-1
1,156,60.0,110,80,1,1,0,0,1,47,24.654832347140037,0,Stage-1
1,147,52.0,150,90,3,1,0,0,1,56,24.06404738766255,1,Stage-2
1,162,66.0,100,70,1,1,0,0,1,46,25.14860539551897,0,Normal
1,164,75.0,120,80,1,1,0,0,1,46,27.885187388459254,1,Stage-1
2,173,83.0,150,100,3,3,1,0,1,54,27.732299776136855,1,Stage-2
1,171,80.0,110,70,1,1,0,0,1,53,27.358845456721728,0,Normal
2,170,94.0,120,80,1,3,0,0,1,41,32.52595155709343,1,Stage-1
1,158,70.0,120,80,1,1,0,0,1,61,28.040378144528116,1,Stage-1
1,158,71.0,120,80,1,1,0,0,0,58,28.44095497516423,1,Stage-1
1,151,78.0,140,80,1,1,0,0,1,52,34.209025919915796,1,Stage-2
1,154,82.0,120,70,1,1,0,0,1,51,34.57581379659302,1,Elevated
2,173,71.0,110,70,1,1,0,0,1,52,23.722810651876106,1,Normal
2,170,75.0,130,90,1,2,0,0,1,42,25.95155709342561,1,Stage-2
1,170,69.0,120,80,1,1,0,0,1,50,23.87543252595156,0,Stage-1
1,153,63.0,100,80,2,1,0,0,1,43,26.91272587466359,0,Stage-1
1,160,81.0,130,80,1,1,0,0,0,51,31.640624999999993,1,Stage-1
1,165,80.0,120,80,1,1,0,0,1,57,29.384756657483933,0,Stage-1
2,159,80.0,180,100,1,1,0,0,1,57,31.644317867172973,0,Stage-2
2,175,101.0,160,90,1,1,1,1,1,56,32.97959183673469,0,Stage-2
1,161,92.0,140,90,2,1,0,0,0,57,35.492457852706295,0,Stage-2
2,167,75.0,130,80,1,1,1,0,1,57,26.89232313815483,1,Stage-1
1,161,80.0,120,80,1,1,0,0,1,52,30.86300682844026,0,Stage-1
1,164,70.0,100,70,2,3,0,0,1,40,26.026174895895306,0,Normal
2,184,86.0,180,100,3,3,0,1,1,62,25.401701323251416,1,Stage-2
2,164,49.0,100,70,1,1,0,0,1,52,18.218322427126715,0,Normal
2,171,73.0,120,80,1,1,0,0,1,48,24.96494647925858,0,Stage-1
1,166,63.0,115,70,2,1,0,0,1,45,22.8625344752504,0,Normal
1,161,87.0,120,80,1,1,0,0,1,58,33.56351992592878,1,Stage-1
1,155,78.0,150,90,1,1,1,0,1,56,32.46618106139438,1,Stage-2
1,162,67.0,140,80,2,1,0,0,1,49,25.529644871208653,1,Stage-2
1,149,50.0,120,80,2,2,0,0,0,45,22.52150804017837,0,Stage-1
1,165,65.0,120,79,1,1,0,0,0,59,23.875114784205696,0,Elevated
2,175,59.0,110,70,2,1,1,0,1,41,19.26530612244898,0,Normal
1,157,62.0,120,80,1,1,0,0,1,44,25.153150229218223,0,Stage-1
1,159,78.0,120,80,2,1,0,0,1,42,30.853209920493647,1,Stage-1
2,161,55.0,120,90,1,1,0,0,1,60,21.218317194552675,0,Stage-2
1,177,81.0,120,63,1,1,0,0,1,45,25.854639471416256,0,Elevated
1,157,110.0,140,80,1,1,0,0,1,40,44.62655685829039,1,Stage-2
2,165,85.0,120,80,1,1,0,0,0,60,31.22130394857668,1,Stage-1
1,160,82.0,130,90,1,1,0,0,1,48,32.03124999999999,0,Stage-2
1,150,81.0,110,60,1,1,0,0,1,58,36.0,0,Normal
1,167,64.0,120,80,1,1,0,0,1,39,22.948115744558788,0,Stage-1
1,168,71.0,170,100,3,3,0,0,0,59,25.15589569160998,1,Stage-2
1,155,54.0,120,80,1,1,0,0,1,58,22.476586888657646,1,Stage-1
2,178,78.0,120,80,1,1,0,0,1,40,24.61810377477591,0,Stage-1
1,158,69.0,120,80,1,1,0,0,1,60,27.639801313892,0,Stage-1
1,155,60.0,160,100,1,1,0,0,1,45,24.97398543184183,1,Stage-2
1,165,63.0,130,90,1,1,0,0,1,47,23.140495867768596,0,Stage-2
1,158,78.0,140,90,1,1,0,0,0,59,31.244992789617044,1,Stage-2
1,177,69.0,120,80,1,1,0,0,0,58,22.024322512687924,1,Stage-1
2,160,67.0,160,90,1,1,0,0,0,47,26.171874999999996,1,Stage-2
1,164,50.0,120,80,1,1,1,0,0,54,18.590124925639504,0,Stage-1
1,178,75.0,130,80,1,1,0,0,1,50,23.671253629592222,0,Stage-1
1,157,102.0,140,100,1,1,0,0,1,53,41.380989086778364,0,Stage-2
2,174,64.0,120,80,1,1,0,0,0,40,21.13885585942661,0,Stage-1
2,178,82.0,120,80,1,1,0,0,0,47,25.88057063502083,1,Stage-1
2,172,84.0,137,91,1,1,1,1,1,59,28.393726338561386,0,Stage-2
1,165,90.0,120,80,3,3,0,0,0,58,33.057851239669425,1,Stage-1
1,168,120.0,170,100,1,1,0,0,0,46,42.51700680272109,1,Stage-2
2,168,88.0,120,80,3,1,0,0,1,63,31.17913832199547,1,Stage-1
2,168,72.0,120,80,1,1,0,0,1,55,25.510204081632658,0,Stage-1
2,176,100.0,130,80,1,1,0,0,1,60,32.28305785123967,0,Stage-1
1,153,59.0,120,80,1,1,0,0,1,40,25.20398137468495,0,Stage-1
1,170,65.0,120,80,1,1,0,0,1,50,22.49134948096886,1,Stage-1
2,170,93.0,100,65,3,1,0,0,1,59,32.17993079584775,0,Normal
1,163,59.0,90,60,1,1,0,0,1,52,22.20633068613798,0,Normal
1,154,69.0,150,100,2,1,1,0,1,63,29.094282341035587,1,Stage-2
1,150,76.0,110,70,1,1,0,0,0,47,33.77777777777778,0,Normal
1,159,77.0,140,90,3,1,0,0,0,53,30.457655947153988,1,Stage-2
1,170,78.0,120,80,1,1,0,0,1,44,26.989619377162633,1,Stage-1
2,166,79.0,120,80,1,1,0,0,1,43,28.668892437218755,0,Stage-1
2,172,83.0,140,90,1,1,0,0,1,59,28.055705786911847,1,Stage-2
1,162,70.0,140,80,2,1,0,0,1,59,26.672763298277697,1,Stage-2
1,151,49.0,110,80,1,1,0,0,1,40,21.490285513793253,0,Stage-1
1,166,72.1,130,90,2,1,0,0,1,60,26.1649005661199,1,Stage-2
2,167,58.0,150,90,1,1,0,0,1,58,20.796729893506402,1,Stage-2
1,158,60.0,160,100,2,1,0,0,1,54,24.034609838166958,1,Stage-2
2,170,59.0,120,80,2,2,0,0,0,40,20.41522491349481,0,Stage-1
1,147,57.0,130,90,2,1,0,0,1,55,26.377898098014718,1,Stage-2
1,169,71.0,120,80,1,1,0,0,1,63,24.859073561850078,1,Stage-1
1,158,89.0,140,90,3,1,0,0,1,58,35.65133792661432,1,Stage-2
1,167,65.0,140,80,1,1,0,0,1,39,23.306680053067517,1,Stage-2
2,167,74.0,120,80,1,1,0,0,1,46,26.533758829646096,1,Stage-1
1,167,107.0,160,80,2,2,0,0,1,63,38.366381010434225,1,Stage-2
2,187,96.0,120,80,1,1,0,0,1,62,27.45288684263204,1,Stage-1
2,175,83.0,120,80,1,1,0,0,1,57,27.102040816326532,0,Stage-1
1,167,87.0,140,80,3,1,0,0,1,52,31.1950948402596,1,Stage-2
2,182,79.0,130,80,1,1,0,0,1,58,23.849776597029344,0,Stage-1
2,177,107.0,150,100,2,1,0,1,1,49,34.15365954866098,1,Stage-2
2,179,109.0,140,100,3,3,0,0,0,51,34.01891326737618,0,Stage-2
1,159,66.0,110,70,2,2,0,0,1,50,26.106562240417702,0,Normal
2,170,65.0,120,80,1,1,0,0,1,51,22.49134948096886,0,Stage-1
2,190,87.0,120,80,1,1,0,0,1,51,24.099722991689752,1,Stage-1
1,160,60.0,160,70,1,1,0,0,1,61,23.437499999999996,1,Stage-2
1,170,60.0,90,60,1,1,0,0,1,39,20.761245674740486,0,Normal
1,153,104.0,200,120,3,1,0,0,0,57,44.42735699944466,1,Stage-2
1,158,67.0,110,90,1,1,0,0,0,42,26.83864765261977,0,Stage-2
2,173,81.0,130,80,1,1,0,0,1,59,27.064051588760066,0,Stage-1
1,169,71.0,120,80,1,1,0,0,1,55,24.859073561850078,0,Stage-1
1,157,65.0,110,80,2,1,0,0,1,54,26.370238143535232,0,Stage-1
2,170,80.0,120,80,1,1,0,0,1,48,27.68166089965398,0,Stage-1
1,156,73.0,130,70,1,1,0,0,1,53,29.996712689020377,1,Stage-1
2,166,68.0,120,80,1,1,0,0,1,60,24.677021338365513,1,Stage-1
2,165,70.0,130,90,1,1,0,0,1,64,25.71166207529844,1,Stage-2
1,154,61.0,95,60,1,1,0,0,1,51,25.72103221453871,0,Normal
1,162,64.0,110,70,1,1,0,0,1,40,24.38652644413961,0,Normal
1,161,71.0,110,70,1,1,0,0,1,51,27.390918560240728,0,Normal
1,160,81.0,120,80,3,1,0,0,1,39,31.640624999999993,1,Stage-1
1,160,78.0,110,70,1,1,0,0,1,48,30.468749999999993,1,Normal
1,167,57.0,120,70,1,1,0,0,1,59,20.43816558499767,0,Elevated
2,175,85.0,130,90,2,1,0,1,1,55,27.755102040816325,1,Stage-2
2,160,60.0,120,80,1,1,0,0,1,58,23.437499999999996,0,Stage-1
2,165,88.0,120,80,2,1,0,0,0,47,32.323232323232325,1,Stage-1
2,170,98.0,140,80,2,1,0,0,1,61,33.91003460207613,1,Stage-2
1,165,63.0,120,60,1,1,0,0,1,41,23.140495867768596,0,Elevated
1,156,57.0,120,80,1,1,0,0,1,45,23.422090729783037,0,Stage-1
1,156,78.0,130,80,3,3,0,0,1,53,32.05128205128205,1,Stage-1
1,159,66.0,105,65,1,1,0,0,1,56,26.106562240417702,0,Normal
1,156,70.0,120,80,1,1,0,0,0,54,28.763971071663377,0,Stage-1
2,185,80.0,120,70,1,1,0,0,1,53,23.37472607742878,0,Elevated
1,153,95.0,120,80,2,1,0,0,1,53,40.582681874492714,1,Stage-1
1,171,68.0,120,80,1,1,0,0,1,58,23.25501863821347,0,Stage-1
1,165,68.0,110,70,1,1,0,0,1,60,24.977043158861342,0,Normal
2,170,69.0,120,80,1,1,0,0,0,54,23.87543252595156,1,Stage-1
2,172,100.0,120,80,1,1,0,0,1,59,33.802055164954034,1,Stage-1
2,168,80.0,150,90,1,1,0,0,1,57,28.344671201814062,0,Stage-2
2,170,70.0,110,70,2,1,0,0,1,53,24.221453287197235,1,Normal
1,169,93.0,120,80,1,1,0,0,1,48,32.561885088057146,0,Stage-1
1,150,68.0,120,80,2,1,0,0,1,60,30.22222222222222,0,Stage-1
1,161,72.0,120,80,1,1,0,0,1,45,27.776706145596233,0,Stage-1
1,157,62.0,90,60,1,1,0,0,1,53,25.153150229218223,0,Normal
2,179,96.0,120,80,3,1,0,0,1,63,29.961611685028558,1,Stage-1
1,155,59.0,130,80,1,2,0,0,0,49,24.55775234131113,0,Stage-1
1,172,76.0,140,100,2,1,0,0,1,53,25.689561925365066,1,Stage-2
1,165,63.0,120,80,1,1,0,0,1,54,23.140495867768596,1,Stage-1
2,162,60.0,90,60,2,1,1,0,1,51,22.86236854138088,0,Normal
2,175,81.0,120,80,1,1,1,0,1,44,26.448979591836736,0,Stage-1
2,170,72.0,120,80,1,3,0,0,1,49,24.913494809688583,0,Stage-1
1,152,64.0,110,80,1,1,0,0,0,63,27.700831024930746,1,Stage-1
1,163,102.0,130,90,1,1,0,0,1,53,38.39060559298431,1,Stage-2
2,160,62.0,120,80,1,1,0,0,1,57,24.218749999999996,0,Stage-1
1,157,69.0,120,80,1,1,0,1,1,43,27.993022029291247,1,Stage-1
1,156,63.0,140,80,2,2,0,0,0,57,25.88757396449704,1,Stage-2
2,165,68.0,140,90,1,1,1,0,0,49,24.977043158861342,1,Stage-2
2,166,78.0,140,90,2,2,0,0,1,58,28.305995064595734,0,Stage-2
1,161,71.0,150,90,2,1,0,0,1,63,27.390918560240728,1,Stage-2
1,170,66.0,120,80,1,1,0,0,1,54,22.837370242214536,1,Stage-1
2,169,75.0,120,80,1,1,1,1,1,61,26.25958474843318,0,Stage-1
2,168,71.0,120,80,1,1,0,0,0,40,25.15589569160998,0,Stage-1
2,170,74.0,110,80,1,1,1,0,1,53,25.605536332179934,0,Stage-1
2,159,65.0,120,80,1,1,0,0,1,56,25.71100826707804,0,Stage-1
2,154,55.0,110,70,1,1,0,0,0,44,23.19109461966605,0,Normal
2,165,62.0,120,80,1,1,0,0,1,63,22.77318640955005,0,Stage-1
2,164,76.0,130,80,1,1,1,1,1,40,28.256989886972047,0,Stage-1
2,172,77.0,150,100,1,3,0,0,1,57,26.027582477014604,0,Stage-2
2,166,105.0,170,100,2,1,0,0,1,58,38.10422412541733,1,Stage-2
1,179,90.0,140,90,1,1,0,0,1,64,28.089010954714272,1,Stage-2
1,162,96.0,130,80,2,2,0,0,1,60,36.579789666209415,0,Stage-1
1,163,67.0,140,90,1,1,0,0,1,59,25.21735857578381,1,Stage-2
1,165,62.0,120,80,1,1,0,0,1,55,22.77318640955005,0,Stage-1
1,162,61.0,130,80,1,1,0,0,1,57,23.243408017070564,1,Stage-1
1,160,89.0,120,80,1,1,0,0,1,42,34.76562499999999,0,Stage-1
1,158,47.0,100,60,1,1,0,0,1,42,18.82711103989745,0,Normal
2,166,56.0,110,70,1,1,0,0,1,53,20.322252866889244,0,Normal
1,156,64.0,110,70,1,1,0,0,1,47,26.298487836949374,0,Normal
1,172,75.0,130,90,1,3,0,0,1,57,25.351541373715524,1,Stage-2
2,174,60.0,120,80,1,1,0,0,0,40,19.817677368212443,0,Stage-1
1,157,79.0,120,80,1,1,0,0,1,64,32.049981743681286,1,Stage-1
2,183,98.0,130,80,1,1,1,0,1,54,29.26334020126011,1,Stage-1
2,166,65.0,120,80,1,1,0,0,1,42,23.588329220496444,0,Stage-1
1,161,90.0,110,70,1,1,0,0,1,55,34.72088268199529,0,Normal
1,154,68.0,130,90,3,3,0,0,1,60,28.67262607522348,1,Stage-2
2,174,84.0,100,70,1,1,1,0,1,40,27.74474831549742,0,Normal
1,166,91.0,140,100,2,1,0,0,1,41,33.02366090869502,1,Stage-2
2,182,68.0,120,70,1,1,0,0,0,48,20.528921627822726,0,Elevated
2,162,62.0,120,80,1,1,0,0,1,39,23.624447492760247,0,Stage-1
2,174,81.0,140,90,3,3,0,0,0,57,26.7538644470868,1,Stage-2
1,171,74.0,120,80,1,1,0,0,1,64,25.3069320474676,0,Stage-1
1,177,78.0,120,80,1,1,0,0,1,49,24.897060231734173,0,Stage-1
2,169,74.0,130,85,1,1,0,0,1,61,25.909456951787405,1,Stage-1
1,158,75.0,120,90,2,1,0,1,1,45,30.043262297708697,0,Stage-2
1,163,68.0,180,100,1,1,0,0,1,55,25.59373706198954,1,Stage-2
1,156,58.0,120,80,1,1,0,0,0,52,23.83300460223537,0,Stage-1
2,162,61.0,120,80,1,1,1,1,0,41,23.243408017070564,0,Stage-1
1,166,79.0,126,78,1,2,0,0,1,62,28.668892437218755,1,Elevated
2,173,74.0,120,80,1,3,0,0,1,59,24.725182932941294,0,Stage-1
2,168,71.0,100,69,1,1,0,0,1,41,25.15589569160998,0,Normal
1,164,73.0,140,80,3,1,0,0,1,55,27.141582391433676,1,Stage-2
1,153,75.0,110,60,3,1,0,0,1,63,32.038959374599514,1,Normal
1,157,98.0,140,90,2,3,0,0,1,52,39.75820520102235,0,Stage-2
1,159,55.0,140,90,1,1,0,0,1,51,21.75546853368142,1,Stage-2
1,162,105.0,140,90,3,1,0,0,0,61,40.009144947416544,1,Stage-2
1,164,95.0,150,100,1,1,0,0,1,51,35.32123735871506,1,Stage-2
1,162,58.0,110,80,2,2,0,0,1,39,22.10028959000152,0,Stage-1
1,158,46.0,150,100,1,1,0,0,0,48,18.426534209261334,1,Stage-2
1,165,95.0,130,80,1,1,0,0,1,55,34.894398530762174,0,Stage-1
1,165,65.0,120,80,1,1,0,0,0,41,23.875114784205696,0,Stage-1
1,162,70.0,110,70,1,1,0,0,1,50,26.672763298277697,0,Normal
1,158,64.0,170,100,1,1,0,0,0,57,25.63691716071142,1,Stage-2
1,165,70.0,120,80,1,1,0,0,1,44,25.71166207529844,1,Stage-1
1,157,60.0,120,80,1,1,0,0,1,51,24.341758286340216,0,Stage-1
1,168,58.0,110,60,1,1,0,0,1,43,20.549886621315196,0,Normal
1,156,84.0,140,90,1,1,0,0,1,47,34.51676528599605,1,Stage-2
1,158,75.0,120,80,3,3,0,0,1,55,30.043262297708697,0,Stage-1
2,175,74.0,150,100,1,1,0,0,0,58,24.163265306122447,1,Stage-2
1,160,72.0,140,100,3,3,0,0,0,63,28.124999999999993,1,Stage-2
1,153,60.0,110,69,1,1,0,0,1,43,25.63116749967961,0,Normal
1,158,64.0,120,80,1,1,0,0,1,53,25.63691716071142,1,Stage-1
1,165,59.0,120,80,1,3,0,0,1,58,21.6712580348944,1,Stage-1
1,174,82.0,110,60,1,1,0,0,0,54,27.08415906989034,1,Normal
2,178,90.0,125,75,2,1,1,1,1,53,28.40550435551067,0,Elevated
1,168,98.0,120,80,1,1,0,0,1,40,34.72222222222223,0,Stage-1
1,156,65.0,120,70,2,1,0,0,0,49,26.709401709401707,0,Elevated
1,170,85.0,140,90,2,1,0,0,1,56,29.411764705882355,1,Stage-2
1,165,70.0,140,80,1,1,0,0,1,54,25.71166207529844,1,Stage-2
1,174,67.0,120,80,1,1,0,0,1,41,22.12973972783723,0,Stage-1
2,156,70.0,130,80,1,1,0,0,0,49,28.763971071663377,0,Stage-1
1,155,69.0,120,80,1,1,0,0,1,50,28.720083246618103,0,Stage-1
1,156,83.0,120,80,1,1,0,0,1,52,34.10585141354372,1,Stage-1
1,158,73.0,120,80,1,1,0,0,1,60,29.242108636436463,1,Stage-1
1,157,96.0,150,90,1,1,0,0,1,64,38.946813258144346,1,Stage-2
1,158,52.0,120,80,1,1,0,0,1,56,20.82999519307803,1,Stage-1
2,178,81.0,110,70,1,1,0,0,0,55,25.5649539199596,1,Normal
2,172,65.0,130,80,1,1,0,0,1,60,21.971335857220122,1,Stage-1
2,180,69.0,120,80,1,1,0,0,1,59,21.296296296296294,0,Stage-1
2,173,89.0,200,110,1,2,0,0,1,63,29.737044338267232,1,Stage-2
1,158,70.0,100,60,1,1,0,0,1,42,28.040378144528116,0,Normal
2,173,89.0,120,70,2,1,0,0,1,61,29.737044338267232,0,Elevated
1,169,62.0,120,80,1,1,0,0,1,56,21.707923392038097,0,Stage-1
2,172,71.0,120,85,1,1,0,0,1,40,23.99945916711736,0,Stage-1
1,168,69.0,140,90,1,1,0,0,1,45,24.44727891156463,1,Stage-2
1,149,68.0,120,80,1,1,0,0,1,42,30.629250934642585,0,Stage-1
2,169,74.0,120,80,1,1,0,0,1,62,25.909456951787405,1,Stage-1
2,168,76.0,120,80,1,1,1,0,1,52,26.92743764172336,0,Stage-1
1,158,115.0,130,85,1,3,0,0,1,60,46.066335523153334,0,Stage-1
1,141,51.0,140,90,1,1,0,0,1,59,25.65263316734571,1,Stage-2
1,151,74.0,150,90,1,1,0,0,1,53,32.45471689838165,1,Stage-2
1,153,57.0,100,60,1,1,0,0,1,39,24.34960912469563,0,Normal
1,168,96.0,130,80,1,1,0,0,1,51,34.013605442176875,1,Stage-1
2,168,80.0,110,80,1,1,0,0,0,59,28.344671201814062,0,Stage-1
2,171,89.0,120,80,1,1,1,0,1,61,30.436715570602924,1,Stage-1
2,169,89.0,120,80,1,1,0,0,0,53,31.161373901474043,1,Stage-1
2,181,105.0,110,80,1,2,1,0,1,49,32.05030371478282,1,Stage-1
1,160,55.0,120,80,1,1,0,0,1,57,21.484374999999996,0,Stage-1
2,156,64.0,110,70,1,1,0,0,1,62,26.298487836949374,0,Normal
1,165,70.0,140,90,1,1,0,0,1,59,25.71166207529844,1,Stage-2
2,167,58.0,110,60,1,1,0,1,1,47,20.796729893506402,0,Normal
1,146,80.0,150,100,1,1,0,0,1,64,37.53049352598987,1,Stage-2
1,182,74.0,110,70,3,3,0,0,1,54,22.34029706557179,1,Normal
2,178,84.0,120,80,1,1,0,0,1,56,26.511804065143288,1,Stage-1
1,179,81.0,140,90,1,1,0,0,0,55,25.280109859242845,0,Stage-2
1,165,85.0,140,90,3,1,0,0,1,62,31.22130394857668,1,Stage-2
1,173,80.0,120,80,2,2,1,0,1,57,26.729927495071667,1,Stage-1
2,175,62.0,90,60,1,1,0,0,1,45,20.244897959183675,0,Normal
1,152,60.0,120,80,1,1,0,0,1,59,25.969529085872576,1,Stage-1
1,166,83.0,100,70,1,1,0,1,1,41,30.120481927710845,0,Normal
2,146,65.0,130,80,1,1,0,0,1,51,30.49352598986677,1,Stage-1
1,158,63.0,170,110,3,1,0,0,1,59,25.236340330075304,1,Stage-2
1,158,81.0,160,100,3,3,0,0,0,61,32.446723281525394,1,Stage-2
1,169,72.0,130,90,1,1,0,0,1,54,25.209201358495854,1,Stage-2
1,158,68.0,160,100,1,1,0,0,0,64,27.239224483255885,1,Stage-2
2,169,67.0,160,90,1,1,0,0,1,41,23.458562375266975,1,Stage-2
2,172,67.0,120,80,1,1,0,0,1,63,22.647376960519203,1,Stage-1
1,160,84.0,120,80,1,1,0,0,1,55,32.81249999999999,1,Stage-1
1,153,85.0,110,70,1,2,0,0,1,49,36.31082062454612,0,Normal
1,162,84.0,140,90,1,1,0,0,1,58,32.00731595793324,1,Stage-2
1,161,71.0,140,90,1,1,0,0,1,58,27.390918560240728,0,Stage-2
2,172,98.0,110,60,1,1,0,0,1,55,33.12601406165495,0,Normal
1,170,78.0,120,80,1,1,0,0,1,60,26.989619377162633,1,Stage-1
2,173,79.0,110,70,3,3,0,0,1,63,26.395803401383272,1,Normal
1,163,85.0,120,80,2,1,0,0,1,55,31.992171327486922,1,Stage-1
1,150,80.0,130,80,1,1,0,0,1,57,35.55555555555556,1,Stage-1
1,166,68.0,110,80,1,1,0,0,1,51,24.677021338365513,0,Stage-1
1,149,88.0,160,100,2,2,0,0,1,58,39.637854150713935,1,Stage-2
1,165,65.0,120,79,1,1,0,0,1,59,23.875114784205696,1,Elevated
1,178,85.0,120,80,1,1,0,0,0,50,26.82742078020452,1,Stage-1
1,160,71.0,120,80,1,1,0,0,1,55,27.734374999999993,0,Stage-1
1,162,75.0,140,90,1,1,0,0,1,46,28.577960676726104,1,Stage-2
2,159,75.0,120,80,1,1,0,0,1,54,29.666548000474663,0,Stage-1
1,161,65.0,110,70,1,1,0,0,1,48,25.076193048107708,0,Normal
1,160,105.0,120,80,1,2,0,0,1,47,41.01562499999999,1,Stage-1
2,167,82.0,150,90,1,1,0,0,1,57,29.402273297715947,1,Stage-2
1,158,63.0,120,80,2,1,0,0,0,50,25.236340330075304,1,Stage-1
1,169,82.0,120,80,2,2,0,0,1,56,28.71047932495361,1,Stage-1
2,179,64.8,126,84,1,3,0,0,1,55,20.224087887394276,0,Stage-1
1,159,61.0,130,80,1,1,0,0,0,51,24.128792373719392,1,Stage-1
1,160,72.0,180,120,1,3,0,0,1,45,28.124999999999993,1,Stage-2
1,163,70.0,140,90,1,1,0,0,0,55,26.346494034400994,1,Stage-2
2,170,76.0,130,90,3,3,0,0,1,57,26.29757785467128,1,Stage-2
2,175,84.0,150,90,3,3,1,0,1,50,27.428571428571427,1,Stage-2
2,172,64.0,110,70,2,1,0,0,1,54,21.63331530557058,0,Normal
1,164,64.0,120,80,1,1,0,0,1,58,23.795359904818564,0,Stage-1
2,175,69.0,120,80,1,1,0,0,1,53,22.53061224489796,0,Stage-1
1,160,72.0,120,80,3,3,0,0,1,49,28.124999999999993,0,Stage-1
1,163,92.0,140,80,1,1,0,0,0,63,34.62682073092702,1,Stage-2
1,160,58.0,120,80,1,1,0,0,0,53,22.656249999999996,1,Stage-1
1,170,80.0,120,80,1,1,0,0,0,51,27.68166089965398,1,Stage-1
2,160,60.0,120,80,1,1,0,0,0,42,23.437499999999996,1,Stage-1
2,164,71.0,120,80,1,1,0,0,0,54,26.397977394408095,0,Stage-1
1,156,59.0,120,80,2,1,0,0,0,54,24.243918474687703,0,Stage-1
2,170,82.0,120,90,2,1,0,0,1,59,28.373702422145332,0,Stage-2
1,165,69.0,130,90,1,1,0,0,0,50,25.344352617079892,1,Stage-2
1,165,100.0,150,90,2,1,0,0,1,56,36.73094582185492,1,Stage-2
1,165,68.0,120,80,1,1,0,0,0,51,24.977043158861342,0,Stage-1
1,161,84.0,140,90,1,1,0,0,1,61,32.40615716986227,1,Stage-2
1,154,79.0,160,100,1,1,0,0,1,40,33.310844999156686,0,Stage-2
2,167,67.0,120,80,1,1,0,0,0,61,24.023808670084982,1,Stage-1
1,163,70.0,150,90,1,1,0,0,1,59,26.346494034400994,1,Stage-2
1,163,79.0,110,70,1,1,0,0,1,46,29.733900410252552,0,Normal
2,170,65.0,120,80,1,1,0,0,1,44,22.49134948096886,0,Stage-1
1,169,70.0,100,70,1,1,0,0,0,60,24.508945765204302,1,Normal
1,153,90.0,120,80,1,1,0,0,1,54,38.446751249519416,1,Stage-1
1,172,67.0,120,80,1,1,0,0,1,48,22.647376960519203,1,Stage-1
2,173,78.0,120,80,2,1,0,0,1,56,26.061679307694877,1,Stage-1
1,168,60.0,120,80,1,1,0,0,1,52,21.258503401360546,1,Stage-1
2,170,79.0,120,80,1,3,0,0,1,49,27.33564013840831,0,Stage-1
2,186,90.0,130,90,1,1,0,0,1,55,26.014568158168572,1,Stage-2
2,174,74.0,140,90,1,1,0,0,0,62,24.441802087462015,0,Stage-2
1,162,60.0,100,60,1,1,0,0,1,43,22.86236854138088,0,Normal
1,158,63.0,140,90,1,1,0,0,1,58,25.236340330075304,1,Stage-2
1,149,66.0,140,80,1,1,0,0,1,63,29.72839061303545,1,Stage-2
1,160,64.0,110,70,1,1,0,0,1,56,24.999999999999996,0,Normal
1,170,85.0,120,80,1,1,0,0,1,52,29.411764705882355,0,Stage-1
2,171,58.0,110,70,1,1,0,0,1,44,19.835162956123252,0,Normal
1,164,68.0,120,80,1,1,0,0,1,49,25.282569898869724,1,Stage-1
1,160,86.0,110,70,1,1,0,0,0,39,33.59374999999999,0,Normal
2,162,97.0,90,60,1,1,0,1,1,58,36.96082914189909,1,Normal
1,155,77.0,125,80,2,1,0,0,1,56,32.04994797086368,0,Stage-1
1,160,78.0,130,80,1,1,0,0,1,52,30.468749999999993,1,Stage-1
1,160,69.0,120,80,1,1,0,0,1,60,26.953124999999996,0,Stage-1
2,169,68.0,135,89,1,1,1,0,1,58,23.80869017191275,0,Stage-1
2,168,80.0,100,60,1,1,1,0,1,57,28.344671201814062,1,Normal
2,166,90.0,160,80,1,1,0,0,1,43,32.660763536072004,1,Stage-2
1,154,52.0,100,60,2,1,0,0,1,44,21.926125822229718,0,Normal
2,169,70.0,170,90,1,1,0,0,1,63,24.508945765204302,1,Stage-2
1,157,67.0,110,90,1,1,0,0,1,55,27.18163008641324,0,Stage-2
1,167,56.0,110,80,1,1,0,0,1,60,20.07960127648894,1,Stage-1
2,169,86.0,130,80,1,1,0,0,1,58,30.110990511536716,0,Stage-1
2,173,70.0,130,70,1,1,1,0,1,47,23.38868655818771,1,Stage-1
1,156,66.0,120,80,1,1,0,0,1,61,27.12031558185404,1,Stage-1
1,165,63.0,120,80,1,2,0,0,1,60,23.140495867768596,0,Stage-1
1,156,52.0,90,60,2,1,0,0,1,59,21.367521367521366,0,Normal
1,167,75.0,120,80,1,1,0,0,0,40,26.89232313815483,0,Stage-1
1,157,97.0,140,98,1,1,0,0,0,59,39.35250922958335,1,Stage-2
1,161,69.0,120,70,2,1,0,0,1,59,26.61934338952972,0,Elevated
1,159,78.0,140,100,1,2,0,0,1,56,30.853209920493647,0,Stage-2
1,169,74.0,110,70,1,3,0,0,0,57,25.909456951787405,0,Normal
2,180,76.0,120,80,1,1,1,1,1,39,23.456790123456788,0,Stage-1
1,154,73.0,140,100,3,1,0,0,1,64,30.78090740428403,1,Stage-2
1,164,73.0,110,70,1,1,0,0,1,39,27.141582391433676,0,Normal
1,174,86.0,120,80,1,1,0,0,1,55,28.405337561104506,0,Stage-1
2,174,85.0,140,90,2,1,0,0,1,57,28.075042938300964,1,Stage-2
2,174,70.0,110,80,1,1,1,0,1,48,23.120623596247853,1,Stage-1
1,153,82.0,150,90,1,2,0,0,1,64,35.02926224956214,1,Stage-2
2,160,61.0,145,95,1,1,0,0,0,53,23.828124999999996,1,Stage-2
1,165,66.0,120,80,1,1,0,0,0,56,24.242424242424246,1,Stage-1
1,155,63.0,120,70,1,1,0,0,1,52,26.22268470343392,0,Elevated
2,178,90.0,120,80,1,1,0,1,1,58,28.40550435551067,0,Stage-1
2,175,84.0,120,80,1,1,1,0,1,54,27.428571428571427,0,Stage-1
1,171,70.0,110,70,1,1,0,0,1,60,23.938989774631512,0,Normal
1,154,67.0,110,70,1,1,0,0,1,50,28.25096980941137,0,Normal
1,165,66.0,120,80,1,1,0,0,0,60,24.242424242424246,1,Stage-1
1,160,58.0,120,80,1,1,0,0,1,50,22.656249999999996,1,Stage-1
1,161,71.0,120,70,1,1,0,0,1,45,27.390918560240728,0,Elevated
1,160,59.0,150,100,1,1,0,0,0,52,23.046874999999996,1,Stage-2
1,165,65.0,120,80,1,1,0,0,1,54,23.875114784205696,0,Stage-1
2,173,111.0,150,90,1,1,0,0,1,56,37.08777439941194,1,Stage-2
1,170,98.0,150,100,2,1,0,0,0,48,33.91003460207613,1,Stage-2
1,162,58.0,120,80,1,3,0,0,1,55,22.10028959000152,0,Stage-1
2,170,73.0,120,80,1,1,0,0,1,56,25.25951557093426,1,Stage-1
1,162,69.0,110,80,1,1,0,0,1,50,26.291723822588015,0,Stage-1
1,162,72.0,110,70,1,1,0,0,1,39,27.43484224965706,0,Normal
2,168,100.0,140,90,1,1,1,0,0,58,35.43083900226758,1,Stage-2
2,175,112.0,150,90,3,1,0,0,1,56,36.57142857142857,1,Stage-2
1,171,81.0,120,60,1,1,0,0,0,53,27.70083102493075,0,Elevated
1,153,61.0,110,80,1,1,0,0,1,58,26.05835362467427,0,Stage-1
2,178,72.0,120,80,1,1,0,0,1,59,22.724403484408533,0,Stage-1
2,162,62.0,120,80,1,1,0,0,1,48,23.624447492760247,1,Stage-1
2,174,78.0,130,80,3,2,0,0,1,64,25.762980578676178,0,Stage-1
2,167,90.0,120,80,1,3,0,0,1,46,32.2707877657858,0,Stage-1
2,176,101.0,110,90,1,1,0,0,1,44,32.60588842975207,0,Stage-2
2,170,96.0,120,80,1,1,0,0,1,55,33.21799307958478,1,Stage-1
2,177,63.0,150,100,2,1,0,0,1,61,20.109164033323754,1,Stage-2
1,164,79.0,120,80,2,1,0,0,0,58,29.372397382510414,1,Stage-1
2,170,77.0,140,80,1,1,1,0,1,61,26.643598615916957,1,Stage-2
1,165,60.0,140,80,3,1,0,0,1,59,22.03856749311295,1,Stage-2
1,155,62.0,120,80,1,1,0,0,0,61,25.806451612903224,0,Stage-1
1,162,65.0,120,80,1,1,0,0,1,60,24.76756591982929,1,Stage-1
2,180,74.0,120,80,1,1,0,0,1,64,22.839506172839506,0,Stage-1
1,156,59.0,140,90,2,1,0,0,1,49,24.243918474687703,1,Stage-2
1,167,72.0,120,80,1,1,0,0,1,51,25.816630212628635,0,Stage-1
1,152,88.0,120,80,1,1,0,0,1,46,38.08864265927978,0,Stage-1
2,164,88.0,140,90,1,1,0,0,1,46,32.718619869125526,0,Stage-2
1,176,74.0,120,80,1,1,0,0,1,45,23.889462809917354,1,Stage-1
1,147,71.0,110,80,1,1,0,0,0,41,32.85668008700079,0,Stage-1
2,160,60.0,120,60,1,1,0,0,1,39,23.437499999999996,0,Elevated
1,167,73.0,150,90,2,1,0,0,1,47,26.175194521137367,1,Stage-2
1,165,81.0,90,70,1,1,0,0,1,51,29.752066115702483,0,Normal
1,167,65.0,130,80,3,3,0,0,1,55,23.306680053067517,1,Stage-1
1,156,62.0,130,80,1,1,0,0,1,48,25.476660092044707,1,Stage-1
2,172,119.0,120,80,1,1,0,0,1,57,40.2244456462953,0,Stage-1
1,170,110.0,170,110,3,1,0,0,1,45,38.062283737024224,1,Stage-2
1,169,65.0,140,90,1,1,0,0,1,40,22.758306781975424,1,Stage-2
2,174,80.0,120,60,1,1,1,0,1,41,26.42356982428326,0,Elevated
1,168,64.0,110,70,1,1,0,0,0,40,22.67573696145125,0,Normal
1,165,60.0,120,80,3,3,0,0,0,50,22.03856749311295,0,Stage-1
1,166,103.0,120,80,2,1,0,0,1,43,37.37842938017129,0,Stage-1
1,156,63.0,130,80,3,3,0,0,1,56,25.88757396449704,1,Stage-1
1,153,50.0,100,70,1,1,0,0,1,40,21.35930624973301,0,Normal
1,159,60.0,140,80,2,1,0,0,1,54,23.73323840037973,1,Stage-2
1,155,48.0,120,90,3,1,0,0,1,52,19.979188345473464,1,Stage-2
2,167,68.0,130,80,1,1,1,0,1,58,24.38237297859371,0,Stage-1
1,168,65.0,120,80,1,1,0,0,1,44,23.030045351473927,0,Stage-1
1,152,70.0,180,100,3,3,0,0,1,63,30.297783933518005,1,Stage-2
2,163,69.0,140,90,1,1,0,0,1,56,25.970115548195267,0,Stage-2
2,186,115.0,120,80,1,1,0,1,1,43,33.240837090993175,0,Stage-1
2,176,86.0,120,80,2,1,0,1,1,42,27.763429752066116,0,Stage-1
1,158,72.0,140,90,3,1,0,0,0,51,28.841531805800347,0,Stage-2
2,165,100.0,140,90,1,1,1,0,0,43,36.73094582185492,0,Stage-2
2,170,77.0,130,80,1,1,0,0,1,56,26.643598615916957,0,Stage-1
1,153,78.0,150,90,2,2,0,0,1,61,33.320517749583495,0,Stage-2
1,146,84.0,160,100,2,1,0,0,1,59,39.407018202289365,1,Stage-2
1,158,60.0,110,70,1,1,0,0,0,57,24.034609838166958,0,Normal
2,169,66.0,120,80,1,1,0,0,1,52,23.1084345786212,0,Stage-1
1,154,66.0,120,90,1,1,1,0,1,49,27.82931354359926,0,Stage-2
2,174,94.0,130,82,1,3,0,0,1,43,31.04769454353283,1,Stage-1
2,175,88.0,130,100,2,2,1,0,1,47,28.73469387755102,1,Stage-2
1,156,100.0,140,90,1,1,0,0,0,59,41.0913872452334,1,Stage-2
1,162,79.0,100,70,2,2,0,0,0,61,30.102118579484827,0,Normal
1,153,60.0,160,100,2,3,0,0,1,59,25.63116749967961,1,Stage-2
2,165,78.0,120,80,1,1,0,0,0,53,28.650137741046834,1,Stage-1
1,169,66.0,120,80,2,1,0,0,0,53,23.1084345786212,0,Stage-1
2,171,69.0,140,90,1,1,1,0,1,59,23.59700420642249,0,Stage-2
2,183,78.0,120,80,1,1,0,0,1,51,23.291229956104985,0,Stage-1
1,160,88.0,130,90,2,2,0,0,1,52,34.37499999999999,1,Stage-2
1,163,83.0,120,80,1,1,0,0,1,53,31.239414355075468,0,Stage-1
1,165,65.0,120,80,1,1,0,0,1,58,23.875114784205696,0,Stage-1
2,175,100.0,120,80,1,1,0,0,1,40,32.6530612244898,0,Stage-1
2,169,100.0,160,70,1,2,0,0,1,61,35.01277966457757,0,Stage-2
1,164,74.0,155,110,1,1,0,0,1,47,27.513384889946465,1,Stage-2
2,172,72.0,100,80,1,1,1,1,1,45,24.337479718766904,0,Stage-1
2,166,62.0,120,80,1,1,0,0,0,56,22.49963710262738,0,Stage-1
1,176,72.0,130,90,1,3,0,0,1,61,23.243801652892564,1,Stage-2
2,166,58.0,120,80,1,1,0,0,1,51,21.04804761213529,1,Stage-1
1,151,58.0,120,80,1,1,0,0,1,55,25.437480812245077,0,Stage-1
1,157,64.0,110,70,1,1,0,0,0,43,25.96454217209623,0,Normal
1,146,54.0,110,70,1,1,0,0,1,56,25.333083130043164,0,Normal
2,168,66.0,120,80,1,1,0,0,1,52,23.384353741496604,0,Stage-1
1,152,109.0,105,65,2,1,0,1,1,49,47.17797783933518,0,Normal
1,160,66.0,140,90,1,1,1,0,1,39,25.781249999999996,1,Stage-2
2,175,75.0,130,90,1,1,1,0,1,59,24.489795918367346,1,Stage-2
1,165,100.0,140,70,3,1,0,0,1,55,36.73094582185492,1,Stage-2
1,165,65.0,120,80,1,1,0,0,0,50,23.875114784205696,0,Stage-1
1,169,89.0,120,80,1,1,0,0,1,52,31.161373901474043,0,Stage-1
2,165,66.0,130,80,3,1,0,0,1,61,24.242424242424246,1,Stage-1
1,160,56.0,110,70,1,1,0,0,0,40,21.874999999999996,0,Normal
1,157,74.0,120,80,1,1,0,0,1,48,30.021501886486266,0,Stage-1
2,173,97.0,130,100,1,1,0,0,1,43,32.4100370877744,1,Stage-2
1,161,67.0,120,80,1,1,0,0,0,49,25.847768218818715,0,Stage-1
1,161,61.0,160,98,1,1,0,0,0,43,23.533042706685695,1,Stage-2
1,165,82.0,150,100,1,1,0,0,1,63,30.119375573921033,1,Stage-2
1,155,52.0,120,80,1,1,1,0,1,51,21.64412070759625,0,Stage-1
1,173,72.0,160,100,1,1,0,0,1,50,24.0569347455645,1,Stage-2
1,160,68.0,100,70,2,1,0,0,1,41,26.562499999999996,1,Normal
1,156,62.0,140,90,1,1,0,0,1,42,25.476660092044707,1,Stage-2
2,154,71.0,110,70,1,2,0,0,1,48,29.93759487265981,0,Normal
1,154,78.0,120,80,1,1,0,0,0,52,32.889188733344575,1,Stage-1
1,165,78.0,140,100,1,2,0,1,1,58,28.650137741046834,1,Stage-2
1,164,61.0,120,70,1,1,0,0,1,44,22.679952409280194,0,Elevated
1,157,80.0,130,90,2,1,0,0,1,63,32.45567771512029,1,Stage-2
1,157,80.0,160,100,1,2,0,0,1,41,32.45567771512029,1,Stage-2
1,164,90.0,110,90,1,1,0,0,1,47,33.462224866151104,0,Stage-2
2,164,75.0,120,80,1,3,0,0,1,39,27.885187388459254,0,Stage-1
1,170,68.0,120,80,1,1,0,0,1,54,23.529411764705884,1,Stage-1
1,152,58.0,110,80,2,1,0,0,0,50,25.10387811634349,1,Stage-1
1,164,63.0,130,90,1,1,0,0,1,62,23.423557406305775,0,Stage-2
1,163,97.0,120,80,3,3,0,0,0,56,36.50871316195567,1,Stage-1
2,162,74.0,120,80,1,1,0,0,0,59,28.19692120103642,0,Stage-1
1,154,72.0,120,80,3,1,0,0,1,56,30.35925113847192,1,Stage-1
1,158,96.0,130,80,3,1,0,0,1,51,38.45537574106713,0,Stage-1
1,162,72.0,100,70,1,1,0,0,1,49,27.43484224965706,0,Normal
2,168,82.0,140,90,1,1,0,0,1,41,29.053287981859416,1,Stage-2
2,168,67.0,110,80,1,1,0,0,1,47,23.738662131519277,0,Stage-1
1,157,90.0,120,70,2,1,0,0,1,44,36.51263742951032,1,Elevated
1,165,71.0,110,70,1,1,0,0,0,56,26.07897153351699,0,Normal
2,161,58.0,110,70,1,1,1,0,1,46,22.375679950619187,0,Normal
1,165,76.0,150,90,1,1,0,0,1,59,27.915518824609737,1,Stage-2
1,165,72.0,130,80,2,1,0,0,1,45,26.44628099173554,0,Stage-1
1,164,105.0,140,90,1,1,0,1,0,56,39.03926234384296,1,Stage-2
1,153,94.0,140,90,1,1,0,0,1,57,40.15549574949806,1,Stage-2
1,120,78.0,120,80,1,1,0,0,1,54,54.16666666666667,0,Stage-1
1,172,95.0,130,80,1,1,0,0,0,46,32.11195240670633,0,Stage-1
1,168,59.0,110,90,1,1,0,0,1,51,20.904195011337873,0,Stage-2
1,167,76.0,110,70,1,1,0,0,1,60,27.250887446663558,1,Normal
1,153,49.0,110,70,1,2,0,0,1,59,20.932120124738347,0,Normal
1,165,68.0,110,90,1,1,0,0,1,53,24.977043158861342,0,Stage-2
1,160,85.0,150,90,3,1,0,0,1,62,33.20312499999999,1,Stage-2
2,165,67.0,120,80,2,1,0,0,1,61,24.609733700642796,1,Stage-1
1,143,84.0,140,90,3,1,0,0,1,63,41.07780331556556,0,Stage-2
1,169,75.0,100,70,1,1,0,0,1,41,26.25958474843318,0,Normal
2,168,68.0,150,90,1,1,0,0,1,53,24.092970521541954,1,Stage-2
1,151,90.0,140,89,3,1,1,1,1,53,39.471952984518225,1,Stage-2
2,172,76.0,120,80,1,1,0,0,0,62,25.689561925365066,0,Stage-1
1,154,56.0,100,60,3,1,0,0,0,54,23.61275088547816,1,Normal
1,162,80.0,120,80,1,1,0,0,1,48,30.48315805517451,0,Stage-1
1,157,66.0,110,70,1,1,0,0,0,55,26.775934114974238,1,Normal
2,175,88.0,120,80,2,1,0,0,1,41,28.73469387755102,0,Stage-1
1,161,62.0,110,69,1,1,0,0,0,57,23.9188302920412,0,Normal
1,164,80.0,120,80,1,1,0,0,1,63,29.744199881023206,0,Stage-1
2,183,85.0,140,90,1,1,0,1,1,45,25.381468541909282,1,Stage-2
1,164,65.0,120,80,1,1,0,0,1,43,24.167162403331353,0,Stage-1
2,174,73.0,130,80,2,1,0,0,1,53,24.111507464658473,1,Stage-1
2,168,70.0,110,70,1,1,1,0,1,51,24.801587301587304,0,Normal
1,162,62.0,110,70,1,1,0,0,1,54,23.624447492760247,0,Normal
1,156,74.0,140,90,1,1,0,0,1,57,30.407626561472714,1,Stage-2
2,170,84.0,125,80,1,3,0,0,1,56,29.065743944636683,1,Stage-1
1,165,56.0,120,79,3,3,0,0,1,50,20.569329660238754,1,Elevated
1,154,95.0,130,80,3,3,0,0,1,58,40.05734525215045,0,Stage-1
1,156,46.0,120,60,1,1,0,0,1,49,18.902038132807363,0,Elevated
1,171,79.0,120,80,1,1,0,0,1,45,27.01685988851271,0,Stage-1
2,170,69.0,120,80,1,1,0,0,1,59,23.87543252595156,1,Stage-1
1,165,82.0,150,80,1,1,0,0,1,53,30.119375573921033,1,Stage-2
1,151,53.0,140,90,1,1,0,0,1,50,23.244594535327398,1,Stage-2
2,170,57.0,120,80,1,1,1,1,0,59,19.723183391003463,1,Stage-1
1,168,82.0,130,100,2,1,0,0,0,43,29.053287981859416,1,Stage-2
1,171,68.0,120,80,1,1,0,0,1,59,23.25501863821347,0,Stage-1
2,179,100.0,200,140,1,2,1,0,1,42,31.210012171904747,1,Stage-2
2,160,55.0,120,70,1,1,1,0,1,45,21.484374999999996,0,Elevated
1,158,78.0,160,110,1,1,0,0,0,39,31.244992789617044,1,Stage-2
1,168,112.0,130,90,3,1,0,0,1,54,39.68253968253969,1,Stage-2
1,154,110.0,180,100,1,1,0,0,1,64,46.3821892393321,1,Stage-2
2,158,63.0,120,80,1,1,1,0,0,55,25.236340330075304,1,Stage-1
2,182,90.0,135,85,1,1,1,0,0,45,27.17063156623596,1,Stage-1
1,155,64.0,100,60,1,1,0,1,0,53,26.638917793964616,0,Normal
1,157,63.0,120,80,1,1,0,0,1,45,25.558846200657225,0,Stage-1
1,160,66.0,117,79,1,1,0,0,1,56,25.781249999999996,0,Normal
1,153,80.0,140,90,3,2,0,0,1,43,34.17488999957281,1,Stage-2
1,165,60.0,120,80,1,1,0,0,1,58,22.03856749311295,0,Stage-1
1,155,81.0,155,95,2,1,0,0,0,56,33.71488033298647,1,Stage-2
1,154,54.0,120,80,1,1,0,0,1,63,22.76943835385394,1,Stage-1
1,164,80.0,140,80,3,1,0,0,1,51,29.744199881023206,1,Stage-2
1,157,102.0,170,100,1,2,0,0,1,44,41.380989086778364,1,Stage-2
1,166,82.0,150,90,2,3,0,0,1,54,29.757584555087824,1,Stage-2
2,170,80.0,109,67,1,1,0,0,1,47,27.68166089965398,0,Normal
2,174,74.0,110,70,2,2,0,0,1,50,24.441802087462015,0,Normal
2,175,75.0,120,80,1,1,0,0,1,42,24.489795918367346,0,Stage-1
1,165,65.0,140,80,1,1,0,0,1,57,23.875114784205696,1,Stage-2
2,173,75.0,120,80,1,1,0,0,1,43,25.05930702662969,0,Stage-1
2,166,68.0,100,80,1,1,0,0,1,43,24.677021338365513,0,Stage-1
1,170,62.0,130,90,1,1,0,0,1,50,21.453287197231838,0,Stage-2
2,169,73.0,120,80,1,2,0,0,1,52,25.55932915514163,1,Stage-1
1,159,53.0,110,70,1,1,0,0,1,58,20.964360587002094,0,Normal
1,154,72.0,130,80,3,3,0,0,1,53,30.35925113847192,1,Stage-1
1,159,74.0,110,70,1,1,0,0,0,56,29.270994027135,0,Normal
1,160,90.0,120,80,3,1,0,0,1,39,35.15624999999999,0,Stage-1
1,163,65.0,120,80,1,1,0,0,1,52,24.46460160337235,1,Stage-1
1,160,90.0,110,80,3,3,0,0,1,59,35.15624999999999,0,Stage-1
1,156,60.0,120,80,1,1,0,0,1,50,24.654832347140037,0,Stage-1
2,165,73.0,110,70,1,1,0,0,1,57,26.813590449954088,0,Normal
1,155,98.0,130,90,1,1,0,0,1,53,40.79084287200832,1,Stage-2
1,164,64.0,120,80,3,3,0,0,1,40,23.795359904818564,0,Stage-1
2,176,62.0,110,80,1,1,0,0,1,39,20.015495867768596,0,Stage-1
1,166,77.0,120,80,3,3,0,0,1,49,27.94309769197271,1,Stage-1
1,166,66.0,120,70,1,1,0,0,1,55,23.95122659311947,1,Elevated
2,163,89.0,160,90,2,1,1,1,1,50,33.49768527230984,1,Stage-2
1,179,87.0,120,80,1,1,0,0,0,59,27.15271058955713,0,Stage-1
1,162,68.0,110,70,1,1,1,0,1,55,25.910684346898332,1,Normal
1,170,68.0,120,90,1,1,0,0,1,47,23.529411764705884,0,Stage-2
1,156,74.0,130,80,3,1,0,0,1,41,30.407626561472714,1,Stage-1
1,158,76.0,130,80,1,3,0,0,1,61,30.443839128344813,1,Stage-1
1,146,59.0,130,90,3,1,0,0,1,56,27.67873897541753,1,Stage-2
2,162,72.0,140,90,1,1,1,0,1,56,27.43484224965706,0,Stage-2
2,167,62.0,120,80,1,1,0,0,1,52,22.230987127541326,0,Stage-1
1,162,85.0,140,90,1,1,0,0,1,44,32.38835543362292,1,Stage-2
1,162,75.0,150,90,1,1,0,0,1,64,28.577960676726104,1,Stage-2
1,175,79.0,110,80,2,3,0,0,1,49,25.79591836734694,0,Stage-1
2,175,80.0,110,70,1,1,1,0,0,49,26.122448979591837,0,Normal
1,169,141.0,150,90,2,1,0,0,0,45,49.368019327054384,1,Stage-2
2,165,63.0,130,90,3,1,0,0,0,56,23.140495867768596,0,Stage-2
2,172,75.0,120,80,1,1,0,0,1,55,25.351541373715524,0,Stage-1
1,160,55.0,120,80,1,1,0,0,1,51,21.484374999999996,0,Stage-1
1,160,85.0,150,100,2,1,0,0,1,60,33.20312499999999,1,Stage-2
1,160,75.0,110,80,1,1,0,0,1,62,29.296874999999993,0,Stage-1
2,172,67.0,120,70,1,1,0,0,1,62,22.647376960519203,1,Elevated
1,164,70.0,120,80,2,1,0,0,0,50,26.026174895895306,1,Stage-1
2,170,75.0,120,80,1,1,0,0,0,52,25.95155709342561,1,Stage-1
1,160,53.0,120,80,3,3,0,0,0,44,20.703124999999996,0,Stage-1
2,176,84.0,140,90,1,1,0,1,1,42,27.117768595041323,0,Stage-2
1,159,74.0,110,70,1,1,0,0,1,45,29.270994027135,0,Normal
1,156,88.0,125,80,2,1,0,0,1,60,36.160420775805385,0,Stage-1
1,163,64.0,110,70,3,1,0,0,1,64,24.088223117166624,1,Normal
1,164,70.0,90,60,1,1,0,0,1,51,26.026174895895306,0,Normal
2,165,75.0,120,80,1,1,0,0,1,62,27.548209366391188,0,Stage-1
1,145,53.0,120,80,3,1,0,0,1,47,25.20808561236623,1,Stage-1
1,150,47.0,100,70,1,1,0,0,1,57,20.88888888888889,0,Normal
1,160,70.0,110,70,1,1,0,0,1,61,27.343749999999996,1,Normal
1,140,44.0,160,80,3,3,0,0,1,61,22.44897959183674,1,Stage-2
1,166,72.0,120,80,1,1,0,0,0,62,26.1286108288576,0,Stage-1
2,166,57.0,90,60,1,1,1,0,0,50,20.685150239512268,0,Normal
1,147,73.0,120,80,1,1,1,0,1,64,33.782220371141655,1,Stage-1
1,154,56.0,120,80,1,1,0,0,1,53,23.61275088547816,0,Stage-1
2,157,92.0,120,80,1,1,0,1,1,61,37.32402937238833,1,Stage-1
1,162,57.0,160,100,1,1,0,0,1,59,21.719250114311837,1,Stage-2
2,172,78.0,140,90,1,1,0,0,1,53,26.365603028664147,1,Stage-2
1,160,78.0,130,90,2,1,0,0,1,59,30.468749999999993,1,Stage-2
2,172,71.0,150,90,1,1,1,0,0,43,23.99945916711736,1,Stage-2
2,159,70.0,120,80,1,1,0,0,1,55,27.688778133776353,0,Stage-1
1,165,67.0,140,75,2,3,0,0,1,44,24.609733700642796,1,Stage-2
2,163,82.0,140,90,1,1,1,1,0,54,30.863035868869737,1,Stage-2
1,156,64.0,120,80,1,1,0,0,1,53,26.298487836949374,0,Stage-1
2,169,75.0,120,80,1,1,0,0,1,58,26.25958474843318,0,Stage-1
1,163,104.0,130,70,3,1,0,0,1,61,39.14336256539576,1,Stage-1
1,159,76.0,160,100,1,1,0,0,1,63,30.062101973814325,1,Stage-2
1,159,73.0,120,80,1,1,0,0,1,54,28.875440053795337,1,Stage-1
1,170,66.0,120,60,1,1,0,0,1,42,22.837370242214536,0,Elevated
1,158,51.0,100,60,1,1,0,0,1,40,20.429418362441915,0,Normal
1,152,61.0,100,80,1,1,0,0,1,55,26.40235457063712,0,Stage-1
2,184,78.0,130,70,1,1,0,0,1,53,23.03875236294896,0,Stage-1
1,145,50.0,120,90,3,3,0,0,1,63,23.781212841854934,1,Stage-2
1,162,66.0,120,80,1,1,0,0,0,50,25.14860539551897,0,Stage-1
1,168,74.0,140,80,1,1,0,0,0,60,26.218820861678008,1,Stage-2
1,164,64.0,120,80,1,1,0,0,1,59,23.795359904818564,0,Stage-1
2,170,58.0,120,80,1,1,0,0,1,45,20.06920415224914,0,Stage-1
1,168,71.0,120,80,1,1,0,0,1,60,25.15589569160998,0,Stage-1
1,157,90.0,135,80,1,1,0,0,1,51,36.51263742951032,0,Stage-1
2,172,77.0,120,70,2,2,0,0,0,47,26.027582477014604,1,Elevated
1,160,85.0,120,80,1,1,0,0,1,54,33.20312499999999,0,Stage-1
1,162,84.0,150,90,1,1,0,0,1,63,32.00731595793324,1,Stage-2
2,172,84.0,130,80,1,1,0,0,0,57,28.393726338561386,1,Stage-1
2,164,87.0,140,90,3,3,0,0,1,61,32.34681737061273,0,Stage-2
2,166,62.0,120,80,1,1,1,0,0,44,22.49963710262738,0,Stage-1
1,165,65.0,110,80,2,2,0,0,1,54,23.875114784205696,1,Stage-1
1,160,87.0,130,90,1,1,0,0,1,44,33.98437499999999,1,Stage-2
1,161,78.0,120,80,1,1,0,0,1,59,30.091431657729252,0,Stage-1
1,166,73.0,110,80,3,3,0,0,1,57,26.491508201480624,1,Stage-1
1,165,72.0,140,90,1,1,0,0,0,59,26.44628099173554,1,Stage-2
2,167,75.0,130,80,2,1,1,0,0,46,26.89232313815483,0,Stage-1
2,168,78.0,110,70,1,1,0,0,1,61,27.636054421768712,1,Normal
2,160,72.0,120,80,1,1,0,0,1,52,28.124999999999993,0,Stage-1
1,165,67.0,110,70,2,2,0,0,0,55,24.609733700642796,1,Normal
2,165,71.0,120,80,1,1,0,0,1,47,26.07897153351699,0,Stage-1
1,164,90.0,130,90,2,2,0,0,1,41,33.462224866151104,1,Stage-2
1,159,68.0,130,80,1,1,0,0,1,64,26.897670187097027,0,Stage-1
2,178,75.0,160,100,3,1,1,0,1,55,23.671253629592222,1,Stage-2
1,160,55.0,120,80,1,1,0,0,1,56,21.484374999999996,1,Stage-1
2,158,98.0,140,90,3,3,0,0,1,62,39.25652940233936,0,Stage-2
1,168,85.0,120,80,1,1,0,0,0,63,30.116213151927443,0,Stage-1
1,146,47.0,130,80,1,2,0,0,0,58,22.04916494651905,1,Stage-1
1,164,88.0,160,100,2,2,0,0,1,54,32.718619869125526,1,Stage-2
1,158,59.0,110,60,1,1,0,0,1,62,23.634033007530842,0,Normal
2,168,91.0,150,70,1,1,0,0,1,57,32.242063492063494,1,Stage-2
1,155,99.0,120,80,1,1,0,0,1,60,41.207075962539015,0,Stage-1
1,169,72.0,120,80,2,1,0,0,1,51,25.209201358495854,0,Stage-1
1,152,73.0,130,80,1,1,0,0,1,53,31.596260387811633,1,Stage-1
1,162,76.0,120,80,1,1,0,0,0,54,28.959000152415786,1,Stage-1
1,156,100.0,180,110,1,2,0,0,1,59,41.0913872452334,1,Stage-2
1,170,80.0,120,80,1,1,0,0,1,54,27.68166089965398,0,Stage-1
2,176,73.0,120,80,1,1,0,0,1,45,23.56663223140496,0,Stage-1
1,158,92.0,100,70,1,1,0,0,1,47,36.85306841852267,0,Normal
2,169,91.0,120,80,2,1,1,1,1,59,31.861629494765594,0,Stage-1
2,176,107.0,130,90,1,1,0,0,1,52,34.54287190082645,1,Stage-2
2,162,56.0,120,80,1,1,0,0,1,50,21.338210638622158,0,Stage-1
2,176,123.0,150,99,2,1,0,0,0,61,39.7081611570248,1,Stage-2
1,157,46.0,110,80,1,1,0,0,1,40,18.662014686194166,0,Stage-1
2,179,91.0,110,70,1,3,0,0,0,50,28.40111107643332,0,Normal
1,153,65.0,120,80,1,1,0,0,0,41,27.76709812465291,1,Stage-1
2,170,80.0,170,120,1,1,0,0,0,52,27.68166089965398,1,Stage-2
1,161,62.0,140,90,1,1,0,0,1,51,23.9188302920412,1,Stage-2
1,170,65.0,120,80,1,1,0,0,0,51,22.49134948096886,0,Stage-1
1,168,73.0,120,80,3,3,0,0,1,58,25.86451247165533,0,Stage-1
2,174,70.0,120,80,1,1,0,0,1,57,23.120623596247853,0,Stage-1
2,178,79.0,120,80,1,1,0,0,0,53,24.933720489837143,0,Stage-1
1,152,61.0,110,70,2,1,0,0,1,63,26.40235457063712,0,Normal
1,170,74.0,120,80,1,1,0,0,1,55,25.605536332179934,1,Stage-1
1,165,58.0,150,90,1,1,0,0,1,52,21.30394857667585,1,Stage-2
1,174,71.0,120,80,1,1,0,0,1,55,23.450918219051392,1,Stage-1
1,156,77.0,140,90,1,1,0,0,1,59,31.640368178829714,1,Stage-2
2,167,82.0,130,80,1,1,0,0,0,61,29.402273297715947,1,Stage-1
1,162,84.0,120,80,2,1,0,0,0,64,32.00731595793324,1,Stage-1
2,171,68.0,120,80,1,3,0,0,0,50,23.25501863821347,0,Stage-1
1,162,58.0,120,80,1,1,0,0,0,54,22.10028959000152,0,Stage-1
1,168,68.0,120,80,1,1,0,0,1,60,24.092970521541954,0,Stage-1
1,158,61.0,130,80,2,2,0,0,1,53,24.435186668803073,1,Stage-1
2,173,92.0,145,95,1,1,0,0,0,64,30.73941661933242,1,Stage-2
2,170,70.0,130,80,1,1,0,0,1,56,24.221453287197235,0,Stage-1
1,157,48.0,130,80,2,1,0,0,1,44,19.473406629072173,1,Stage-1
2,168,67.0,120,70,1,1,0,0,0,51,23.738662131519277,1,Elevated
1,165,60.0,110,80,1,1,0,0,1,50,22.03856749311295,0,Stage-1
1,165,66.0,140,90,1,1,0,0,1,55,24.242424242424246,0,Stage-2
2,160,61.0,120,80,1,1,0,0,1,54,23.828124999999996,0,Stage-1
1,172,70.0,120,90,3,3,0,0,1,51,23.661438615467823,1,Stage-2
1,153,61.0,130,90,1,1,0,0,1,53,26.05835362467427,0,Stage-2
1,163,81.0,110,70,3,1,0,0,1,55,30.48665738266401,0,Normal
1,165,64.0,120,80,1,1,0,0,1,52,23.507805325987146,0,Stage-1
1,160,58.0,130,90,1,1,0,0,1,53,22.656249999999996,1,Stage-2
2,173,90.0,130,80,1,1,0,0,0,55,30.071168431955627,0,Stage-1
1,155,66.0,160,90,2,1,0,0,1,57,27.47138397502601,1,Stage-2
2,173,85.0,140,100,2,1,1,0,1,50,28.40054796351365,1,Stage-2
1,154,111.0,140,90,2,2,0,0,0,47,46.80384550514421,1,Stage-2
2,170,64.0,110,70,2,1,1,1,1,41,22.145328719723185,1,Normal
1,160,59.0,110,70,1,1,0,0,1,49,23.046874999999996,0,Normal
1,156,57.0,120,80,1,1,0,0,1,55,23.422090729783037,0,Stage-1
2,172,72.0,130,80,1,1,0,0,1,53,24.337479718766904,1,Stage-1
1,163,63.0,120,80,1,1,0,0,1,49,23.711844630960897,0,Stage-1
2,167,68.0,120,80,1,2,0,0,1,55,24.38237297859371,0,Stage-1
1,169,70.0,120,80,1,1,0,0,0,54,24.508945765204302,0,Stage-1
1,164,100.0,180,100,3,3,0,0,1,53,37.18024985127901,1,Stage-2
1,158,61.0,110,70,1,1,0,0,1,48,24.435186668803073,0,Normal
2,160,50.0,130,80,2,1,0,0,1,58,19.531249999999996,0,Stage-1
1,165,56.0,140,90,3,1,0,0,1,60,20.569329660238754,1,Stage-2
1,152,69.0,150,100,1,1,0,0,1,52,29.864958448753463,1,Stage-2
1,163,68.0,150,90,1,1,0,0,0,57,25.59373706198954,1,Stage-2
2,180,78.0,120,80,1,1,0,0,1,46,24.074074074074073,0,Stage-1
1,163,60.0,110,70,1,3,0,0,1,50,22.582709172343712,0,Normal
1,168,95.0,140,80,3,1,0,0,1,59,33.6592970521542,1,Stage-2
2,180,78.0,120,80,1,1,0,0,1,49,24.074074074074073,0,Stage-1
1,167,76.0,140,90,1,1,0,0,0,54,27.250887446663558,1,Stage-2
1,169,58.0,120,70,1,1,0,0,1,46,20.307412205454995,0,Elevated
2,162,84.0,180,89,1,1,0,0,1,59,32.00731595793324,0,Stage-2
2,173,82.0,120,90,1,1,1,1,1,44,27.39817568244846,0,Stage-2
1,169,68.0,110,80,2,2,0,0,1,56,23.80869017191275,0,Stage-1
1,159,76.0,130,90,2,2,0,0,1,61,30.062101973814325,1,Stage-2
1,165,72.0,120,80,1,1,0,0,1,47,26.44628099173554,0,Stage-1
1,168,76.0,120,80,1,1,0,0,1,52,26.92743764172336,1,Stage-1
2,178,92.0,140,90,3,2,1,0,1,56,29.036737785633125,0,Stage-2
1,165,60.0,120,80,1,1,0,0,1,45,22.03856749311295,1,Stage-1
1,164,83.0,120,80,1,1,0,0,1,53,30.859607376561577,1,Stage-1
1,150,65.0,120,80,1,1,0,0,1,50,28.88888888888889,1,Stage-1
2,169,72.0,120,80,1,1,0,0,0,46,25.209201358495854,1,Stage-1
1,150,45.0,150,90,1,1,0,0,1,61,20.0,1,Stage-2
2,168,68.0,110,70,1,1,0,0,1,44,24.092970521541954,0,Normal
1,159,53.0,140,90,1,1,0,0,1,64,20.964360587002094,0,Stage-2
2,169,89.0,120,80,1,1,1,0,1,39,31.161373901474043,0,Stage-1
1,162,135.0,140,90,3,3,0,0,1,56,51.44032921810699,1,Stage-2
1,168,65.0,153,94,1,1,0,0,0,51,23.030045351473927,0,Stage-2
2,175,78.0,110,80,1,1,0,0,0,49,25.46938775510204,1,Stage-1
2,163,87.0,120,80,1,1,0,0,0,54,32.74492829989838,1,Stage-1
1,150,53.0,90,60,2,1,0,0,0,46,23.555555555555557,0,Normal
2,138,60.0,110,80,1,1,0,0,0,43,31.505986137366104,0,Stage-1
2,169,69.0,140,89,1,1,0,0,1,51,24.158817968558527,0,Stage-2
1,178,69.0,100,70,1,1,0,0,1,56,21.777553339224845,0,Normal
1,153,81.0,120,80,1,1,0,0,1,43,34.602076124567475,0,Stage-1
1,160,96.0,140,90,3,3,0,0,1,59,37.49999999999999,1,Stage-2
1,156,68.0,120,80,1,3,0,0,1,48,27.94214332675871,0,Stage-1
2,176,78.0,120,80,2,1,1,0,1,63,25.180785123966942,0,Stage-1
1,169,78.0,130,80,1,1,0,0,1,58,27.309968138370508,0,Stage-1
1,164,64.0,160,90,1,1,0,0,1,57,23.795359904818564,1,Stage-2
1,154,67.0,130,80,3,1,0,0,0,63,28.25096980941137,1,Stage-1
1,160,85.0,110,80,1,1,0,0,1,57,33.20312499999999,1,Stage-1
1,155,65.0,140,90,2,1,0,0,1,62,27.055150884495315,1,Stage-2
1,164,70.0,130,70,3,1,0,0,1,58,26.026174895895306,1,Stage-1
1,160,59.0,150,100,2,1,0,0,1,57,23.046874999999996,1,Stage-2
2,171,69.0,130,80,1,1,0,0,1,39,23.59700420642249,0,Stage-1
1,168,52.0,120,80,1,1,0,0,1,50,18.42403628117914,1,Stage-1
1,168,80.0,140,90,3,1,0,0,1,60,28.344671201814062,1,Stage-2
1,160,91.0,160,90,1,1,0,0,1,55,35.54687499999999,1,Stage-2
1,164,68.0,120,79,2,1,0,0,1,50,25.282569898869724,0,Elevated
1,155,70.0,120,90,1,1,1,0,1,49,29.1363163371488,0,Stage-2
1,159,65.0,110,70,1,1,0,0,1,52,25.71100826707804,1,Normal
1,152,68.0,140,90,1,3,0,0,1,63,29.43213296398892,1,Stage-2
1,165,59.0,120,80,3,3,0,0,1,61,21.6712580348944,1,Stage-1
2,179,73.0,120,80,1,1,0,0,1,45,22.783308885490467,0,Stage-1
1,172,70.0,120,80,1,1,0,0,1,55,23.661438615467823,0,Stage-1
1,157,60.0,130,90,3,3,0,0,1,53,24.341758286340216,1,Stage-2
2,172,71.0,180,100,3,3,0,0,1,57,23.99945916711736,1,Stage-2
2,164,67.0,140,90,1,1,1,0,1,61,24.910767400356935,0,Stage-2
1,162,88.0,130,80,1,1,0,0,1,57,33.53147386069196,1,Stage-1
1,165,63.0,120,80,1,1,0,0,1,49,23.140495867768596,1,Stage-1
2,168,65.0,110,70,1,1,1,0,0,51,23.030045351473927,0,Normal
1,158,65.0,150,80,3,3,0,0,1,55,26.037493991347535,1,Stage-2
1,158,68.0,120,70,1,1,0,0,1,52,27.239224483255885,0,Elevated
2,166,74.0,160,70,3,1,0,0,0,63,26.854405574103644,1,Stage-2
1,159,62.0,100,80,1,1,0,0,1,43,24.524346347059055,1,Stage-1
2,174,91.0,140,90,1,3,1,0,1,53,30.056810675122207,0,Stage-2
1,163,70.0,120,80,1,1,0,0,1,59,26.346494034400994,0,Stage-1
2,175,92.0,110,70,1,1,0,0,1,50,30.040816326530614,0,Normal
1,162,89.0,140,80,3,1,0,0,1,57,33.91251333638164,1,Stage-2
1,164,78.0,130,80,1,3,0,0,1,54,29.000594883997625,1,Stage-1
2,173,52.0,100,70,1,1,0,0,1,49,17.374452871796585,1,Normal
2,170,86.0,160,90,2,1,0,0,1,61,29.75778546712803,1,Stage-2
1,168,65.0,140,80,1,1,0,0,0,48,23.030045351473927,1,Stage-2
1,157,60.0,120,80,1,1,0,0,1,49,24.341758286340216,0,Stage-1
1,157,88.0,120,80,1,1,0,0,0,44,35.70124548663232,0,Stage-1
1,168,136.0,140,90,1,2,0,0,1,52,48.18594104308391,1,Stage-2
1,171,80.0,130,80,2,2,0,0,1,45,27.358845456721728,0,Stage-1
1,160,60.0,120,80,1,1,0,0,1,57,23.437499999999996,1,Stage-1
1,162,68.0,150,90,2,1,0,0,1,50,25.910684346898332,1,Stage-2
1,164,65.0,130,90,3,1,0,0,1,55,24.167162403331353,1,Stage-2
2,166,66.0,120,80,1,1,0,0,0,51,23.95122659311947,0,Stage-1
1,153,52.0,120,100,1,1,0,0,1,52,22.21367849972233,0,Stage-2
2,178,95.0,130,90,3,1,1,0,1,49,29.983587930816814,1,Stage-2
2,170,76.0,130,80,1,1,0,0,1,62,26.29757785467128,1,Stage-1
1,148,89.0,180,100,1,1,0,0,1,58,40.6318480642805,1,Stage-2
1,167,84.0,130,80,1,1,0,0,1,60,30.11940191473341,0,Stage-1
1,152,72.0,120,80,2,1,0,0,1,62,31.16343490304709,1,Stage-1
1,152,83.0,110,70,1,2,0,0,1,55,35.924515235457065,1,Normal
2,195,117.0,130,80,3,3,0,0,1,46,30.76923076923077,1,Stage-1
2,167,49.0,120,80,1,1,0,1,1,40,17.569651116927822,0,Stage-1
1,165,88.0,120,75,1,1,0,0,1,59,32.323232323232325,1,Elevated
2,179,75.0,120,80,1,1,1,0,1,59,23.40750912892856,0,Stage-1
1,168,62.0,120,80,1,1,0,0,1,60,21.9671201814059,1,Stage-1
1,180,80.0,120,70,1,1,0,0,0,64,24.691358024691358,1,Elevated
1,156,60.0,130,80,2,1,0,0,0,56,24.654832347140037,1,Stage-1
2,176,79.0,110,70,1,1,0,0,1,47,25.50361570247934,1,Normal
1,160,65.0,120,80,1,1,0,0,0,61,25.390624999999996,1,Stage-1
1,169,87.0,140,90,1,1,0,0,0,63,30.461118308182492,1,Stage-2
2,177,79.0,130,80,1,1,1,0,1,43,25.2162533116282,0,Stage-1
2,176,67.0,130,90,1,1,1,1,1,51,21.62964876033058,0,Stage-2
2,164,78.0,120,80,1,1,1,0,1,39,29.000594883997625,0,Stage-1
2,182,67.0,110,70,2,3,1,1,1,47,20.227025721531216,0,Normal
2,173,71.0,120,80,3,1,1,0,1,49,23.722810651876106,1,Stage-1
1,157,90.0,120,60,2,1,0,0,1,47,36.51263742951032,0,Elevated
1,167,84.0,110,80,1,2,0,0,0,44,30.11940191473341,0,Stage-1
2,168,78.0,120,80,1,1,0,0,1,60,27.636054421768712,0,Stage-1
2,180,89.0,150,100,1,1,0,0,1,47,27.469135802469133,0,Stage-2
1,165,72.0,140,80,1,1,0,0,1,55,26.44628099173554,1,Stage-2
1,157,58.0,130,80,3,1,0,0,1,47,23.53036634346221,1,Stage-1
2,175,62.0,90,70,1,1,0,0,1,41,20.244897959183675,0,Normal
1,175,86.0,150,90,1,1,0,0,1,54,28.081632653061224,1,Stage-2
1,159,70.0,120,80,1,1,0,0,1,45,27.688778133776353,0,Stage-1
1,165,69.0,120,80,1,1,0,0,0,56,25.344352617079892,1,Stage-1
1,165,63.0,120,80,1,1,0,0,1,40,23.140495867768596,0,Stage-1
2,165,70.0,110,70,1,1,0,0,1,41,25.71166207529844,0,Normal
1,170,70.0,120,80,1,1,0,0,1,57,24.221453287197235,0,Stage-1
2,172,74.0,120,80,1,1,1,0,1,48,25.013520822065985,0,Stage-1
1,165,81.0,120,80,1,2,0,0,1,45,29.752066115702483,1,Stage-1
2,167,70.0,130,90,1,1,0,0,1,51,25.099501595611173,1,Stage-2
1,170,69.0,110,70,1,1,0,0,1,62,23.87543252595156,0,Normal
1,165,68.0,120,80,1,1,0,0,0,52,24.977043158861342,0,Stage-1
1,165,65.0,120,80,1,1,0,0,0,53,23.875114784205696,0,Stage-1
2,175,75.0,138,90,3,1,0,0,1,62,24.489795918367346,1,Stage-2
1,165,67.0,110,80,1,1,0,0,0,40,24.609733700642796,0,Stage-1
1,165,65.0,120,79,3,3,0,0,1,55,23.875114784205696,0,Elevated
2,170,91.0,130,90,3,1,0,0,0,59,31.487889273356405,1,Stage-2
1,158,48.0,100,70,1,2,0,0,1,56,19.227687870533565,0,Normal
1,160,83.0,120,80,1,1,0,0,1,44,32.42187499999999,0,Stage-1
2,172,69.0,130,80,1,1,0,0,0,53,23.323418063818284,1,Stage-1
1,155,84.0,160,100,3,3,0,0,0,64,34.96357960457856,0,Stage-2
2,169,65.0,120,80,1,1,0,0,0,46,22.758306781975424,0,Stage-1
1,150,67.0,120,80,1,1,0,0,1,58,29.77777777777778,1,Stage-1
2,165,70.0,130,80,1,1,1,0,1,52,25.71166207529844,1,Stage-1
2,164,95.0,120,80,1,1,0,0,1,56,35.32123735871506,1,Stage-1
2,170,70.0,120,80,1,1,1,0,1,63,24.221453287197235,0,Stage-1
1,166,83.0,140,90,1,1,0,0,1,42,30.120481927710845,1,Stage-2
1,158,67.0,120,80,1,1,0,0,1,63,26.83864765261977,0,Stage-1
1,167,41.0,100,60,2,1,0,0,1,49,14.701136648857974,0,Normal
1,165,78.0,120,60,1,1,0,0,1,59,28.650137741046834,1,Elevated
2,172,85.0,120,80,1,1,0,0,1,59,28.73174689021093,0,Stage-1
2,162,60.0,110,70,1,1,0,0,1,64,22.86236854138088,1,Normal
1,149,76.0,140,90,1,1,0,0,1,49,34.232692221071126,1,Stage-2
2,165,98.0,130,90,1,1,0,0,1,54,35.99632690541782,0,Stage-2
1,165,62.0,120,80,1,1,0,0,1,60,22.77318640955005,0,Stage-1
1,162,63.0,140,90,3,3,0,0,1,63,24.005486968449926,0,Stage-2
2,161,72.0,100,80,1,3,1,0,1,56,27.776706145596233,0,Stage-1
1,165,85.0,140,80,3,1,0,0,1,47,31.22130394857668,1,Stage-2
2,161,83.0,130,90,1,1,0,0,0,60,32.02036958450677,1,Stage-2
1,160,66.0,140,80,1,1,0,0,1,41,25.781249999999996,1,Stage-2
2,166,72.0,120,80,2,1,0,0,1,58,26.1286108288576,0,Stage-1
2,174,96.0,100,80,1,1,0,0,0,41,31.708283789139912,1,Stage-1
1,146,75.0,130,80,1,1,0,0,1,54,35.1848376806155,0,Stage-1
2,160,67.0,120,80,1,1,0,0,1,50,26.171874999999996,0,Stage-1
2,170,89.0,130,90,2,2,0,0,1,50,30.795847750865054,0,Stage-2
1,156,52.0,140,80,3,1,0,0,1,57,21.367521367521366,1,Stage-2
2,173,83.0,130,80,1,1,0,1,1,59,27.732299776136855,1,Stage-1
2,170,81.0,130,70,1,1,1,0,1,51,28.027681660899656,1,Stage-1
1,171,67.0,130,90,1,1,0,0,1,48,22.91303307000445,1,Stage-2
2,176,68.0,100,70,1,1,0,0,1,44,21.952479338842977,0,Normal
2,170,91.0,130,90,1,1,0,0,1,64,31.487889273356405,0,Stage-2
2,171,68.0,140,90,2,1,0,0,1,59,23.25501863821347,1,Stage-2
1,160,57.0,120,80,1,1,0,0,1,57,22.265624999999996,1,Stage-1
1,160,63.0,120,80,1,1,0,0,0,51,24.609374999999996,0,Stage-1
2,169,69.0,150,100,2,1,1,0,0,49,24.158817968558527,1,Stage-2
1,172,70.0,130,90,1,1,0,0,1,56,23.661438615467823,1,Stage-2
1,165,61.0,120,80,1,1,0,0,1,45,22.4058769513315,0,Stage-1
1,153,66.0,110,70,1,1,0,0,1,41,28.194284249647573,0,Normal
2,172,67.0,110,80,1,1,0,0,1,59,22.647376960519203,0,Stage-1
2,170,73.0,110,70,1,1,0,0,1,39,25.25951557093426,0,Normal
2,169,67.0,120,80,1,1,0,0,1,62,23.458562375266975,0,Stage-1
1,163,74.0,140,90,2,1,0,0,0,60,27.85200797922391,1,Stage-2
1,156,72.0,120,80,3,3,0,0,0,57,29.585798816568044,1,Stage-1
2,167,67.0,120,90,3,1,0,0,1,61,24.023808670084982,1,Stage-2
2,179,87.0,120,80,1,1,0,0,1,45,27.15271058955713,1,Stage-1
1,172,77.0,127,80,1,1,0,0,1,51,26.027582477014604,0,Stage-1
2,176,92.0,130,80,1,1,0,0,0,52,29.700413223140497,0,Stage-1
1,161,50.0,110,70,1,1,0,0,0,51,19.28937926777516,0,Normal
1,155,60.0,120,80,1,1,0,0,1,63,24.97398543184183,1,Stage-1
1,159,72.0,140,80,1,2,0,0,1,59,28.479886080455675,1,Stage-2
2,180,75.0,110,70,1,1,0,0,1,50,23.148148148148145,0,Normal
2,175,77.0,120,80,3,1,0,0,1,61,25.142857142857142,1,Stage-1
1,162,62.0,130,80,1,1,0,0,1,52,23.624447492760247,1,Stage-1
1,150,55.0,120,80,1,1,0,0,1,62,24.444444444444443,1,Stage-1
1,175,65.0,120,90,1,1,0,0,1,41,21.224489795918366,0,Stage-2
1,167,79.0,120,80,1,1,0,0,1,60,28.326580372189753,1,Stage-1
1,169,69.0,140,90,1,1,0,0,0,57,24.158817968558527,1,Stage-2
2,169,72.0,120,80,1,3,0,0,1,48,25.209201358495854,0,Stage-1
1,159,73.0,150,90,3,1,0,0,1,61,28.875440053795337,1,Stage-2
1,160,75.0,130,90,1,1,0,0,1,58,29.296874999999993,0,Stage-2
1,155,55.0,100,80,1,2,0,0,1,40,22.892819979188342,0,Stage-1
1,175,72.0,140,90,1,1,0,0,1,59,23.510204081632654,1,Stage-2
2,172,78.0,100,80,1,1,0,0,1,53,26.365603028664147,0,Stage-1
1,169,66.0,150,90,2,1,0,0,1,63,23.1084345786212,1,Stage-2
1,165,62.0,120,80,1,1,0,0,1,47,22.77318640955005,0,Stage-1
1,158,52.0,120,80,1,1,0,0,0,53,20.82999519307803,1,Stage-1
2,175,100.0,150,110,2,1,0,0,1,39,32.6530612244898,1,Stage-2
2,168,65.0,140,90,3,3,0,0,1,49,23.030045351473927,1,Stage-2
1,163,80.0,130,70,1,1,0,0,0,64,30.11027889645828,1,Stage-1
2,168,74.0,140,90,1,1,0,0,0,51,26.218820861678008,1,Stage-2
1,178,72.0,130,80,3,3,0,0,1,43,22.724403484408533,1,Stage-1
2,167,73.0,130,90,3,1,0,0,1,61,26.175194521137367,0,Stage-2
1,163,65.0,120,70,1,1,0,0,1,50,24.46460160337235,0,Elevated
1,167,59.0,150,110,1,1,0,0,1,64,21.15529420201513,1,Stage-2
1,165,97.0,140,80,1,1,0,0,1,56,35.62901744719927,1,Stage-2
1,160,84.0,140,90,3,2,0,0,1,52,32.81249999999999,1,Stage-2
1,166,82.0,120,70,1,1,0,0,1,61,29.757584555087824,0,Elevated
1,170,61.0,110,60,1,1,0,0,1,49,21.107266435986162,1,Normal
2,167,73.0,130,90,1,1,0,0,1,53,26.175194521137367,0,Stage-2
1,163,68.0,110,80,1,1,0,0,1,57,25.59373706198954,0,Stage-1
1,173,95.0,120,80,1,1,0,0,1,58,31.741788900397605,1,Stage-1
1,150,47.0,100,70,2,2,0,1,1,49,20.88888888888889,0,Normal
1,160,74.0,150,90,1,1,0,0,1,55,28.906249999999993,1,Stage-2
1,164,64.0,110,90,1,1,0,0,0,53,23.795359904818564,1,Stage-2
1,159,83.0,130,80,2,1,0,0,1,49,32.83097978719196,1,Stage-1
1,160,109.0,120,80,3,3,0,0,0,51,42.57812499999999,1,Stage-1
1,164,63.0,120,70,1,1,0,0,1,53,23.423557406305775,1,Elevated
2,167,60.0,130,80,1,1,0,0,1,55,21.513858510523864,0,Stage-1
1,166,68.0,130,80,1,1,0,0,1,60,24.677021338365513,1,Stage-1
1,153,63.0,100,70,1,1,0,0,1,45,26.91272587466359,0,Normal
2,170,77.0,140,90,3,3,0,0,1,54,26.643598615916957,1,Stage-2
1,163,70.0,120,60,1,1,0,0,1,56,26.346494034400994,0,Elevated
2,174,64.0,120,80,2,2,0,0,1,63,21.13885585942661,1,Stage-1
2,166,66.0,150,80,1,1,0,0,1,45,23.95122659311947,1,Stage-2
1,120,69.0,120,80,1,1,0,0,0,57,47.91666666666667,0,Stage-1
1,162,92.0,140,85,1,1,0,0,1,57,35.055631763450684,1,Stage-2
1,150,65.0,90,60,1,1,0,0,1,62,28.88888888888889,0,Normal
1,170,70.0,110,80,2,1,0,0,1,55,24.221453287197235,0,Stage-1
2,174,84.0,140,90,3,1,0,0,1,55,27.74474831549742,1,Stage-2
1,154,67.0,110,80,2,1,0,0,1,52,28.25096980941137,0,Stage-1
1,175,57.0,120,80,2,1,0,0,1,49,18.612244897959183,0,Stage-1
1,160,58.0,120,80,1,1,0,0,1,57,22.656249999999996,1,Stage-1
1,158,78.0,120,80,1,1,0,0,1,56,31.244992789617044,1,Stage-1
1,150,64.0,130,80,1,1,0,0,0,63,28.444444444444443,1,Stage-1
1,165,71.0,120,70,1,1,0,0,1,44,26.07897153351699,0,Elevated
1,159,62.0,160,100,1,1,0,0,1,61,24.524346347059055,1,Stage-2
1,156,54.0,150,80,1,1,0,0,1,59,22.189349112426033,0,Stage-2
1,161,82.0,140,90,3,1,0,0,1,55,31.634581999151262,1,Stage-2
1,163,68.0,120,80,1,1,0,0,1,59,25.59373706198954,1,Stage-1
1,162,63.0,130,80,3,1,0,0,1,62,24.005486968449926,1,Stage-1
1,155,75.0,130,90,3,3,0,0,1,55,31.217481789802285,1,Stage-2
2,170,86.0,130,85,3,3,0,0,1,62,29.75778546712803,1,Stage-1
2,165,86.0,110,70,1,1,0,1,1,40,31.58861340679523,0,Normal
1,160,100.0,170,100,1,1,0,0,0,58,39.06249999999999,1,Stage-2
1,152,43.0,120,80,1,3,0,0,1,54,18.611495844875346,0,Stage-1
1,159,78.0,140,90,2,1,0,0,1,49,30.853209920493647,1,Stage-2
2,180,80.0,130,90,1,1,0,0,1,63,24.691358024691358,0,Stage-2
1,168,68.0,140,90,1,1,0,0,1,41,24.092970521541954,1,Stage-2
1,149,62.0,180,110,2,1,0,0,1,51,27.92666996982118,1,Stage-2
1,157,77.0,130,80,2,1,0,0,1,57,31.238589800803275,0,Stage-1
2,174,78.0,120,80,1,3,0,0,0,42,25.762980578676178,1,Stage-1
1,187,75.0,120,70,1,1,0,0,0,50,21.447567845806283,0,Elevated
1,165,65.0,120,80,1,1,0,0,1,58,23.875114784205696,0,Stage-1
1,155,70.0,140,80,2,1,0,0,0,58,29.1363163371488,0,Stage-2
2,179,83.0,120,80,1,1,0,0,1,61,25.90431010268094,0,Stage-1
2,184,84.0,130,80,1,1,0,0,0,45,24.8109640831758,0,Stage-1
1,172,67.0,110,80,1,1,0,0,1,59,22.647376960519203,0,Stage-1
2,167,67.0,110,70,1,1,0,0,1,54,24.023808670084982,0,Normal
1,160,79.0,140,70,1,1,0,0,1,55,30.859374999999993,1,Stage-2
1,156,69.0,120,80,1,1,0,0,1,39,28.353057199211044,0,Stage-1
2,185,68.0,120,70,2,1,1,1,1,47,19.86851716581446,0,Elevated
1,163,96.0,140,100,1,1,0,0,1,51,36.13233467574994,0,Stage-2
1,162,81.0,110,70,1,1,0,0,1,57,30.864197530864192,0,Normal
2,167,85.0,130,80,2,1,1,1,1,50,30.477966223242138,1,Stage-1
1,168,138.0,120,80,2,1,0,0,1,50,48.89455782312926,1,Stage-1
2,164,75.0,130,90,1,1,0,0,0,57,27.885187388459254,1,Stage-2
2,156,56.0,130,80,3,1,0,0,0,57,23.011176857330703,1,Stage-1
1,167,68.0,120,80,1,3,1,0,1,41,24.38237297859371,0,Stage-1
2,165,69.0,120,80,1,1,0,0,1,52,25.344352617079892,1,Stage-1
1,167,62.0,130,80,1,1,0,0,1,55,22.230987127541326,0,Stage-1
2,170,85.0,120,90,1,1,0,0,0,49,29.411764705882355,0,Stage-2
2,178,89.0,160,70,2,1,1,1,1,51,28.089887640449437,1,Stage-2
1,149,70.0,120,70,2,1,0,0,1,53,31.530111256249718,1,Elevated
2,158,71.0,120,80,1,1,0,0,1,60,28.44095497516423,0,Stage-1
2,162,61.0,140,80,1,2,0,0,1,63,23.243408017070564,1,Stage-2
1,157,55.0,180,90,2,1,1,0,1,58,22.313278429145196,1,Stage-2
1,168,72.0,110,70,1,3,0,0,1,55,25.510204081632658,0,Normal
2,174,69.0,120,70,1,1,1,0,1,42,22.79032897344431,0,Elevated
2,168,79.0,150,89,1,2,0,0,0,53,27.99036281179139,1,Stage-2
1,165,58.0,140,90,1,1,0,0,1,46,21.30394857667585,0,Stage-2
1,165,70.0,180,120,2,2,0,0,1,53,25.71166207529844,1,Stage-2
1,167,67.0,102,85,1,1,0,0,1,47,24.023808670084982,0,Stage-1
1,159,63.0,140,90,2,1,0,0,1,53,24.919900320398717,1,Stage-2
1,156,78.0,150,100,1,1,0,0,1,61,32.05128205128205,0,Stage-2
1,170,60.0,120,80,2,1,0,0,1,41,20.761245674740486,0,Stage-1
1,162,67.0,110,80,1,1,0,0,1,44,25.529644871208653,1,Stage-1
2,176,80.0,140,90,3,2,1,0,1,59,25.826446280991735,0,Stage-2
2,160,60.0,120,80,1,1,0,0,0,62,23.437499999999996,0,Stage-1
2,170,72.0,120,80,1,1,0,0,1,47,24.913494809688583,0,Stage-1
1,156,70.0,120,80,3,1,0,0,1,58,28.763971071663377,1,Stage-1
1,157,80.0,140,80,3,1,0,0,1,53,32.45567771512029,1,Stage-2
1,165,71.0,130,90,2,2,0,0,0,57,26.07897153351699,1,Stage-2
2,172,110.0,120,80,2,2,1,0,0,51,37.182260681449435,1,Stage-1
2,176,80.0,125,80,2,2,0,0,1,63,25.826446280991735,0,Stage-1
2,168,88.0,150,100,3,3,0,0,1,58,31.17913832199547,1,Stage-2
1,156,71.0,130,80,1,1,0,0,1,55,29.17488494411571,0,Stage-1
2,161,67.0,140,100,1,1,0,0,0,45,25.847768218818715,0,Stage-2
1,163,60.0,120,80,3,3,0,0,1,60,22.582709172343712,1,Stage-1
2,146,46.0,120,80,2,1,0,0,1,61,21.580033777444175,0,Stage-1
1,154,91.0,120,80,1,3,0,0,1,55,38.370720188902006,0,Stage-1
1,162,87.0,100,60,1,1,0,0,0,55,33.15043438500228,0,Normal
1,164,86.0,140,80,1,1,0,0,1,63,31.975014872099948,1,Stage-2
1,163,83.0,120,80,1,1,1,0,1,41,31.239414355075468,0,Stage-1
2,169,72.0,120,80,2,2,0,0,1,57,25.209201358495854,0,Stage-1
1,155,70.0,150,100,1,1,0,0,1,53,29.1363163371488,0,Stage-2
1,155,60.0,170,90,1,1,0,0,1,49,24.97398543184183,1,Stage-2
1,171,79.0,120,80,1,1,0,0,1,61,27.01685988851271,0,Stage-1
2,160,65.0,120,80,1,1,0,0,1,47,25.390624999999996,0,Stage-1
2,175,86.0,140,90,1,1,0,0,0,46,28.081632653061224,0,Stage-2
1,160,56.0,110,70,1,1,0,0,1,55,21.874999999999996,0,Normal
1,144,79.0,150,90,1,2,0,0,1,64,38.097993827160494,1,Stage-2
2,162,60.0,120,80,1,1,0,0,0,50,22.86236854138088,0,Stage-1
2,170,74.0,120,80,1,1,0,0,1,52,25.605536332179934,0,Stage-1
1,152,52.0,110,70,2,2,0,0,1,53,22.506925207756233,0,Normal
2,175,77.0,110,80,1,1,0,0,1,50,25.142857142857142,0,Stage-1
1,172,82.0,110,70,1,1,0,0,1,48,27.717685235262305,0,Normal
1,165,66.0,120,80,1,1,0,0,1,59,24.242424242424246,0,Stage-1
1,168,90.0,140,90,3,2,0,0,1,59,31.88775510204082,1,Stage-2
1,145,45.0,120,80,1,1,0,0,1,41,21.40309155766944,0,Stage-1
1,158,78.0,120,80,2,3,0,0,1,58,31.244992789617044,1,Stage-1
2,169,74.0,120,80,1,1,0,0,1,47,25.909456951787405,1,Stage-1
1,168,76.0,120,80,2,1,0,0,1,57,26.92743764172336,1,Stage-1
1,164,75.0,130,90,1,1,0,0,0,63,27.885187388459254,1,Stage-2
2,165,66.0,110,80,1,1,0,0,1,62,24.242424242424246,0,Stage-1
1,168,73.0,120,80,1,1,0,0,1,53,25.86451247165533,0,Stage-1
1,165,65.0,120,80,1,1,0,0,1,41,23.875114784205696,0,Stage-1
2,172,57.0,130,90,1,1,0,0,1,50,19.2671714440238,0,Stage-2
1,174,84.0,120,80,1,1,0,0,1,59,27.74474831549742,0,Stage-1
1,162,70.0,130,70,1,1,0,0,0,52,26.672763298277697,1,Stage-1
1,152,70.0,120,80,1,1,0,0,1,51,30.297783933518005,0,Stage-1
2,163,61.0,115,75,1,1,1,0,1,55,22.95908765854944,0,Normal
1,160,65.0,120,80,1,1,0,0,0,50,25.390624999999996,0,Stage-1
2,174,83.0,120,70,1,1,0,0,1,41,27.414453692693883,0,Elevated
1,166,61.0,120,80,2,1,0,0,0,41,22.136739730004358,0,Stage-1
1,164,107.0,150,100,3,1,0,0,1,51,39.782867340868535,1,Stage-2
2,162,74.0,120,80,1,1,0,0,1,57,28.19692120103642,0,Stage-1
1,158,80.0,120,80,1,1,0,0,1,64,32.046146450889275,0,Stage-1
1,198,99.0,140,80,1,1,0,0,1,58,25.252525252525253,1,Stage-2
1,159,108.0,130,80,1,1,0,0,1,54,42.719829120683514,1,Stage-1
2,163,51.0,120,80,1,1,0,0,1,54,19.195302796492154,0,Stage-1
2,170,74.0,120,80,1,1,0,0,0,45,25.605536332179934,0,Stage-1
1,167,84.0,160,90,3,3,0,0,1,61,30.11940191473341,1,Stage-2
1,165,60.0,120,80,1,1,0,0,1,47,22.03856749311295,1,Stage-1
1,162,71.0,140,90,1,1,0,0,1,53,27.053802773967377,1,Stage-2
1,165,97.0,120,80,1,1,0,0,0,63,35.62901744719927,1,Stage-1
2,178,63.0,120,70,2,1,0,0,1,53,19.883853048857468,0,Elevated
2,177,85.0,120,80,1,3,0,0,1,49,27.13141179099237,0,Stage-1
2,170,130.0,200,110,1,1,0,0,1,53,44.98269896193772,1,Stage-2
1,156,55.0,140,80,1,1,0,0,1,51,22.600262984878366,1,Stage-2
1,168,64.0,120,80,1,1,0,0,0,54,22.67573696145125,1,Stage-1
1,165,79.0,120,80,1,1,0,0,1,55,29.017447199265384,0,Stage-1
2,152,56.0,130,90,1,1,0,0,1,63,24.238227146814403,1,Stage-2
1,165,81.0,120,80,3,3,0,0,1,57,29.752066115702483,1,Stage-1
1,159,49.0,100,60,1,1,0,0,1,39,19.382144693643447,0,Normal
1,170,96.0,140,90,3,1,0,0,1,43,33.21799307958478,1,Stage-2
1,160,48.0,130,80,2,1,0,0,1,52,18.749999999999996,0,Stage-1
2,174,63.0,100,60,1,1,0,0,1,56,20.808561236623067,0,Normal
1,160,82.0,120,80,1,1,0,0,1,51,32.03124999999999,1,Stage-1
1,165,68.0,120,80,1,1,0,0,0,50,24.977043158861342,0,Stage-1
1,165,60.0,120,70,1,1,0,0,0,44,22.03856749311295,0,Elevated
1,160,90.0,120,80,1,1,0,0,1,53,35.15624999999999,0,Stage-1
1,164,87.0,140,90,1,1,0,0,0,55,32.34681737061273,0,Stage-2
2,175,102.0,120,80,1,1,0,0,0,61,33.30612244897959,0,Stage-1
2,168,59.0,120,80,1,1,0,0,1,39,20.904195011337873,0,Stage-1
1,170,77.0,120,70,1,1,0,0,1,55,26.643598615916957,0,Elevated
2,167,82.0,120,80,1,1,0,1,1,43,29.402273297715947,1,Stage-1
1,163,93.0,120,80,1,1,0,0,1,59,35.00319921713275,0,Stage-1
1,156,57.0,120,80,1,1,0,0,1,51,23.422090729783037,0,Stage-1
2,178,91.0,120,80,1,1,0,0,0,45,28.721121070571897,1,Stage-1
1,152,80.0,110,80,1,1,0,0,1,49,34.62603878116344,0,Stage-1
1,158,70.0,120,80,1,1,0,0,0,55,28.040378144528116,0,Stage-1
1,165,73.0,150,90,1,1,0,0,1,45,26.813590449954088,1,Stage-2
1,150,60.0,130,90,1,1,0,0,1,45,26.666666666666668,0,Stage-2
1,167,65.0,120,80,3,1,0,0,1,51,23.306680053067517,1,Stage-1
1,160,58.0,123,83,1,1,0,0,1,54,22.656249999999996,1,Stage-1
1,154,57.0,110,70,1,1,0,0,1,40,24.034407151290267,0,Normal
2,170,75.0,120,89,1,1,0,0,0,53,25.95155709342561,0,Stage-1
1,168,70.0,130,80,1,3,0,0,1,45,24.801587301587304,1,Stage-1
2,160,64.0,110,80,1,1,0,0,1,45,24.999999999999996,0,Stage-1
2,170,69.0,120,70,1,1,0,0,1,54,23.87543252595156,0,Elevated
1,158,63.0,140,90,1,1,0,0,1,56,25.236340330075304,1,Stage-2
2,173,58.0,120,80,2,1,1,0,1,59,19.37919743392696,1,Stage-1
2,164,89.0,110,90,1,1,0,1,0,59,33.09042236763832,1,Stage-2
1,160,77.0,130,90,2,1,0,0,1,43,30.078124999999993,0,Stage-2
1,159,80.0,100,80,1,1,0,0,1,51,31.644317867172973,0,Stage-1
2,150,55.0,120,82,1,1,0,0,1,43,24.444444444444443,1,Stage-1
2,174,85.0,140,80,1,1,0,0,1,55,28.075042938300964,1,Stage-2
2,158,64.0,160,95,2,1,0,0,1,53,25.63691716071142,1,Stage-2
1,156,73.0,130,97,1,1,0,0,0,55,29.996712689020377,1,Stage-2
2,162,80.0,120,80,1,1,1,0,1,55,30.48315805517451,0,Stage-1
1,155,87.0,120,80,1,1,0,0,1,48,36.21227887617065,0,Stage-1
1,160,63.0,125,80,1,1,0,0,1,51,24.609374999999996,0,Stage-1
1,149,60.0,120,80,1,1,0,0,0,50,27.025809648214047,1,Stage-1
1,154,59.0,130,90,1,1,0,0,1,64,24.87771968291449,0,Stage-2
1,160,80.0,100,70,1,1,0,0,0,55,31.249999999999993,0,Normal
2,169,92.0,140,90,3,3,1,0,1,53,32.21175729141137,1,Stage-2
1,159,71.0,120,80,1,1,0,0,1,44,28.084332107116012,0,Stage-1
1,152,73.0,120,80,3,1,0,0,1,55,31.596260387811633,1,Stage-1
1,159,74.0,130,90,1,1,0,0,1,59,29.270994027135,1,Stage-2
2,165,78.0,130,80,1,1,0,0,0,50,28.650137741046834,0,Stage-1
2,160,58.0,110,70,1,1,0,0,1,62,22.656249999999996,0,Normal
2,167,65.0,120,80,1,1,0,0,0,54,23.306680053067517,0,Stage-1
2,164,80.0,180,100,1,1,0,0,1,63,29.744199881023206,1,Stage-2
2,174,90.0,120,80,2,1,0,0,1,56,29.72651605231867,1,Stage-1
2,159,45.0,120,80,1,1,1,0,1,57,17.799928800284796,0,Stage-1
1,154,68.0,110,80,1,1,0,0,1,61,28.67262607522348,1,Stage-1
1,169,85.0,150,90,1,1,1,1,1,41,29.76086271489094,1,Stage-2
1,170,78.0,120,80,1,1,0,0,1,45,26.989619377162633,1,Stage-1
2,164,66.0,120,80,1,2,1,0,1,53,24.538964901844146,0,Stage-1
1,169,68.0,120,80,1,1,0,0,1,49,23.80869017191275,0,Stage-1
1,193,67.0,110,60,1,1,0,0,1,54,17.9870600553035,0,Normal
1,153,101.0,160,120,1,1,0,0,1,56,43.145798624460674,1,Stage-2
2,158,68.0,150,100,1,1,0,0,0,54,27.239224483255885,1,Stage-2
1,168,60.0,110,70,1,1,0,0,1,57,21.258503401360546,0,Normal
2,172,113.0,110,80,1,1,0,0,0,63,38.196322336398055,1,Stage-1
2,120,80.0,120,80,1,1,0,0,1,40,55.55555555555556,0,Stage-1
2,161,79.0,110,80,1,1,0,0,1,40,30.477219243084754,0,Stage-1
1,153,84.0,140,90,1,1,0,0,1,56,35.883634499551455,1,Stage-2
2,171,88.0,120,80,1,1,0,0,1,44,30.094730002393902,0,Stage-1
2,169,106.0,140,80,2,1,0,0,1,57,37.11354644445223,1,Stage-2
2,165,71.0,110,70,1,1,0,0,1,62,26.07897153351699,0,Normal
1,160,80.0,120,90,1,1,0,0,1,50,31.249999999999993,1,Stage-2
1,159,62.0,120,60,1,1,0,0,1,50,24.524346347059055,0,Elevated
2,162,64.0,120,80,1,1,1,1,1,42,24.38652644413961,0,Stage-1
2,178,97.0,120,80,1,1,0,0,1,50,30.614821360939274,0,Stage-1
1,168,67.0,140,80,1,1,0,0,1,58,23.738662131519277,1,Stage-2
1,154,82.0,130,80,1,1,0,0,1,49,34.57581379659302,1,Stage-1
1,147,69.0,120,60,1,1,0,0,1,53,31.93113980285992,0,Elevated
2,173,80.0,120,80,1,1,0,0,0,42,26.729927495071667,0,Stage-1
2,165,64.0,120,80,3,1,0,0,1,63,23.507805325987146,0,Stage-1
1,169,69.0,120,80,1,3,0,0,1,57,24.158817968558527,1,Stage-1
1,162,69.0,120,80,3,1,0,0,1,60,26.291723822588015,1,Stage-1
1,156,64.0,100,70,1,2,0,0,1,56,26.298487836949374,0,Normal
1,150,75.0,120,80,1,1,0,0,0,59,33.333333333333336,1,Stage-1
2,169,83.0,120,80,1,1,0,0,1,52,29.060607121599386,0,Stage-1
2,174,87.0,140,90,1,1,0,0,1,42,28.735632183908045,1,Stage-2
1,158,71.0,150,90,1,1,0,0,1,54,28.44095497516423,1,Stage-2
2,169,71.0,110,70,1,1,0,0,1,48,24.859073561850078,0,Normal
2,162,78.0,150,100,1,1,0,0,1,51,29.721079103795148,1,Stage-2
2,168,90.0,115,75,3,3,1,0,1,47,31.88775510204082,0,Normal
2,166,54.0,110,80,1,2,0,0,1,49,19.5964581216432,0,Stage-1
2,182,76.0,120,80,1,1,0,0,1,49,22.944088878154812,1,Stage-1
2,169,72.0,140,90,1,3,0,0,1,49,25.209201358495854,0,Stage-2
1,164,85.0,110,80,3,1,0,0,1,58,31.603212373587155,1,Stage-1
2,174,62.0,120,80,1,1,1,0,1,47,20.478266613819528,0,Stage-1
1,168,63.0,130,80,1,1,0,0,1,63,22.321428571428577,1,Stage-1
1,167,110.0,140,90,1,3,0,0,1,63,39.442073935960416,1,Stage-2
1,160,89.0,150,80,3,1,0,0,1,56,34.76562499999999,1,Stage-2
1,160,78.0,120,80,1,1,0,1,1,50,30.468749999999993,0,Stage-1
1,170,70.0,120,70,1,1,0,0,1,39,24.221453287197235,0,Elevated
2,172,73.0,140,90,3,3,0,0,1,43,24.675500270416443,1,Stage-2
1,162,108.0,150,90,2,3,1,0,1,46,41.152263374485585,1,Stage-2
2,168,68.0,160,80,3,1,0,0,1,60,24.092970521541954,1,Stage-2
2,172,68.0,150,100,2,2,0,0,1,43,22.985397512168742,1,Stage-2
2,171,72.0,120,80,1,1,0,0,1,44,24.622960911049557,1,Stage-1
2,168,90.0,120,80,1,1,0,0,1,58,31.88775510204082,0,Stage-1
1,165,63.0,120,70,1,1,0,0,1,52,23.140495867768596,0,Elevated
2,184,103.0,120,80,1,1,0,0,1,44,30.42296786389414,0,Stage-1
1,154,68.0,120,80,3,1,0,0,1,55,28.67262607522348,0,Stage-1
1,165,68.0,120,80,1,1,0,0,1,57,24.977043158861342,0,Stage-1
1,162,55.0,120,80,1,1,0,0,1,48,20.957171162932475,0,Stage-1
1,165,92.0,140,90,1,1,0,0,0,59,33.792470156106525,1,Stage-2
2,177,94.0,100,70,1,1,0,0,1,60,30.00414951003862,0,Normal
2,164,74.0,140,90,1,1,0,0,1,63,27.513384889946465,1,Stage-2
1,161,63.0,150,100,1,1,0,0,1,39,24.3046178773967,1,Stage-2
1,150,47.0,120,80,2,1,0,0,1,50,20.88888888888889,0,Stage-1
2,170,64.0,120,80,1,1,1,1,1,41,22.145328719723185,0,Stage-1
1,160,59.0,150,90,1,1,0,0,1,59,23.046874999999996,1,Stage-2
1,163,67.0,130,80,1,1,0,0,0,63,25.21735857578381,0,Stage-1
2,170,90.0,120,80,3,3,0,0,1,64,31.14186851211073,0,Stage-1
2,180,85.0,120,80,1,3,0,0,1,45,26.234567901234566,0,Stage-1
1,160,68.0,120,80,1,1,0,0,1,40,26.562499999999996,0,Stage-1
1,144,62.0,140,80,1,1,0,0,0,55,29.899691358024693,1,Stage-2
1,160,82.0,130,80,1,1,0,0,0,57,32.03124999999999,0,Stage-1
1,159,62.0,118,74,1,1,0,0,1,51,24.524346347059055,0,Normal
1,154,67.0,120,80,1,2,0,0,0,52,28.25096980941137,1,Stage-1
2,168,93.0,130,100,3,1,0,0,0,59,32.95068027210885,1,Stage-2
1,162,73.0,110,70,1,1,0,0,1,50,27.815881725346742,0,Normal
2,167,77.0,150,90,3,1,0,0,1,63,27.60945175517229,1,Stage-2
1,158,120.0,130,70,3,1,0,0,1,56,48.069219676333915,1,Stage-1
2,166,79.0,130,90,1,1,1,1,1,51,28.668892437218755,0,Stage-2
1,153,56.0,120,80,1,1,0,0,1,55,23.92242299970097,0,Stage-1
1,175,75.0,120,80,1,1,0,0,0,49,24.489795918367346,0,Stage-1
1,160,66.0,110,70,1,1,0,0,0,40,25.781249999999996,0,Normal
2,170,73.0,140,80,2,1,1,1,0,49,25.25951557093426,1,Stage-2
1,158,58.0,120,80,1,1,0,0,1,58,23.233456176894723,1,Stage-1
1,164,95.0,120,80,2,1,0,0,1,56,35.32123735871506,0,Stage-1
1,164,73.0,120,90,1,2,0,0,1,41,27.141582391433676,1,Stage-2
2,154,62.0,120,80,1,1,0,0,1,54,26.14268848035082,0,Stage-1
1,157,55.0,120,80,1,1,0,0,1,49,22.313278429145196,0,Stage-1
1,150,50.0,90,60,1,2,0,0,1,55,22.22222222222222,0,Normal
1,167,63.0,120,80,1,1,0,0,0,45,22.589551436050055,0,Stage-1
1,160,60.0,160,80,1,1,0,0,1,53,23.437499999999996,0,Stage-2
1,170,76.0,110,70,1,1,0,0,1,44,26.29757785467128,0,Normal
1,168,68.0,150,80,1,1,0,0,1,52,24.092970521541954,1,Stage-2
1,166,84.0,140,90,1,3,0,0,1,53,30.48337930033387,0,Stage-2
1,163,86.0,130,90,3,1,0,0,1,43,32.36854981369265,1,Stage-2
1,159,65.0,110,70,1,1,0,0,1,46,25.71100826707804,1,Normal
1,159,61.0,130,80,1,1,0,0,0,53,24.128792373719392,0,Stage-1
1,164,63.0,120,80,1,1,0,0,1,49,23.423557406305775,1,Stage-1
2,165,69.0,140,90,2,1,0,0,1,64,25.344352617079892,1,Stage-2
2,160,110.0,120,80,1,1,1,0,1,39,42.96874999999999,0,Stage-1
1,165,64.0,120,90,2,1,0,0,1,52,23.507805325987146,0,Stage-2
2,172,71.0,120,80,1,1,0,0,1,58,23.99945916711736,0,Stage-1
1,162,61.0,120,80,1,1,0,0,1,53,23.243408017070564,1,Stage-1
1,164,59.0,120,80,1,1,0,0,1,51,21.936347412254616,0,Stage-1
1,172,84.0,125,90,1,1,0,0,0,50,28.393726338561386,1,Stage-2
1,158,63.0,120,80,1,1,0,0,0,59,25.236340330075304,1,Stage-1
2,174,85.0,140,90,1,1,0,0,1,57,28.075042938300964,0,Stage-2
2,169,78.0,120,80,2,1,0,1,1,55,27.309968138370508,0,Stage-1
1,151,56.0,120,80,1,1,0,0,0,59,24.560326301478007,0,Stage-1
1,168,65.0,120,80,1,1,0,0,1,55,23.030045351473927,0,Stage-1
2,184,84.0,120,80,1,1,0,0,0,54,24.8109640831758,0,Stage-1
1,168,72.0,150,100,1,1,0,0,1,59,25.510204081632658,0,Stage-2
1,164,79.0,130,90,3,1,0,0,1,57,29.372397382510414,1,Stage-2
1,160,72.0,130,90,1,1,0,0,1,54,28.124999999999993,1,Stage-2
1,165,63.0,120,80,1,1,0,0,1,56,23.140495867768596,0,Stage-1
1,165,66.0,120,80,1,1,0,0,1,57,24.242424242424246,0,Stage-1
2,168,68.0,120,80,1,1,0,0,0,51,24.092970521541954,0,Stage-1
1,155,92.0,130,90,2,2,0,0,1,53,38.29344432882414,1,Stage-2
2,159,60.0,120,80,1,1,0,0,1,60,23.73323840037973,0,Stage-1
2,172,68.0,130,80,1,1,0,0,1,55,22.985397512168742,1,Stage-1
1,149,74.0,140,90,2,1,0,0,1,59,33.331831899463985,1,Stage-2
1,155,56.0,110,70,1,1,0,0,1,60,23.309053069719038,0,Normal
1,165,80.0,120,80,1,1,0,0,1,40,29.384756657483933,0,Stage-1
1,158,63.0,140,100,2,3,0,0,1,61,25.236340330075304,1,Stage-2
1,165,65.0,120,80,1,1,0,0,1,54,23.875114784205696,0,Stage-1
1,164,58.0,114,74,1,1,0,0,1,57,21.564544913741823,0,Normal
2,169,76.0,120,80,1,1,0,0,1,58,26.609712545078956,0,Stage-1
1,159,71.0,120,80,1,1,0,0,1,59,28.084332107116012,1,Stage-1
2,172,75.0,130,80,3,1,0,0,1,60,25.351541373715524,1,Stage-1
1,163,93.0,110,80,1,1,0,0,1,61,35.00319921713275,1,Stage-1
1,156,62.0,100,70,1,1,0,0,1,40,25.476660092044707,0,Normal
1,175,75.0,120,70,1,1,0,0,0,54,24.489795918367346,0,Elevated
1,163,60.0,100,60,1,1,0,1,1,61,22.582709172343712,1,Normal
1,156,66.0,120,80,1,1,1,0,1,48,27.12031558185404,0,Stage-1
1,168,69.0,120,80,1,1,0,0,1,51,24.44727891156463,0,Stage-1
2,172,76.0,120,80,1,1,0,0,1,43,25.689561925365066,0,Stage-1
2,162,100.0,130,80,1,1,0,0,1,46,38.10394756896814,0,Stage-1
1,159,61.0,140,60,2,1,0,0,1,61,24.128792373719392,1,Stage-2
2,178,97.0,160,100,2,1,0,0,0,47,30.614821360939274,1,Stage-2
1,167,111.0,130,80,1,1,0,0,1,53,39.80063824446915,1,Stage-1
1,167,63.0,120,80,1,1,1,1,0,40,22.589551436050055,0,Stage-1
2,169,82.0,150,90,2,1,1,0,1,64,28.71047932495361,1,Stage-2
1,165,57.0,120,80,1,1,0,0,1,57,20.936639118457304,1,Stage-1
1,167,53.0,100,70,1,1,0,0,1,52,19.003908350962746,0,Normal
1,168,67.0,90,70,1,1,0,0,1,45,23.738662131519277,1,Normal
1,169,88.0,120,80,1,1,0,0,0,53,30.811246104828268,1,Stage-1
2,177,95.0,120,80,1,1,1,0,1,55,30.323342589932647,1,Stage-1
1,154,64.0,180,100,2,1,0,0,1,53,26.986001011975038,1,Stage-2
2,162,62.0,120,80,1,1,0,0,1,44,23.624447492760247,0,Stage-1
1,168,70.0,100,60,1,1,0,0,1,40,24.801587301587304,0,Normal
1,168,85.0,120,90,3,1,0,0,0,47,30.116213151927443,1,Stage-2
2,174,117.0,130,80,1,1,0,0,1,51,38.64447086801427,1,Stage-1
1,168,58.0,120,80,1,1,0,0,0,55,20.549886621315196,0,Stage-1
1,169,74.0,130,80,1,1,0,0,1,55,25.909456951787405,0,Stage-1
2,174,120.0,180,90,1,1,0,0,1,55,39.63535473642489,0,Stage-2
1,156,64.0,110,80,1,1,0,0,1,62,26.298487836949374,1,Stage-1
2,176,97.0,140,80,3,2,0,0,1,60,31.31456611570248,1,Stage-2
1,167,90.0,110,80,1,1,0,0,0,45,32.2707877657858,0,Stage-1
2,185,127.0,130,80,3,1,1,0,0,54,37.107377647918184,1,Stage-1
1,165,86.0,100,60,2,2,0,0,1,57,31.58861340679523,0,Normal
1,153,53.0,150,90,1,1,0,0,0,59,22.64086462471699,1,Stage-2
2,174,98.0,130,90,2,2,0,0,1,54,32.368873034747,1,Stage-2
2,179,89.0,140,100,1,1,0,0,1,50,27.776910832995224,1,Stage-2
2,169,58.0,120,80,1,1,0,0,1,53,20.307412205454995,1,Stage-1
2,178,71.0,120,70,1,1,1,1,1,56,22.408786769347305,0,Elevated
1,152,62.0,120,80,1,1,0,0,1,53,26.83518005540166,0,Stage-1
1,162,82.0,120,80,1,1,0,1,1,49,31.24523700655387,0,Stage-1
2,178,90.0,120,90,3,3,0,0,0,39,28.40550435551067,0,Stage-2
2,176,82.0,130,80,2,1,0,0,1,51,26.47210743801653,0,Stage-1
1,162,85.0,150,90,1,1,0,0,1,55,32.38835543362292,0,Stage-2
2,170,89.0,110,80,1,1,0,0,1,45,30.795847750865054,0,Stage-1
1,168,68.0,120,70,3,3,0,0,0,58,24.092970521541954,0,Elevated
1,157,74.0,110,80,1,1,0,0,1,50,30.021501886486266,0,Stage-1
1,162,72.0,160,90,3,1,0,0,1,56,27.43484224965706,1,Stage-2
2,169,69.0,110,70,1,1,1,1,1,54,24.158817968558527,1,Normal
2,174,83.0,130,80,1,1,1,0,1,51,27.414453692693883,1,Stage-1
1,151,64.0,130,80,1,1,0,0,1,55,28.068944344546292,0,Stage-1
1,161,47.0,110,70,1,1,1,1,1,41,18.132016511708652,0,Normal
2,182,113.0,130,90,1,1,1,1,1,48,34.1142374109407,1,Stage-2
2,174,106.0,130,90,2,1,0,0,1,59,35.01123001717532,1,Stage-2
1,168,66.0,110,80,1,1,0,0,0,56,23.384353741496604,1,Stage-1
2,171,82.0,120,80,1,1,1,0,1,53,28.042816593139772,0,Stage-1
2,162,56.0,120,80,1,1,0,0,1,43,21.338210638622158,1,Stage-1
2,167,92.0,130,90,2,1,0,0,1,51,32.987916382803256,1,Stage-2
1,153,64.0,150,100,1,1,0,0,1,56,27.339911999658252,1,Stage-2
1,161,76.0,120,80,1,1,0,0,1,60,29.319856487018246,1,Stage-1
2,174,65.0,120,80,1,1,0,0,1,63,21.469150482230148,1,Stage-1
1,154,60.0,100,70,1,1,0,0,1,49,25.2993759487266,0,Normal
1,168,60.0,130,80,1,1,0,0,1,52,21.258503401360546,1,Stage-1
1,168,74.0,110,70,1,1,0,0,1,42,26.218820861678008,0,Normal
2,160,60.0,130,80,1,1,0,0,0,43,23.437499999999996,0,Stage-1
1,167,60.0,120,80,1,1,0,0,0,50,21.513858510523864,0,Stage-1
1,171,69.0,110,90,1,2,0,0,1,62,23.59700420642249,1,Stage-2
1,160,66.0,120,80,1,1,0,0,1,45,25.781249999999996,0,Stage-1
1,155,104.0,150,100,1,1,0,0,1,47,43.2882414151925,0,Stage-2
1,165,78.0,140,90,1,1,0,0,1,48,28.650137741046834,1,Stage-2
1,156,77.0,150,90,1,1,0,0,1,50,31.640368178829714,0,Stage-2
1,172,135.0,150,90,2,2,0,0,0,45,45.63277447268794,1,Stage-2
1,173,60.0,120,80,1,1,1,0,1,41,20.04744562130375,0,Stage-1
2,165,73.0,120,80,1,1,0,0,1,63,26.813590449954088,0,Stage-1
1,160,90.0,120,70,1,1,0,0,1,57,35.15624999999999,0,Elevated
1,155,81.0,140,90,1,1,0,0,1,58,33.71488033298647,1,Stage-2
1,159,60.0,120,80,1,1,0,0,1,55,23.73323840037973,0,Stage-1
2,164,68.0,110,70,1,1,0,0,1,57,25.282569898869724,0,Normal
1,165,65.0,120,80,3,3,0,0,0,57,23.875114784205696,1,Stage-1
1,155,84.0,120,80,1,1,0,0,1,61,34.96357960457856,1,Stage-1
1,170,82.0,120,80,3,1,0,0,1,59,28.373702422145332,1,Stage-1
1,152,75.0,100,70,1,1,0,0,0,47,32.46191135734072,0,Normal
2,174,72.0,150,90,1,1,0,0,1,63,23.781212841854934,1,Stage-2
2,163,59.0,140,90,1,1,0,0,0,57,22.20633068613798,0,Stage-2
2,167,101.0,180,120,2,1,1,0,1,51,36.214995159381836,0,Stage-2
1,154,62.0,130,80,3,1,0,0,1,64,26.14268848035082,1,Stage-1
2,163,62.0,110,70,1,1,1,0,1,63,23.335466144755166,0,Normal
1,160,76.0,130,90,1,1,0,0,0,61,29.687499999999993,1,Stage-2
1,160,79.0,120,70,1,1,0,0,1,57,30.859374999999993,0,Elevated
1,158,55.0,150,90,1,1,0,0,1,60,22.031725684986377,1,Stage-2
1,155,76.0,120,80,1,1,0,0,1,57,31.63371488033298,0,Stage-1
1,164,60.0,120,80,1,1,0,0,0,42,22.308149910767405,1,Stage-1
2,166,55.0,140,100,1,1,0,0,1,64,19.959355494266223,1,Stage-2
1,165,76.0,120,70,1,1,0,0,1,54,27.915518824609737,0,Elevated
2,176,72.0,120,80,1,1,0,0,1,51,23.243801652892564,0,Stage-1
1,176,72.0,120,90,1,1,0,0,1,50,23.243801652892564,1,Stage-2
2,165,78.0,120,80,1,1,0,0,1,62,28.650137741046834,1,Stage-1
2,164,64.0,140,90,2,1,1,1,1,49,23.795359904818564,1,Stage-2
1,158,70.0,110,80,1,1,0,0,1,44,28.040378144528116,0,Stage-1
1,161,79.0,120,80,1,1,0,0,1,52,30.477219243084754,1,Stage-1
2,179,111.0,120,70,1,1,0,0,1,48,34.64311351081427,1,Elevated
1,156,65.0,120,80,1,1,0,0,1,64,26.709401709401707,1,Stage-1
1,166,91.0,120,80,3,1,0,0,1,51,33.02366090869502,1,Stage-1
1,168,72.0,100,70,1,1,0,0,1,44,25.510204081632658,1,Normal
1,169,75.0,120,80,1,1,0,0,1,56,26.25958474843318,0,Stage-1
1,161,70.0,110,80,1,1,0,1,1,53,27.005130974885226,1,Stage-1
1,160,60.0,130,60,1,1,0,0,1,43,23.437499999999996,0,Stage-1
2,167,78.0,150,94,1,1,0,0,1,57,27.968016063681024,0,Stage-2
2,177,81.0,110,70,1,3,1,0,1,46,25.854639471416256,0,Normal
1,154,74.0,140,90,1,2,0,0,0,58,31.20256367009614,1,Stage-2
1,160,90.0,130,80,3,3,0,0,0,59,35.15624999999999,0,Stage-1
1,160,60.0,120,80,3,3,0,0,1,56,23.437499999999996,0,Stage-1
1,169,87.0,130,60,1,1,0,0,0,49,30.461118308182492,0,Stage-1
1,164,64.0,120,80,1,1,0,0,1,53,23.795359904818564,1,Stage-1
1,161,115.0,160,100,2,1,0,0,0,50,44.36557231588287,1,Stage-2
2,170,65.0,120,80,1,1,0,0,1,59,22.49134948096886,0,Stage-1
2,176,85.0,120,80,1,1,0,0,1,43,27.44059917355372,0,Stage-1
2,171,86.0,150,80,1,1,0,0,1,55,29.410758865975858,1,Stage-2
1,147,74.0,120,80,3,1,0,0,0,45,34.24499051321209,1,Stage-1
1,153,55.0,110,70,2,1,0,0,1,62,23.49523687470631,1,Normal
1,168,64.0,130,80,1,1,0,0,1,39,22.67573696145125,0,Stage-1
1,141,83.0,130,80,1,1,0,0,1,57,41.74840299783714,1,Stage-1
2,171,69.0,120,80,1,1,0,0,1,54,23.59700420642249,0,Stage-1
1,150,55.0,120,70,1,1,0,0,0,41,24.444444444444443,0,Elevated
1,152,67.0,150,100,1,1,0,0,1,59,28.999307479224377,1,Stage-2
1,155,80.0,150,100,1,1,0,0,1,63,33.29864724245577,1,Stage-2
2,182,69.0,120,80,1,1,0,0,1,55,20.830817534114235,0,Stage-1
2,170,82.0,130,80,3,1,1,0,1,59,28.373702422145332,1,Stage-1
2,172,80.0,120,80,1,1,0,0,0,40,27.041644131963228,0,Stage-1
1,156,63.0,130,90,3,1,0,1,0,51,25.88757396449704,1,Stage-2
1,153,44.0,140,80,1,1,0,0,1,53,18.79618949976505,1,Stage-2
2,180,71.0,120,80,1,1,0,0,1,53,21.91358024691358,0,Stage-1
1,175,95.0,150,112,3,1,0,0,1,50,31.020408163265305,0,Stage-2
1,163,73.0,140,90,1,1,0,0,1,56,27.475629493018182,1,Stage-2
1,158,50.0,100,70,1,1,0,0,1,54,20.028841531805796,0,Normal
1,165,65.0,120,80,1,1,0,0,1,59,23.875114784205696,0,Stage-1
1,158,68.0,150,80,1,1,0,0,0,56,27.239224483255885,1,Stage-2
2,166,82.0,150,100,2,2,0,1,1,53,29.757584555087824,1,Stage-2
2,180,82.0,140,90,1,1,1,1,1,46,25.30864197530864,1,Stage-2
2,172,84.0,180,100,1,1,1,0,1,63,28.393726338561386,0,Stage-2
1,166,72.0,120,80,1,1,0,0,1,49,26.1286108288576,0,Stage-1
1,165,88.0,132,92,1,1,0,0,1,51,32.323232323232325,0,Stage-2
2,174,78.0,120,60,1,1,0,0,0,58,25.762980578676178,0,Elevated
1,158,94.0,130,90,1,1,0,0,1,53,37.6542220797949,1,Stage-2
1,153,73.0,130,80,1,1,0,0,1,55,31.184587124610193,1,Stage-1
1,156,111.0,150,100,3,3,0,0,1,57,45.611439842209066,1,Stage-2
1,180,68.0,120,80,1,1,0,1,0,53,20.98765432098765,1,Stage-1
2,174,85.0,120,80,1,1,0,0,0,52,28.075042938300964,1,Stage-1
1,171,85.0,120,80,1,1,0,0,1,41,29.06877329776684,1,Stage-1
1,166,90.0,190,110,3,2,1,1,1,56,32.660763536072004,1,Stage-2
1,162,71.0,110,80,1,1,0,0,1,41,27.053802773967377,0,Stage-1
2,175,68.0,120,80,1,1,0,0,1,54,22.20408163265306,1,Stage-1
1,169,48.0,140,90,1,1,0,0,1,59,16.806134238997235,1,Stage-2
1,165,65.0,140,79,2,1,0,0,0,52,23.875114784205696,1,Stage-2
1,172,68.0,120,80,1,1,0,0,0,56,22.985397512168742,0,Stage-1
1,160,61.0,120,80,1,1,0,0,1,57,23.828124999999996,1,Stage-1
2,174,80.0,120,80,3,1,0,0,1,53,26.42356982428326,1,Stage-1
2,161,66.0,120,80,2,1,0,0,1,63,25.461980633463213,0,Stage-1
2,160,61.0,150,90,1,1,0,0,1,47,23.828124999999996,1,Stage-2
2,171,95.0,110,80,2,1,1,1,1,50,32.488628979857054,0,Stage-1
1,157,70.0,140,80,1,1,0,0,0,61,28.398718000730252,1,Stage-2
1,159,65.0,120,80,1,1,0,0,1,57,25.71100826707804,1,Stage-1
2,169,84.0,120,80,3,3,0,0,1,56,29.410734918245165,1,Stage-1
1,160,72.0,150,100,1,1,0,0,1,54,28.124999999999993,1,Stage-2
1,162,100.0,130,90,1,1,0,0,1,47,38.10394756896814,1,Stage-2
1,161,52.0,105,70,1,1,0,0,1,64,20.060954438486167,0,Normal
1,152,48.0,135,85,1,1,0,0,1,61,20.775623268698062,1,Stage-1
1,158,84.0,160,90,2,1,0,0,1,48,33.64845377343374,1,Stage-2
2,178,98.0,120,80,1,1,0,0,0,58,30.930438076000502,1,Stage-1
2,165,88.0,150,90,3,3,0,0,1,54,32.323232323232325,1,Stage-2
1,153,66.0,120,70,2,1,0,0,0,59,28.194284249647573,0,Elevated
2,175,70.0,130,90,3,1,0,0,1,54,22.857142857142858,1,Stage-2
1,156,101.0,120,80,3,1,1,0,1,59,41.50230111768573,1,Stage-1
1,144,65.0,130,80,1,1,0,0,0,46,31.346450617283953,1,Stage-1
1,170,65.0,120,80,1,2,0,0,1,43,22.49134948096886,0,Stage-1
1,155,103.0,120,80,3,3,0,0,1,51,42.872008324661806,0,Stage-1
2,173,115.0,130,80,1,1,0,0,1,63,38.42427077416552,1,Stage-1
2,182,100.0,120,80,1,3,0,0,1,54,30.189590629151066,0,Stage-1
1,155,56.0,130,90,1,1,0,0,0,55,23.309053069719038,1,Stage-2
1,156,60.0,120,80,1,1,0,0,1,60,24.654832347140037,1,Stage-1
2,168,70.0,130,80,2,1,0,0,1,47,24.801587301587304,1,Stage-1
1,160,65.0,120,80,1,1,0,0,1,50,25.390624999999996,0,Stage-1
1,167,62.0,110,70,1,1,0,0,1,42,22.230987127541326,0,Normal
1,154,82.0,170,110,3,2,0,0,1,51,34.57581379659302,1,Stage-2
2,179,105.0,140,90,1,1,1,0,1,54,32.770512780499985,1,Stage-2
1,151,55.0,110,80,1,2,0,0,1,58,24.121749046094468,0,Stage-1
1,158,74.0,140,90,3,3,0,0,1,62,29.642685467072578,0,Stage-2
2,169,70.0,110,90,1,1,0,0,1,48,24.508945765204302,0,Stage-2
2,171,78.0,120,80,1,1,1,0,1,41,26.674874320303687,0,Stage-1
1,159,73.0,120,80,2,1,0,0,1,57,28.875440053795337,1,Stage-1
2,160,74.0,130,85,1,1,1,0,1,53,28.906249999999993,0,Stage-1
1,165,62.0,120,80,1,1,0,0,1,64,22.77318640955005,1,Stage-1
2,165,61.0,120,80,1,1,0,0,1,44,22.4058769513315,0,Stage-1
1,180,80.0,130,70,3,1,0,0,1,56,24.691358024691358,1,Stage-1
2,154,67.0,96,65,1,1,0,0,1,64,28.25096980941137,0,Normal
1,145,83.0,130,80,2,1,0,0,1,46,39.47681331747919,1,Stage-1
1,150,53.0,90,70,1,1,0,0,0,50,23.555555555555557,0,Normal
2,162,72.0,120,80,3,1,1,0,1,55,27.43484224965706,0,Stage-1
2,175,110.0,140,90,1,1,0,0,1,58,35.91836734693877,1,Stage-2
1,158,59.0,140,90,1,1,0,0,0,41,23.634033007530842,1,Stage-2
1,172,110.0,130,90,3,1,0,0,1,60,37.182260681449435,1,Stage-2
1,166,63.0,120,80,1,1,0,0,1,51,22.8625344752504,1,Stage-1
1,156,58.0,120,90,1,1,0,0,1,60,23.83300460223537,1,Stage-2
1,165,70.0,120,80,1,1,0,0,1,51,25.71166207529844,0,Stage-1
1,169,62.0,150,100,1,1,0,0,1,52,21.707923392038097,1,Stage-2
1,152,90.0,120,70,1,1,0,1,1,56,38.95429362880886,0,Elevated
2,178,75.0,120,80,1,1,0,0,1,52,23.671253629592222,0,Stage-1
2,165,77.0,130,80,1,1,0,0,0,56,28.282828282828287,1,Stage-1
2,165,63.0,130,90,2,1,1,1,1,59,23.140495867768596,1,Stage-2
1,163,63.0,120,80,3,3,0,0,1,61,23.711844630960897,0,Stage-1
2,171,75.0,120,60,1,1,0,0,1,50,25.64891761567662,0,Elevated
2,164,72.0,120,80,1,1,0,0,1,55,26.769779892920884,0,Stage-1
1,158,55.0,120,80,1,1,0,0,0,57,22.031725684986377,0,Stage-1
2,169,67.0,120,80,3,1,0,0,1,49,23.458562375266975,1,Stage-1
2,175,87.0,120,80,3,3,1,0,1,51,28.408163265306122,1,Stage-1
1,174,65.0,120,80,2,2,0,0,1,60,21.469150482230148,0,Stage-1
2,170,75.0,140,90,2,1,1,1,1,58,25.95155709342561,1,Stage-2
1,151,54.0,140,90,3,3,0,0,0,58,23.683171790710933,1,Stage-2
2,160,89.0,140,100,1,1,0,0,1,59,34.76562499999999,1,Stage-2
2,170,69.0,115,80,2,1,1,0,1,50,23.87543252595156,0,Stage-1
1,150,49.0,120,80,1,1,0,0,1,51,21.77777777777778,0,Stage-1
1,152,50.0,120,70,2,1,0,0,1,55,21.641274238227147,0,Elevated
2,172,82.0,130,80,1,1,0,0,0,63,27.717685235262305,1,Stage-1
1,162,64.0,150,90,1,1,0,0,1,61,24.38652644413961,1,Stage-2
1,168,70.0,120,80,1,1,0,0,0,59,24.801587301587304,1,Stage-1
2,165,89.0,140,100,1,3,0,0,1,53,32.690541781450875,1,Stage-2
1,163,69.0,110,60,1,3,0,0,1,58,25.970115548195267,0,Normal
1,156,58.0,110,80,1,1,0,0,1,43,23.83300460223537,0,Stage-1
1,162,89.0,120,80,1,1,0,0,0,53,33.91251333638164,0,Stage-1
1,168,60.0,110,70,1,2,0,0,0,53,21.258503401360546,1,Normal
1,169,67.0,110,80,1,1,0,0,1,41,23.458562375266975,0,Stage-1
1,152,40.0,130,70,1,1,0,1,0,54,17.31301939058172,0,Stage-1
1,173,120.0,130,90,3,1,0,0,1,52,40.0948912426075,1,Stage-2
1,164,84.0,120,70,1,1,0,0,1,52,31.231409875074366,1,Elevated
2,169,84.0,120,70,1,1,0,0,1,52,29.410734918245165,0,Elevated
2,162,82.0,130,80,2,1,1,1,0,51,31.24523700655387,0,Stage-1
1,157,81.0,130,90,2,2,0,0,0,63,32.86137368655929,1,Stage-2
2,176,87.0,120,80,1,1,0,0,1,46,28.08626033057851,0,Stage-1
1,166,80.0,160,90,2,1,0,0,1,61,29.03178980984178,1,Stage-2
1,162,68.0,120,80,1,1,0,0,1,44,25.910684346898332,0,Stage-1
1,150,80.0,120,80,1,2,0,0,1,54,35.55555555555556,0,Stage-1
2,178,79.0,160,100,3,1,1,1,1,63,24.933720489837143,1,Stage-2
1,155,119.0,130,80,1,2,0,0,1,54,49.53173777315296,1,Stage-1
1,164,72.0,120,80,1,1,0,0,1,49,26.769779892920884,0,Stage-1
1,169,68.0,130,80,1,1,0,0,1,43,23.80869017191275,0,Stage-1
1,165,71.0,130,89,1,1,0,0,1,47,26.07897153351699,1,Stage-1
1,160,60.0,120,80,1,1,0,0,0,57,23.437499999999996,1,Stage-1
2,166,87.0,163,100,3,1,1,0,1,49,31.572071418202935,1,Stage-2
2,175,66.0,140,80,1,1,0,0,1,53,21.551020408163264,0,Stage-2
2,172,69.0,120,80,1,1,0,0,1,60,23.323418063818284,1,Stage-1
2,180,134.0,160,90,1,3,1,1,1,48,41.358024691358025,0,Stage-2
1,154,62.0,160,80,1,2,0,0,1,61,26.14268848035082,1,Stage-2
1,166,66.0,120,60,1,1,0,0,1,63,23.95122659311947,0,Elevated
2,170,72.0,120,80,1,1,1,0,1,43,24.913494809688583,0,Stage-1
2,178,80.0,120,80,1,1,1,0,1,39,25.24933720489837,0,Stage-1
2,158,85.0,160,100,2,2,0,0,1,51,34.049030604069856,1,Stage-2
1,151,83.0,180,100,2,1,0,0,1,64,36.40191219683347,1,Stage-2
1,154,65.0,140,90,2,1,0,0,0,57,27.40765727778715,1,Stage-2
1,159,62.0,120,70,1,1,0,0,1,49,24.524346347059055,0,Elevated
1,168,77.0,130,70,1,1,0,0,0,61,27.281746031746035,1,Stage-1
2,180,78.0,180,100,1,1,0,0,1,58,24.074074074074073,1,Stage-2
2,170,66.0,120,65,1,1,0,0,0,41,22.837370242214536,0,Elevated
2,175,97.0,120,90,1,1,0,0,1,48,31.6734693877551,1,Stage-2
1,168,68.0,120,75,1,1,0,0,1,54,24.092970521541954,0,Elevated
1,180,70.0,120,80,3,3,0,0,1,52,21.604938271604937,0,Stage-1
1,164,59.0,140,80,1,1,0,0,1,58,21.936347412254616,1,Stage-2
1,160,95.0,130,80,3,1,0,0,1,63,37.10937499999999,1,Stage-1
1,156,55.0,180,100,2,1,0,0,0,61,22.600262984878366,1,Stage-2
1,160,65.0,150,90,1,1,0,0,1,53,25.390624999999996,1,Stage-2
1,158,81.0,120,80,1,1,0,0,1,58,32.446723281525394,0,Stage-1
1,162,71.0,120,70,1,1,0,0,1,45,27.053802773967377,0,Elevated
2,168,61.0,100,60,1,1,0,0,1,43,21.612811791383223,0,Normal
1,162,84.0,120,80,1,1,0,0,1,43,32.00731595793324,0,Stage-1
1,160,110.0,170,110,2,1,0,1,0,53,42.96874999999999,1,Stage-2
2,165,78.0,160,90,3,1,0,0,1,62,28.650137741046834,1,Stage-2
1,171,84.0,100,90,1,1,0,0,1,49,28.726787729557817,0,Stage-2
2,175,68.0,130,90,1,1,0,0,1,41,22.20408163265306,0,Stage-2
2,165,75.0,120,80,1,1,0,1,0,54,27.548209366391188,0,Stage-1
1,165,64.0,120,80,3,1,0,0,1,47,23.507805325987146,1,Stage-1
2,160,59.0,120,80,1,1,0,0,1,49,23.046874999999996,0,Stage-1
1,163,56.0,110,70,1,1,0,0,1,44,21.077195227520797,0,Normal
1,152,95.0,140,100,3,2,0,0,1,57,41.11842105263158,1,Stage-2
1,168,65.0,120,80,1,1,0,0,1,50,23.030045351473927,0,Stage-1
1,154,58.0,120,80,1,1,0,0,0,49,24.456063417102378,0,Stage-1
1,164,96.0,130,80,1,1,0,0,1,58,35.693039857227845,1,Stage-1
1,162,70.0,90,60,1,1,0,0,1,49,26.672763298277697,0,Normal
1,158,76.0,140,80,3,2,0,0,1,59,30.443839128344813,1,Stage-2
1,152,59.0,120,80,1,1,0,0,1,56,25.536703601108034,0,Stage-1
2,162,70.0,140,80,1,1,0,0,0,63,26.672763298277697,1,Stage-2
1,168,88.0,120,80,2,2,0,0,0,43,31.17913832199547,1,Stage-1
2,176,98.0,130,79,3,1,0,0,1,53,31.63739669421488,1,Stage-1
2,172,69.0,120,80,1,1,0,0,0,49,23.323418063818284,1,Stage-1
1,155,79.0,120,80,1,1,0,0,1,59,32.882414151925076,0,Stage-1
1,160,73.0,130,80,1,1,0,0,0,57,28.515624999999993,1,Stage-1
1,161,85.0,120,70,1,1,0,0,1,54,32.79194475521777,0,Elevated
2,157,60.0,110,80,1,1,0,0,1,61,24.341758286340216,0,Stage-1
1,161,104.0,160,90,1,1,0,0,0,63,40.121908876972334,1,Stage-2
1,155,87.0,130,80,1,2,0,0,1,51,36.21227887617065,0,Stage-1
1,162,95.0,140,90,2,1,0,0,1,52,36.19875019051973,1,Stage-2
1,160,65.0,120,80,1,1,0,0,0,49,25.390624999999996,0,Stage-1
1,166,77.0,140,90,2,1,0,0,0,49,27.94309769197271,1,Stage-2
1,164,85.0,130,90,3,3,0,0,1,58,31.603212373587155,1,Stage-2
1,162,85.0,160,90,2,3,0,0,1,52,32.38835543362292,1,Stage-2
2,163,78.0,140,80,3,1,0,0,0,44,29.357521924046825,1,Stage-2
2,165,70.0,140,80,2,2,0,0,0,46,25.71166207529844,1,Stage-2
1,160,97.0,120,80,1,1,0,0,0,45,37.89062499999999,0,Stage-1
1,149,53.0,140,90,1,1,0,0,1,55,23.872798522589072,1,Stage-2
1,162,64.0,120,80,1,1,0,0,1,51,24.38652644413961,1,Stage-1
1,191,78.0,120,70,1,1,0,0,1,53,21.380992845590857,0,Elevated
1,163,74.0,120,80,1,1,0,0,1,56,27.85200797922391,1,Stage-1
2,158,58.0,120,80,1,1,0,0,1,51,23.233456176894723,0,Stage-1
1,162,77.0,110,80,1,1,0,0,0,59,29.340039628105465,0,Stage-1
1,168,95.0,110,70,1,1,0,0,1,49,33.6592970521542,0,Normal
1,159,68.0,100,80,1,1,0,0,1,56,26.897670187097027,0,Stage-1
1,153,51.0,110,70,1,1,0,0,1,57,21.78649237472767,0,Normal
1,165,65.0,140,80,1,1,0,0,1,57,23.875114784205696,1,Stage-2
2,176,85.0,120,80,1,1,0,0,1,40,27.44059917355372,1,Stage-1
1,160,60.0,140,80,1,1,0,0,1,49,23.437499999999996,1,Stage-2
1,162,67.0,100,60,2,1,0,0,1,51,25.529644871208653,1,Normal
1,163,63.0,120,80,3,3,0,0,1,54,23.711844630960897,0,Stage-1
2,178,99.0,170,90,1,1,0,0,1,49,31.246054791061734,1,Stage-2
1,158,79.0,170,90,1,1,0,0,1,62,31.64556962025316,1,Stage-2
2,173,72.0,120,80,1,1,0,0,1,41,24.0569347455645,0,Stage-1
1,161,75.0,130,90,1,1,1,0,1,54,28.93406890166274,1,Stage-2
2,170,84.0,120,80,1,1,1,0,1,50,29.065743944636683,0,Stage-1
2,164,80.0,110,60,1,1,0,0,1,45,29.744199881023206,0,Normal
1,160,60.0,140,90,1,1,0,0,1,42,23.437499999999996,1,Stage-2
2,165,65.0,120,80,2,1,0,0,1,51,23.875114784205696,0,Stage-1
2,173,70.0,110,70,1,1,1,1,1,41,23.38868655818771,0,Normal
2,168,88.5,120,80,1,2,0,0,1,46,31.356292517006807,1,Stage-1
2,180,72.0,120,80,1,1,0,0,1,61,22.22222222222222,1,Stage-1
1,165,130.0,130,90,1,1,0,0,1,52,47.75022956841139,0,Stage-2
1,167,70.0,120,80,1,1,0,0,1,40,25.099501595611173,0,Stage-1
2,162,64.0,110,70,1,3,0,0,1,56,24.38652644413961,0,Normal
2,176,72.0,120,80,1,1,0,0,1,39,23.243801652892564,0,Stage-1
2,163,73.0,140,90,3,1,0,0,1,60,27.475629493018182,1,Stage-2
1,169,63.0,120,80,1,1,0,0,1,58,22.058051188683873,1,Stage-1
1,169,65.0,120,80,3,3,0,0,1,57,22.758306781975424,0,Stage-1
1,155,57.0,120,80,1,1,0,0,1,58,23.725286160249738,0,Stage-1
1,147,68.0,120,80,1,1,0,0,1,56,31.468369660789488,0,Stage-1
1,159,108.0,140,90,2,1,0,0,1,48,42.719829120683514,1,Stage-2
1,158,58.7,110,70,1,1,0,0,0,63,23.513859958340007,1,Normal
1,158,69.0,100,80,1,1,0,0,1,59,27.639801313892,0,Stage-1
1,165,65.0,120,80,1,1,0,0,1,56,23.875114784205696,0,Stage-1
1,159,74.0,110,70,1,1,0,0,1,53,29.270994027135,0,Normal
2,168,114.0,130,80,1,1,0,0,1,55,40.39115646258504,0,Stage-1
2,156,70.0,140,90,2,1,0,0,1,51,28.763971071663377,1,Stage-2
1,167,88.0,120,80,2,2,0,0,1,49,31.553659148768332,0,Stage-1
2,170,86.0,90,60,1,1,0,0,0,59,29.75778546712803,1,Normal
1,168,60.0,140,80,1,1,0,0,1,39,21.258503401360546,1,Stage-2
2,175,85.0,120,80,1,1,1,0,0,42,27.755102040816325,0,Stage-1
1,166,78.0,140,80,1,1,0,0,1,52,28.305995064595734,1,Stage-2
1,168,69.0,130,80,1,1,0,0,1,46,24.44727891156463,0,Stage-1
1,167,77.0,120,80,1,1,0,0,0,53,27.60945175517229,1,Stage-1
1,157,87.0,140,90,2,2,0,0,1,56,35.295549515193315,0,Stage-2
1,166,90.0,140,90,2,2,0,0,0,60,32.660763536072004,1,Stage-2
1,155,61.0,130,80,1,1,0,0,1,59,25.390218522372525,1,Stage-1
2,167,74.0,120,80,2,1,0,0,0,59,26.533758829646096,1,Stage-1
1,164,76.0,110,70,1,1,0,0,1,51,28.256989886972047,0,Normal
2,172,81.0,120,80,1,1,0,0,0,57,27.379664683612766,0,Stage-1
1,156,71.0,140,90,2,1,0,0,1,51,29.17488494411571,0,Stage-2
1,156,54.0,120,80,1,1,0,0,0,61,22.189349112426033,1,Stage-1
1,158,74.0,120,80,3,3,0,0,1,58,29.642685467072578,0,Stage-1
2,163,95.0,160,100,1,2,0,0,1,59,35.75595618954421,1,Stage-2
2,167,80.0,110,70,1,1,0,0,1,45,28.685144680698485,0,Normal
1,166,57.0,110,70,1,1,0,0,0,54,20.685150239512268,0,Normal
1,159,74.0,130,90,1,1,0,0,1,52,29.270994027135,1,Stage-2
1,160,100.0,140,80,3,3,0,0,1,49,39.06249999999999,0,Stage-2
1,151,68.0,120,80,1,1,1,0,1,53,29.823253366080436,0,Stage-1
1,166,64.0,110,70,1,1,0,0,1,39,23.225431847873423,0,Normal
1,155,80.0,140,100,3,1,0,0,1,62,33.29864724245577,1,Stage-2
1,160,75.0,140,90,3,1,0,0,1,56,29.296874999999993,0,Stage-2
2,169,57.0,120,90,1,1,1,0,1,50,19.95728440880922,0,Stage-2
1,157,53.0,180,100,1,1,0,0,1,61,21.50188648626719,1,Stage-2
2,160,85.0,100,70,2,1,0,0,1,55,33.20312499999999,0,Normal
1,158,55.0,120,80,2,2,0,0,1,53,22.031725684986377,0,Stage-1
1,155,57.0,120,80,1,1,0,0,1,64,23.725286160249738,1,Stage-1
2,168,82.0,150,90,1,1,0,0,0,58,29.053287981859416,1,Stage-2
1,165,115.0,120,80,1,1,0,0,1,50,42.24058769513316,0,Stage-1
1,170,68.0,120,80,1,3,0,0,1,63,23.529411764705884,0,Stage-1
2,159,52.0,100,70,1,1,1,0,1,56,20.56880661366243,0,Normal
2,168,86.0,110,70,1,2,0,0,0,43,30.470521541950117,1,Normal
1,161,74.0,120,80,1,1,0,0,1,59,28.54828131630724,1,Stage-1
1,155,57.0,120,80,2,1,0,0,1,45,23.725286160249738,0,Stage-1
2,174,86.0,120,90,1,1,0,0,1,53,28.405337561104506,0,Stage-2
1,162,62.0,120,80,1,1,0,0,1,54,23.624447492760247,1,Stage-1
2,173,97.0,130,90,1,1,0,0,0,48,32.4100370877744,1,Stage-2
2,162,70.0,120,70,1,1,0,0,1,63,26.672763298277697,1,Elevated
1,158,71.0,115,80,1,1,0,0,1,39,28.44095497516423,0,Stage-1
2,170,76.0,160,90,1,1,0,0,0,63,26.29757785467128,1,Stage-2
1,166,82.0,130,80,3,1,0,0,1,55,29.757584555087824,1,Stage-1
1,160,56.0,140,80,3,1,0,0,1,56,21.874999999999996,1,Stage-2
1,161,59.0,120,80,3,1,0,0,1,49,22.76146753597469,0,Stage-1
1,153,74.0,140,100,2,2,0,0,1,60,31.611773249604852,1,Stage-2
2,165,72.0,120,80,1,1,0,0,1,55,26.44628099173554,0,Stage-1
1,154,59.0,90,60,1,1,0,0,1,48,24.87771968291449,0,Normal
1,155,72.0,100,70,1,1,0,0,1,41,29.968782518210194,0,Normal
2,180,62.0,140,90,1,1,0,0,1,57,19.1358024691358,1,Stage-2
1,161,92.0,150,90,3,3,0,0,1,55,35.492457852706295,1,Stage-2
2,174,77.0,160,80,1,1,0,0,1,56,25.43268595587264,0,Stage-2
1,167,80.0,140,90,1,1,0,0,1,45,28.685144680698485,1,Stage-2
1,157,67.0,120,80,1,1,0,0,1,41,27.18163008641324,0,Stage-1
1,153,51.0,150,100,2,2,0,0,1,53,21.78649237472767,1,Stage-2
1,165,65.0,120,80,1,3,0,0,0,55,23.875114784205696,0,Stage-1
1,159,57.0,110,70,2,1,0,0,1,52,22.54657648036074,0,Normal
1,164,104.0,130,80,1,1,0,0,1,53,38.667459845330164,1,Stage-1
2,171,83.0,140,90,1,1,0,0,1,57,28.384802161348794,0,Stage-2
1,165,66.0,140,90,1,1,0,0,1,62,24.242424242424246,1,Stage-2
2,174,95.0,120,80,2,2,0,0,1,40,31.37798916633637,0,Stage-1
1,161,88.0,130,80,3,1,0,1,1,52,33.94930751128428,1,Stage-1
1,165,76.0,140,80,1,1,0,0,1,50,27.915518824609737,1,Stage-2
2,181,82.0,120,80,1,1,0,0,1,45,25.029760996306585,0,Stage-1
1,165,78.0,120,80,1,1,0,0,0,50,28.650137741046834,0,Stage-1
1,160,58.0,130,80,1,1,0,0,1,64,22.656249999999996,0,Stage-1
2,169,69.0,120,80,1,1,0,0,0,44,24.158817968558527,1,Stage-1
2,166,75.0,110,70,1,1,0,0,1,58,27.21730294672667,0,Normal
1,164,55.0,120,60,1,1,0,0,1,49,20.449137418203453,0,Elevated
1,160,92.0,120,80,1,3,0,0,1,51,35.93749999999999,1,Stage-1
1,168,70.0,130,80,1,1,0,1,1,55,24.801587301587304,1,Stage-1
1,155,77.0,180,100,2,1,0,0,1,62,32.04994797086368,1,Stage-2
2,169,64.0,120,80,3,3,1,1,1,47,22.40817898532965,1,Stage-1
2,175,71.0,120,80,2,1,0,0,1,40,23.183673469387756,0,Stage-1
2,170,69.0,120,70,1,1,0,0,0,54,23.87543252595156,0,Elevated
1,160,63.0,150,80,1,1,0,0,1,57,24.609374999999996,1,Stage-2
2,172,103.0,180,80,1,1,0,0,0,62,34.81611681990265,1,Stage-2
2,175,56.0,120,80,1,1,0,0,1,59,18.285714285714285,1,Stage-1
1,162,65.0,120,80,1,1,0,0,0,49,24.76756591982929,0,Stage-1
1,172,56.0,120,80,1,1,0,0,1,53,18.92915089237426,0,Stage-1
1,165,75.0,120,80,1,1,0,0,1,50,27.548209366391188,0,Stage-1
1,165,65.0,110,70,1,1,0,0,1,49,23.875114784205696,0,Normal
2,169,65.0,120,80,1,1,1,0,1,41,22.758306781975424,0,Stage-1
1,163,76.0,120,70,1,1,0,0,1,58,28.604764951635367,1,Elevated
1,165,56.0,130,80,3,3,0,0,1,52,20.569329660238754,0,Stage-1
1,155,105.5,130,80,3,1,0,0,0,59,43.912591050988546,1,Stage-1
2,165,62.0,110,70,1,1,1,0,1,44,22.77318640955005,0,Normal
1,168,80.0,140,90,1,1,0,0,1,47,28.344671201814062,0,Stage-2
1,161,69.0,130,90,1,1,0,0,1,63,26.61934338952972,1,Stage-2
2,169,69.0,120,70,2,1,1,0,1,55,24.158817968558527,0,Elevated
2,170,82.0,120,90,1,1,0,0,1,63,28.373702422145332,1,Stage-2
1,162,53.0,100,70,1,1,0,0,1,51,20.195092211553114,0,Normal
2,178,91.0,90,80,2,1,1,1,1,50,28.721121070571897,0,Stage-1
2,172,79.0,120,80,1,1,0,0,1,57,26.703623580313685,0,Stage-1
1,166,57.0,110,70,1,1,0,0,1,47,20.685150239512268,0,Normal
2,157,62.0,170,100,1,1,1,0,1,63,25.153150229218223,1,Stage-2
1,174,72.0,120,80,1,1,0,0,1,60,23.781212841854934,0,Stage-1
1,164,64.0,110,70,1,1,0,0,1,45,23.795359904818564,0,Normal
2,156,56.0,120,80,1,1,0,0,1,47,23.011176857330703,0,Stage-1
2,147,55.0,120,80,1,1,0,0,0,59,25.45235781387385,0,Stage-1
2,181,79.0,130,90,1,3,0,0,1,48,24.114038033027075,0,Stage-2
1,167,68.0,110,70,1,1,0,0,1,56,24.38237297859371,0,Normal
1,163,96.0,150,90,1,1,0,0,0,53,36.13233467574994,1,Stage-2
1,154,83.0,160,90,3,1,0,0,1,49,34.99747006240513,0,Stage-2
1,157,66.0,110,80,1,1,0,1,1,46,26.775934114974238,0,Stage-1
1,165,85.0,120,70,1,1,0,0,1,40,31.22130394857668,1,Elevated
1,158,84.0,160,80,3,3,0,0,1,63,33.64845377343374,1,Stage-2
2,174,57.0,110,70,1,2,0,0,1,60,18.826793499801823,0,Normal
2,167,115.0,120,80,1,1,0,0,0,53,41.23489547850407,0,Stage-1
2,176,96.0,120,80,3,1,0,0,1,50,30.991735537190085,1,Stage-1
1,156,61.0,120,80,1,1,0,0,0,54,25.06574621959237,1,Stage-1
1,169,78.0,110,80,3,3,0,0,0,51,27.309968138370508,0,Stage-1
1,155,91.0,160,100,1,1,0,0,0,56,37.87721123829344,0,Stage-2
1,175,85.0,140,90,1,2,0,0,1,49,27.755102040816325,1,Stage-2
1,166,69.0,120,80,1,1,0,0,1,59,25.039918710988534,1,Stage-1
2,170,73.0,130,80,1,1,0,0,0,51,25.25951557093426,0,Stage-1
1,154,71.0,120,80,3,3,0,0,1,52,29.93759487265981,1,Stage-1
1,164,74.0,130,80,2,2,0,0,1,51,27.513384889946465,1,Stage-1
1,156,78.0,90,70,1,1,0,0,0,39,32.05128205128205,0,Normal
1,155,56.0,130,80,1,1,0,0,1,46,23.309053069719038,1,Stage-1
1,169,79.0,120,80,1,1,0,0,0,46,27.660095935016283,0,Stage-1
1,157,75.0,130,90,3,2,0,0,1,59,30.427197857925268,0,Stage-2
2,160,70.0,120,80,1,1,0,0,1,61,27.343749999999996,1,Stage-1
1,158,60.0,120,80,1,1,0,0,1,51,24.034609838166958,0,Stage-1
2,178,85.0,120,80,1,1,0,0,0,60,26.82742078020452,1,Stage-1
1,170,66.0,120,80,1,1,0,0,1,42,22.837370242214536,0,Stage-1
1,170,54.0,110,70,1,1,0,0,1,47,18.68512110726644,0,Normal
1,159,76.0,140,88,1,1,0,0,1,61,30.062101973814325,1,Stage-2
1,167,61.0,110,70,1,1,0,0,1,53,21.872422819032593,0,Normal
1,164,66.0,120,80,1,1,0,0,1,60,24.538964901844146,1,Stage-1
1,153,60.0,120,70,2,1,0,0,1,59,25.63116749967961,0,Elevated
2,171,85.0,130,80,1,1,0,0,1,51,29.06877329776684,0,Stage-1
1,168,56.0,110,80,1,1,0,0,1,41,19.841269841269845,1,Stage-1
1,165,64.0,120,70,1,1,0,0,1,44,23.507805325987146,0,Elevated
1,151,61.0,120,80,1,2,0,0,0,60,26.753212578395683,0,Stage-1
2,165,75.0,120,80,3,3,0,1,0,50,27.548209366391188,1,Stage-1
1,152,59.0,128,80,1,1,0,0,0,53,25.536703601108034,0,Stage-1
1,156,49.0,150,90,3,3,0,0,1,53,20.134779750164363,0,Stage-2
1,172,80.0,150,100,1,1,0,0,1,58,27.041644131963228,1,Stage-2
2,169,78.0,140,90,1,1,0,0,0,55,27.309968138370508,1,Stage-2
2,165,84.0,130,90,1,1,0,0,0,40,30.85399449035813,1,Stage-2
1,158,93.0,120,80,1,1,0,0,1,54,37.25364524915878,1,Stage-1
1,155,53.0,110,70,1,1,0,0,1,39,22.060353798126947,0,Normal
1,164,80.0,110,70,3,3,0,0,0,56,29.744199881023206,0,Normal
1,169,79.0,110,80,1,2,0,0,1,50,27.660095935016283,0,Stage-1
2,165,73.0,120,79,1,1,0,0,1,49,26.813590449954088,1,Elevated
2,170,87.0,150,90,1,2,0,0,0,54,30.103806228373706,0,Stage-2
1,167,64.0,110,70,1,1,0,0,0,43,22.948115744558788,0,Normal
1,164,65.0,120,80,1,1,0,0,1,43,24.167162403331353,0,Stage-1
1,174,86.0,120,80,1,1,0,0,1,56,28.405337561104506,1,Stage-1
1,164,70.0,120,80,1,1,0,0,1,63,26.026174895895306,0,Stage-1
2,163,70.0,120,80,1,1,0,0,0,41,26.346494034400994,0,Stage-1
1,169,91.0,110,70,1,1,0,0,1,61,31.861629494765594,0,Normal
1,154,73.0,110,70,1,1,0,0,1,49,30.78090740428403,0,Normal
1,155,83.0,115,79,1,1,0,0,0,52,34.54734651404786,0,Normal
1,165,69.0,120,80,1,1,0,1,1,53,25.344352617079892,1,Stage-1
1,155,76.0,120,80,3,3,0,0,1,54,31.63371488033298,1,Stage-1
2,173,75.0,140,70,1,1,0,0,1,59,25.05930702662969,1,Stage-2
2,164,84.0,120,70,3,1,0,0,1,59,31.231409875074366,1,Elevated
1,178,78.0,120,80,1,1,0,0,1,58,24.61810377477591,1,Stage-1
2,174,74.0,120,80,3,1,1,1,1,55,24.441802087462015,1,Stage-1
1,168,63.0,120,60,1,1,0,0,1,40,22.321428571428577,0,Elevated
2,169,89.0,130,70,1,1,0,0,0,54,31.161373901474043,1,Stage-1
1,174,85.0,110,80,3,1,0,0,1,57,28.075042938300964,1,Stage-1
1,165,78.0,120,79,1,1,0,0,1,51,28.650137741046834,0,Elevated
1,166,62.0,120,80,1,1,0,0,1,45,22.49963710262738,0,Stage-1
1,156,71.0,120,80,1,1,0,0,1,56,29.17488494411571,0,Stage-1
2,175,88.0,140,85,2,2,0,0,1,59,28.73469387755102,1,Stage-2
1,175,79.0,110,70,1,1,0,0,0,40,25.79591836734694,0,Normal
2,173,82.0,120,75,1,1,0,0,0,53,27.39817568244846,0,Elevated
1,174,78.0,120,80,1,1,0,0,0,54,25.762980578676178,1,Stage-1
2,167,69.0,120,70,1,1,0,0,1,42,24.740937287102444,0,Elevated
2,171,84.0,100,60,2,2,0,0,0,53,28.726787729557817,1,Normal
1,158,60.0,120,80,1,1,0,0,1,55,24.034609838166958,0,Stage-1
2,168,79.0,140,90,2,1,0,0,1,58,27.99036281179139,1,Stage-2
2,169,65.0,120,80,1,1,0,0,1,61,22.758306781975424,0,Stage-1
2,169,95.0,120,80,1,1,0,0,1,44,33.2621406813487,0,Stage-1
2,169,93.0,120,80,2,2,0,1,1,39,32.561885088057146,1,Stage-1
1,165,65.0,120,70,1,1,0,0,1,51,23.875114784205696,0,Elevated
1,165,78.0,130,80,1,1,0,0,1,52,28.650137741046834,1,Stage-1
2,163,60.0,120,80,1,1,1,0,1,46,22.582709172343712,0,Stage-1
2,175,85.0,160,90,1,1,1,0,1,50,27.755102040816325,1,Stage-2
1,165,65.0,120,80,1,1,0,0,1,54,23.875114784205696,1,Stage-1
2,170,76.0,130,90,3,3,0,0,1,55,26.29757785467128,1,Stage-2
1,157,106.0,120,80,1,1,0,0,1,49,43.00377297253438,0,Stage-1
1,154,81.0,110,70,3,1,0,0,1,53,34.15415753078091,0,Normal
1,167,76.0,120,80,3,3,0,0,1,52,27.250887446663558,1,Stage-1
1,151,83.0,135,90,1,1,0,0,1,51,36.40191219683347,1,Stage-2
1,170,80.0,125,80,1,1,0,0,1,43,27.68166089965398,1,Stage-1
1,169,80.0,130,80,1,1,0,0,1,54,28.01022373166206,1,Stage-1
1,164,68.0,120,80,1,1,0,0,0,41,25.282569898869724,0,Stage-1
2,172,83.0,120,80,1,1,0,0,1,41,28.055705786911847,0,Stage-1
1,152,56.0,110,70,1,1,0,0,1,64,24.238227146814403,0,Normal
2,169,116.0,110,70,1,2,0,0,1,56,40.61482441090999,0,Normal
1,151,50.0,138,84,1,1,0,0,0,63,21.928862769176792,0,Stage-1
1,162,60.0,150,90,1,1,0,0,0,41,22.86236854138088,1,Stage-2
1,158,64.0,120,80,1,1,0,0,1,39,25.63691716071142,0,Stage-1
2,170,80.0,120,80,2,1,1,0,1,58,27.68166089965398,0,Stage-1
2,165,88.0,130,80,1,1,1,1,0,53,32.323232323232325,1,Stage-1
1,167,62.0,120,80,1,1,0,0,1,44,22.230987127541326,0,Stage-1
2,163,66.0,120,80,1,1,0,0,1,60,24.840980089578082,0,Stage-1
1,170,65.0,120,80,1,1,0,0,1,49,22.49134948096886,0,Stage-1
1,154,96.0,130,80,1,1,0,0,1,55,40.47900151796256,1,Stage-1
1,160,90.0,140,90,2,1,1,0,1,59,35.15624999999999,1,Stage-2
2,175,108.0,120,80,1,1,0,0,0,57,35.265306122448976,1,Stage-1
2,182,77.0,120,80,1,1,0,0,0,44,23.24598478444632,1,Stage-1
1,162,81.0,130,80,2,2,0,0,1,58,30.864197530864192,0,Stage-1
1,160,57.0,100,90,1,1,0,0,1,39,22.265624999999996,0,Stage-2
1,155,98.0,120,80,1,1,0,0,1,51,40.79084287200832,1,Stage-1
2,171,78.0,140,80,3,2,1,1,1,60,26.674874320303687,1,Stage-2
2,169,65.0,120,80,1,1,0,0,1,45,22.758306781975424,0,Stage-1
1,168,86.0,140,90,3,3,0,0,0,51,30.470521541950117,1,Stage-2
1,150,83.0,130,80,1,2,0,0,1,40,36.888888888888886,0,Stage-1
1,159,61.0,115,70,1,1,0,0,0,53,24.128792373719392,0,Normal
2,170,75.0,130,90,1,1,0,0,1,63,25.95155709342561,0,Stage-2
1,158,78.0,140,80,2,1,0,0,1,59,31.244992789617044,0,Stage-2
1,165,85.0,120,80,1,1,0,0,1,55,31.22130394857668,0,Stage-1
1,166,65.0,120,80,1,1,0,0,1,53,23.588329220496444,0,Stage-1
2,188,69.0,110,70,1,1,0,0,1,54,19.52240832956089,1,Normal
1,163,92.0,140,90,2,1,0,0,1,55,34.62682073092702,1,Stage-2
1,168,64.0,120,80,1,1,0,0,1,55,22.67573696145125,0,Stage-1
1,168,65.0,140,80,1,1,0,0,1,52,23.030045351473927,1,Stage-2
1,158,70.0,130,90,1,1,0,0,0,61,28.040378144528116,1,Stage-2
1,165,65.0,130,80,1,1,0,0,1,56,23.875114784205696,1,Stage-1
1,157,70.0,110,80,1,1,0,0,0,58,28.398718000730252,0,Stage-1
1,168,78.0,120,80,1,1,0,0,1,62,27.636054421768712,0,Stage-1
2,173,88.0,120,80,3,1,0,0,1,53,29.402920244578837,1,Stage-1
1,162,81.0,140,90,1,1,0,0,1,54,30.864197530864192,1,Stage-2
2,173,73.0,150,100,1,1,0,0,1,57,24.3910588392529,0,Stage-2
1,159,95.0,176,105,1,1,0,0,1,48,37.5776274672679,1,Stage-2
1,161,82.0,120,80,1,1,0,0,1,55,31.634581999151262,1,Stage-1
1,165,62.0,120,80,1,1,0,0,1,50,22.77318640955005,0,Stage-1
1,165,83.0,170,110,1,1,0,0,0,41,30.48668503213958,0,Stage-2
1,161,87.0,150,100,1,1,0,0,1,54,33.56351992592878,1,Stage-2
2,160,60.0,150,80,1,1,0,0,1,59,23.437499999999996,1,Stage-2
1,166,70.0,140,89,1,1,0,0,1,48,25.402816083611555,1,Stage-2
1,163,71.0,120,80,1,1,0,0,0,53,26.722872520606725,0,Stage-1
1,164,74.0,120,70,1,2,0,0,1,41,27.513384889946465,0,Elevated
2,176,72.0,130,90,2,1,0,0,1,54,23.243801652892564,1,Stage-2
2,169,88.0,140,90,2,1,0,0,1,55,30.811246104828268,1,Stage-2
1,160,60.0,120,80,1,1,0,0,1,56,23.437499999999996,1,Stage-1
1,158,77.0,120,80,1,1,0,0,1,62,30.844415958980928,0,Stage-1
1,151,80.0,140,100,1,1,0,0,0,60,35.086180430682866,1,Stage-2
2,171,83.0,140,90,1,1,0,1,1,58,28.384802161348794,1,Stage-2
1,168,79.0,120,80,1,1,0,0,0,54,27.99036281179139,0,Stage-1
1,162,61.0,100,60,1,1,1,1,1,48,23.243408017070564,0,Normal
2,165,72.0,110,70,3,1,0,0,0,56,26.44628099173554,1,Normal
2,155,70.0,130,80,2,2,1,0,1,64,29.1363163371488,1,Stage-1
1,162,66.0,140,80,2,1,0,0,1,62,25.14860539551897,1,Stage-2
1,160,93.0,130,80,1,1,0,0,1,63,36.32812499999999,1,Stage-1
1,160,62.0,110,70,1,1,0,0,1,46,24.218749999999996,0,Normal
1,165,107.0,150,80,3,2,0,0,1,50,39.30211202938476,1,Stage-2
2,160,80.0,150,100,3,1,0,0,1,58,31.249999999999993,1,Stage-2
2,173,89.0,150,90,1,1,0,0,1,62,29.737044338267232,0,Stage-2
2,183,113.0,140,90,2,2,0,0,1,48,33.74242288512645,1,Stage-2
2,163,81.0,140,90,1,1,1,0,1,45,30.48665738266401,1,Stage-2
2,168,72.0,110,80,1,1,0,0,1,42,25.510204081632658,0,Stage-1
1,165,90.0,140,90,1,1,0,0,1,52,33.057851239669425,1,Stage-2
2,170,70.0,140,90,1,1,0,0,0,61,24.221453287197235,1,Stage-2
1,165,52.0,120,80,1,1,0,0,1,39,19.100091827364558,0,Stage-1
1,151,50.0,110,70,3,3,0,0,1,55,21.928862769176792,0,Normal
1,168,67.0,120,70,1,1,0,0,1,59,23.738662131519277,1,Elevated
1,168,74.0,120,80,1,1,0,0,1,51,26.218820861678008,0,Stage-1
2,175,80.0,150,89,1,1,0,0,0,54,26.122448979591837,1,Stage-2
2,156,55.0,120,80,1,1,0,0,1,60,22.600262984878366,1,Stage-1
1,160,114.0,150,100,3,1,0,0,1,60,44.53124999999999,0,Stage-2
1,165,88.5,130,90,1,1,0,0,1,55,32.506887052341604,1,Stage-2
2,165,72.0,120,80,1,1,0,0,0,57,26.44628099173554,1,Stage-1
1,162,60.0,120,80,2,1,0,0,1,54,22.86236854138088,1,Stage-1
2,169,79.0,130,80,1,1,0,0,1,49,27.660095935016283,0,Stage-1
2,172,69.0,120,80,1,1,0,0,0,62,23.323418063818284,0,Stage-1
1,160,64.0,110,70,1,1,0,0,1,43,24.999999999999996,0,Normal
2,174,86.0,100,60,1,1,0,0,1,39,28.405337561104506,1,Normal
1,158,80.0,110,70,1,1,0,0,1,53,32.046146450889275,0,Normal
2,162,63.0,110,70,2,1,0,0,1,54,24.005486968449926,1,Normal
2,170,90.0,120,80,1,1,0,0,1,64,31.14186851211073,0,Stage-1
2,163,61.0,130,80,1,1,0,0,1,63,22.95908765854944,1,Stage-1
2,170,74.0,170,110,1,1,1,0,1,51,25.605536332179934,1,Stage-2
1,172,73.0,120,80,2,1,0,0,1,53,24.675500270416443,0,Stage-1
2,161,73.0,160,90,1,1,0,0,1,63,28.162493730951734,1,Stage-2
2,179,82.0,140,80,1,1,0,0,1,63,25.592209980961893,1,Stage-2
1,120,80.0,120,80,1,1,0,0,0,39,55.55555555555556,1,Stage-1
1,154,90.0,130,90,1,1,0,0,0,47,37.949063923089895,0,Stage-2
1,150,53.0,100,60,1,1,1,0,1,52,23.555555555555557,0,Normal
1,172,70.0,120,80,1,1,0,0,1,42,23.661438615467823,0,Stage-1
2,165,65.0,120,80,1,1,0,0,1,57,23.875114784205696,0,Stage-1
1,160,77.0,120,80,2,1,0,0,1,50,30.078124999999993,1,Stage-1
2,164,72.0,120,80,1,1,0,0,0,52,26.769779892920884,1,Stage-1
2,168,94.0,140,90,1,3,0,1,1,53,33.30498866213152,1,Stage-2
2,170,109.0,130,80,1,1,0,0,1,60,37.71626297577855,1,Stage-1
1,172,62.0,120,80,1,1,0,0,0,43,20.9572742022715,0,Stage-1
1,164,60.0,130,80,1,1,0,0,1,52,22.308149910767405,1,Stage-1
1,156,87.0,120,80,1,1,0,0,1,57,35.74950690335305,0,Stage-1
1,160,75.0,120,80,1,1,0,0,1,49,29.296874999999993,0,Stage-1
1,153,63.0,120,80,1,1,1,0,0,51,26.91272587466359,0,Stage-1
1,165,68.0,120,80,1,1,0,0,1,55,24.977043158861342,1,Stage-1
2,170,70.0,160,100,1,3,1,0,1,58,24.221453287197235,1,Stage-2
1,162,65.0,130,80,1,1,0,0,1,54,24.76756591982929,0,Stage-1
2,171,57.0,110,80,1,1,1,0,0,49,19.493177387914233,1,Stage-1
1,168,104.0,130,80,2,2,0,0,0,58,36.84807256235828,1,Stage-1
2,166,99.0,150,90,1,1,1,0,1,63,35.9268398896792,1,Stage-2
1,158,65.0,150,90,1,1,0,0,1,53,26.037493991347535,0,Stage-2
1,162,77.0,130,80,1,1,0,0,1,47,29.340039628105465,1,Stage-1
1,172,87.0,120,80,1,1,0,0,1,60,29.40778799351001,1,Stage-1
2,169,71.0,160,100,1,1,1,1,1,48,24.859073561850078,1,Stage-2
2,175,92.0,120,80,3,1,1,1,1,60,30.040816326530614,1,Stage-1
1,162,78.0,130,80,1,1,0,0,1,53,29.721079103795148,0,Stage-1
1,164,85.0,130,80,1,1,0,0,1,56,31.603212373587155,1,Stage-1
2,174,89.0,140,100,2,2,1,0,1,57,29.396221429515126,1,Stage-2
2,170,75.0,130,80,1,1,0,0,1,62,25.95155709342561,1,Stage-1
2,168,70.0,130,80,1,1,0,0,1,51,24.801587301587304,1,Stage-1
2,174,97.0,120,80,1,1,0,0,1,51,32.038578411943455,0,Stage-1
2,180,93.0,150,98,1,1,0,0,0,55,28.703703703703702,1,Stage-2
1,168,70.0,110,80,1,1,1,0,1,54,24.801587301587304,0,Stage-1
1,155,76.0,160,100,1,1,0,0,1,64,31.63371488033298,1,Stage-2
2,182,102.0,120,80,1,1,0,1,1,41,30.79338244173409,0,Stage-1
1,170,70.0,120,80,1,1,0,0,1,40,24.221453287197235,0,Stage-1
1,162,69.0,140,80,1,2,0,0,0,56,26.291723822588015,0,Stage-2
1,165,81.0,160,90,1,1,0,0,1,63,29.752066115702483,1,Stage-2
1,160,55.0,130,90,1,1,0,0,0,47,21.484374999999996,0,Stage-2
1,154,95.0,110,60,1,1,0,0,1,44,40.05734525215045,1,Normal
1,160,58.0,120,80,1,1,0,0,1,53,22.656249999999996,0,Stage-1
2,164,57.0,110,70,1,1,1,0,1,47,21.192742415229034,0,Normal
1,155,62.0,140,90,2,2,0,0,1,60,25.806451612903224,1,Stage-2
1,146,54.0,120,80,1,1,0,0,1,50,25.333083130043164,1,Stage-1
1,161,100.0,130,80,1,1,0,0,1,59,38.57875853555032,0,Stage-1
2,155,79.0,120,90,3,3,0,1,1,63,32.882414151925076,1,Stage-2
2,164,71.0,120,80,1,1,0,0,1,51,26.397977394408095,0,Stage-1
2,167,79.0,170,100,1,1,0,0,1,57,28.326580372189753,1,Stage-2
1,169,62.0,120,80,1,1,0,0,0,56,21.707923392038097,0,Stage-1
2,167,78.0,110,80,2,1,0,0,1,62,27.968016063681024,0,Stage-1
1,148,65.0,170,90,3,1,0,0,1,51,29.674945215485756,1,Stage-2
2,169,102.0,160,100,3,1,0,0,1,47,35.71303525786913,1,Stage-2
1,158,80.0,130,90,1,2,0,0,1,61,32.046146450889275,1,Stage-2
2,158,60.0,120,80,1,1,0,0,1,46,24.034609838166958,0,Stage-1
2,168,67.0,160,90,1,1,0,1,1,64,23.738662131519277,1,Stage-2
1,167,78.0,120,70,1,1,0,0,1,58,27.968016063681024,0,Elevated
1,163,60.0,100,90,1,1,0,0,1,52,22.582709172343712,0,Stage-2
2,172,68.0,110,70,1,1,0,0,1,51,22.985397512168742,0,Normal
2,167,78.0,120,80,1,1,0,0,0,39,27.968016063681024,0,Stage-1
2,170,65.0,120,80,1,1,0,0,1,48,22.49134948096886,0,Stage-1
1,156,56.0,120,80,1,1,0,0,1,61,23.011176857330703,1,Stage-1
1,165,65.0,120,80,1,1,0,0,1,59,23.875114784205696,0,Stage-1
1,156,121.0,140,90,2,2,0,0,1,59,49.72057856673241,1,Stage-2
1,166,69.0,120,80,1,1,0,0,0,39,25.039918710988534,0,Stage-1
1,164,84.0,140,80,3,3,0,0,1,58,31.231409875074366,0,Stage-2
1,158,60.0,120,90,1,1,0,0,1,45,24.034609838166958,0,Stage-2
1,158,64.0,120,80,1,1,0,0,1,42,25.63691716071142,0,Stage-1
1,154,79.0,150,100,2,2,0,0,1,59,33.310844999156686,0,Stage-2
1,168,73.0,120,80,1,1,0,0,1,56,25.86451247165533,1,Stage-1
2,167,103.0,120,80,1,1,0,0,1,44,36.9321237763993,0,Stage-1
1,174,76.0,110,70,1,1,0,0,1,45,25.102391333069097,0,Normal
1,168,95.0,150,60,1,2,0,0,1,49,33.6592970521542,0,Stage-2
2,178,78.0,130,80,1,1,0,1,1,53,24.61810377477591,0,Stage-1
1,161,77.0,120,80,1,1,0,0,1,44,29.705644072373747,0,Stage-1
1,176,73.0,120,80,1,1,0,0,0,51,23.56663223140496,1,Stage-1
1,174,69.0,140,100,2,3,0,0,1,45,22.79032897344431,1,Stage-2
2,168,62.0,140,90,1,1,0,0,1,41,21.9671201814059,0,Stage-2
1,167,77.0,150,100,2,1,0,0,1,51,27.60945175517229,0,Stage-2
2,172,74.0,110,70,1,2,0,0,1,43,25.013520822065985,0,Normal
1,163,71.0,110,70,2,1,0,0,1,51,26.722872520606725,1,Normal
1,167,59.0,120,70,3,3,0,0,1,50,21.15529420201513,1,Elevated
2,170,69.0,120,80,1,1,0,0,1,48,23.87543252595156,1,Stage-1
1,162,61.0,130,80,1,1,0,0,0,56,23.243408017070564,0,Stage-1
1,162,55.0,160,90,1,1,0,0,1,51,20.957171162932475,1,Stage-2
1,160,84.0,100,60,1,1,0,0,1,45,32.81249999999999,1,Normal
1,164,71.0,140,90,2,1,0,0,1,51,26.397977394408095,0,Stage-2
1,154,42.0,120,80,1,1,0,0,1,54,17.70956316410862,0,Stage-1
1,167,63.0,140,80,2,1,0,0,1,41,22.589551436050055,0,Stage-2
2,172,70.0,120,80,1,1,0,0,0,64,23.661438615467823,1,Stage-1
1,165,61.0,140,80,1,2,0,0,1,45,22.4058769513315,1,Stage-2
1,163,74.0,130,80,1,1,0,0,0,60,27.85200797922391,1,Stage-1
1,151,67.0,110,70,1,1,0,0,1,60,29.384676110696898,1,Normal
2,180,76.0,120,80,1,1,0,0,0,48,23.456790123456788,1,Stage-1
1,155,71.0,110,60,2,2,0,0,1,55,29.552549427679498,0,Normal
1,169,68.0,120,80,1,1,0,0,1,56,23.80869017191275,1,Stage-1
2,168,83.0,130,90,2,1,0,0,0,62,29.40759637188209,0,Stage-2
1,168,109.0,130,80,3,3,0,0,1,59,38.619614512471664,0,Stage-1
1,164,67.0,140,80,1,1,0,0,1,50,24.910767400356935,1,Stage-2
1,160,65.0,120,70,1,1,0,0,0,49,25.390624999999996,0,Elevated
1,163,69.0,120,80,1,1,0,0,1,51,25.970115548195267,1,Stage-1
1,161,73.0,90,60,1,1,0,0,0,49,28.162493730951734,0,Normal
1,165,55.0,120,80,1,1,0,0,1,50,20.202020202020204,0,Stage-1
2,166,53.0,120,80,1,3,0,0,1,39,19.233560749020178,0,Stage-1
2,165,70.0,120,80,1,1,0,0,0,58,25.71166207529844,0,Stage-1
1,160,94.0,120,80,3,1,0,0,1,59,36.71874999999999,1,Stage-1
1,160,95.0,130,80,1,1,0,0,0,43,37.10937499999999,0,Stage-1
1,167,55.0,120,70,1,1,0,0,1,60,19.721036967980208,0,Elevated
2,168,71.0,120,80,1,1,0,0,1,47,25.15589569160998,0,Stage-1
1,166,68.0,140,90,1,1,0,0,1,44,24.677021338365513,1,Stage-2
2,168,95.0,120,80,3,1,1,1,1,64,33.6592970521542,1,Stage-1
1,170,68.0,140,80,1,3,0,0,1,58,23.529411764705884,1,Stage-2
1,151,72.0,140,90,3,1,0,1,1,45,31.577562387614577,1,Stage-2
1,162,75.0,120,70,1,1,0,0,1,62,28.577960676726104,0,Elevated
2,174,68.0,130,80,3,3,0,0,1,43,22.460034350640772,1,Stage-1
1,168,78.0,110,80,1,1,0,0,0,42,27.636054421768712,0,Stage-1
1,152,56.0,100,60,1,3,0,0,1,49,24.238227146814403,1,Normal
2,171,83.0,120,60,1,1,0,0,1,51,28.384802161348794,1,Elevated
2,172,75.0,120,80,1,2,0,0,1,41,25.351541373715524,0,Stage-1
1,159,85.0,130,85,3,3,0,0,1,64,33.62208773387128,1,Stage-1
1,165,85.0,120,80,1,1,0,0,1,56,31.22130394857668,0,Stage-1
1,170,70.0,100,90,1,3,0,0,1,47,24.221453287197235,1,Stage-2
1,165,72.0,120,80,1,1,0,0,1,60,26.44628099173554,0,Stage-1
1,169,78.0,120,70,1,1,0,1,1,47,27.309968138370508,0,Elevated
1,162,62.0,120,80,1,1,0,0,1,60,23.624447492760247,0,Stage-1
1,162,66.0,130,80,3,3,0,0,1,54,25.14860539551897,1,Stage-1
1,147,71.0,140,90,1,3,0,0,1,64,32.85668008700079,1,Stage-2
1,159,104.0,120,90,2,1,0,0,1,39,41.13761322732486,1,Stage-2
1,166,67.0,115,72,2,1,0,0,1,55,24.31412396574249,0,Normal
2,176,130.0,120,80,1,3,0,0,1,53,41.96797520661157,1,Stage-1
1,157,78.0,160,90,1,1,0,0,1,50,31.64428577224228,1,Stage-2
1,169,80.0,110,80,1,1,0,0,1,64,28.01022373166206,0,Stage-1
1,164,88.0,110,70,1,1,0,0,1,39,32.718619869125526,0,Normal
2,171,113.0,120,80,1,1,0,0,0,53,38.64436920761944,1,Stage-1
2,172,65.0,130,80,1,1,1,1,1,57,21.971335857220122,0,Stage-1
2,165,65.0,120,80,3,3,0,0,0,56,23.875114784205696,0,Stage-1
1,155,95.0,160,80,3,1,0,0,0,59,39.54214360041623,1,Stage-2
1,162,69.0,160,90,1,1,0,0,1,59,26.291723822588015,1,Stage-2
2,177,105.0,140,90,2,1,0,0,1,59,33.51527338887293,1,Stage-2
1,154,62.0,90,60,1,1,0,0,1,45,26.14268848035082,0,Normal
2,169,69.0,120,70,1,1,1,0,0,41,24.158817968558527,0,Elevated
1,160,50.0,120,80,1,1,0,0,0,59,19.531249999999996,1,Stage-1
2,183,128.0,180,100,1,1,0,0,1,49,38.2215055689928,1,Stage-2
2,169,75.0,120,80,1,1,1,0,0,53,26.25958474843318,0,Stage-1
1,170,90.0,130,80,1,1,0,0,1,47,31.14186851211073,1,Stage-1
1,166,87.0,120,79,1,1,0,0,0,49,31.572071418202935,1,Elevated
2,174,65.0,110,50,1,1,1,0,1,62,21.469150482230148,1,Normal
1,152,57.0,90,60,2,1,0,0,1,55,24.67105263157895,1,Normal
1,174,58.0,100,60,1,1,0,0,1,53,19.157088122605362,0,Normal
1,164,70.0,120,80,1,1,0,0,1,43,26.026174895895306,0,Stage-1
2,163,63.0,110,70,1,1,0,0,1,64,23.711844630960897,0,Normal
1,163,71.0,120,70,2,1,0,1,1,55,26.722872520606725,1,Elevated
1,158,58.0,150,90,1,1,0,0,1,41,23.233456176894723,0,Stage-2
1,167,86.0,120,80,1,1,0,0,1,50,30.83653053175087,0,Stage-1
1,160,79.0,110,70,1,1,0,0,1,48,30.859374999999993,1,Normal
1,156,57.0,100,70,1,1,0,0,1,53,23.422090729783037,0,Normal
2,172,72.0,160,80,1,1,0,0,1,47,24.337479718766904,0,Stage-2
2,170,73.0,110,80,1,1,1,0,1,57,25.25951557093426,0,Stage-1
2,176,98.0,140,90,2,3,0,1,1,55,31.63739669421488,1,Stage-2
1,156,55.0,100,70,1,1,0,0,0,58,22.600262984878366,0,Normal
2,155,52.0,140,90,2,1,1,0,1,41,21.64412070759625,0,Stage-2
1,154,60.0,110,70,1,1,0,0,1,54,25.2993759487266,0,Normal
1,172,82.0,110,70,1,1,0,0,1,48,27.717685235262305,1,Normal
2,172,82.0,158,90,1,1,0,0,1,61,27.717685235262305,1,Stage-2
1,159,86.0,130,80,1,1,0,0,1,51,34.01764170721095,0,Stage-1
1,144,56.0,130,80,3,1,0,0,1,59,27.006172839506174,1,Stage-1
1,170,72.0,120,80,1,1,0,0,1,50,24.913494809688583,0,Stage-1
2,172,83.0,120,70,1,1,0,0,1,55,28.055705786911847,0,Elevated
2,160,65.0,140,70,1,3,0,0,1,49,25.390624999999996,1,Stage-2
2,177,105.0,145,100,2,1,1,1,1,61,33.51527338887293,1,Stage-2
1,166,80.0,150,100,1,1,0,0,1,52,29.03178980984178,1,Stage-2
2,175,78.0,120,80,1,1,1,0,0,56,25.46938775510204,0,Stage-1
2,175,80.0,120,80,1,1,0,0,1,63,26.122448979591837,0,Stage-1
2,165,75.0,90,60,1,1,0,0,1,61,27.548209366391188,0,Normal
1,157,64.0,100,70,1,2,0,0,1,45,25.96454217209623,0,Normal
1,170,71.0,120,80,1,1,0,0,1,63,24.56747404844291,0,Stage-1
2,180,82.0,160,100,1,1,0,0,1,53,25.30864197530864,1,Stage-2
2,182,100.0,120,79,1,1,0,0,1,59,30.189590629151066,1,Elevated
1,165,76.0,120,80,2,1,0,0,0,51,27.915518824609737,1,Stage-1
1,178,70.0,120,80,1,1,0,0,1,43,22.093170054286073,0,Stage-1
1,155,70.0,120,70,1,1,0,0,1,53,29.1363163371488,0,Elevated
1,165,65.0,120,80,1,1,0,0,1,52,23.875114784205696,1,Stage-1
1,175,95.0,140,70,3,3,0,0,0,59,31.020408163265305,1,Stage-2
1,157,64.0,90,60,2,1,0,0,0,57,25.96454217209623,0,Normal
1,163,60.0,140,90,1,1,0,0,1,49,22.582709172343712,1,Stage-2
2,165,62.0,110,80,1,1,0,0,1,39,22.77318640955005,0,Stage-1
2,179,63.0,110,80,1,1,0,0,1,64,19.66230766829999,0,Stage-1
1,171,89.0,120,70,1,1,0,0,1,52,30.436715570602924,0,Elevated
2,160,60.0,120,80,1,1,0,0,1,55,23.437499999999996,0,Stage-1
2,176,77.0,120,80,3,3,0,0,1,43,24.857954545454547,0,Stage-1
1,152,51.0,120,80,1,1,0,0,1,48,22.07409972299169,0,Stage-1
1,150,79.0,140,100,1,2,0,0,0,39,35.111111111111114,1,Stage-2
1,159,69.0,140,90,3,1,0,0,1,56,27.29322416043669,1,Stage-2
1,158,75.0,120,80,1,1,0,0,1,54,30.043262297708697,1,Stage-1
2,172,98.0,112,72,1,1,0,1,1,49,33.12601406165495,0,Normal
1,156,41.0,150,100,1,1,0,0,0,57,16.847468770545692,1,Stage-2
1,166,85.0,120,70,1,1,0,0,1,49,30.84627667295689,0,Elevated
2,180,148.0,160,90,3,1,1,0,1,57,45.67901234567901,1,Stage-2
2,170,70.0,140,90,1,1,0,0,1,43,24.221453287197235,1,Stage-2
2,178,65.0,100,70,1,1,0,0,1,42,20.515086478979924,0,Normal
2,176,105.0,140,95,1,2,0,0,1,63,33.89721074380165,1,Stage-2
1,164,63.0,120,80,1,3,0,0,1,60,23.423557406305775,0,Stage-1
2,169,82.0,130,80,3,1,1,0,0,63,28.71047932495361,1,Stage-1
2,165,68.0,100,70,1,1,0,0,0,47,24.977043158861342,0,Normal
1,178,85.0,120,80,1,1,0,0,0,59,26.82742078020452,1,Stage-1
1,156,60.0,130,90,1,1,0,0,1,60,24.654832347140037,1,Stage-2
1,165,65.0,150,70,1,1,0,0,1,57,23.875114784205696,1,Stage-2
2,175,80.0,110,90,1,3,0,0,0,58,26.122448979591837,0,Stage-2
2,167,96.0,150,80,1,1,0,0,1,57,34.42217361683818,1,Stage-2
1,169,73.0,120,80,1,1,0,0,1,49,25.55932915514163,0,Stage-1
2,165,75.0,140,100,1,1,1,1,1,39,27.548209366391188,1,Stage-2
2,163,60.0,120,80,1,1,0,0,1,46,22.582709172343712,0,Stage-1
1,147,42.0,110,70,1,1,0,0,1,56,19.436345966958214,0,Normal
1,157,72.0,100,70,2,1,0,0,0,56,29.21010994360826,0,Normal
1,153,103.0,140,90,3,1,0,0,0,63,44.00017087445,1,Stage-2
1,153,65.0,130,100,1,1,0,0,1,59,27.76709812465291,1,Stage-2
1,162,65.0,120,70,1,1,0,0,0,55,24.76756591982929,0,Elevated
2,165,65.0,120,70,1,1,0,0,1,41,23.875114784205696,0,Elevated
1,165,97.0,160,80,1,1,0,0,0,53,35.62901744719927,0,Stage-2
2,170,63.0,120,80,1,1,0,0,0,57,21.79930795847751,1,Stage-1
1,158,87.0,120,80,3,3,0,0,1,55,34.85018426534209,0,Stage-1
1,152,90.0,110,70,2,1,0,0,1,61,38.95429362880886,1,Normal
1,161,102.0,130,80,1,1,0,0,0,55,39.35033370626133,1,Stage-1
1,165,67.0,120,80,1,1,0,0,1,42,24.609733700642796,0,Stage-1
1,164,78.0,120,90,1,1,0,0,1,53,29.000594883997625,1,Stage-2
2,186,130.0,150,110,2,1,0,0,0,43,37.57659845068794,1,Stage-2
2,164,70.0,120,80,1,1,0,0,1,55,26.026174895895306,1,Stage-1
2,160,57.0,120,80,1,1,0,0,1,60,22.265624999999996,0,Stage-1
1,169,74.0,140,100,1,1,0,0,1,45,25.909456951787405,1,Stage-2
2,165,60.0,120,80,1,1,0,0,1,63,22.03856749311295,1,Stage-1
1,168,66.0,120,80,1,1,0,0,1,60,23.384353741496604,1,Stage-1
1,168,65.0,130,80,1,1,0,0,1,64,23.030045351473927,1,Stage-1
2,166,78.0,120,80,2,2,1,0,1,54,28.305995064595734,0,Stage-1
2,166,90.0,120,80,2,3,0,0,1,55,32.660763536072004,1,Stage-1
2,167,87.0,150,90,1,1,0,0,1,48,31.1950948402596,1,Stage-2
2,167,65.0,130,70,1,1,1,0,1,45,23.306680053067517,0,Stage-1
1,150,72.0,140,80,1,2,0,0,1,56,32.0,1,Stage-2
2,170,74.0,130,100,1,1,0,0,1,43,25.605536332179934,0,Stage-2
2,174,80.0,150,90,2,1,0,1,1,43,26.42356982428326,1,Stage-2
1,174,54.0,120,80,2,2,0,0,1,40,17.8359096313912,0,Stage-1
2,163,73.0,120,80,2,1,0,0,1,47,27.475629493018182,1,Stage-1
1,172,76.0,145,90,1,1,0,0,1,54,25.689561925365066,0,Stage-2
2,176,82.0,130,80,2,1,0,0,0,51,26.47210743801653,0,Stage-1
1,154,60.0,150,100,1,1,0,0,1,64,25.2993759487266,1,Stage-2
2,164,69.0,130,80,2,1,0,0,1,62,25.654372397382513,1,Stage-1
2,171,85.0,170,100,1,1,0,0,1,56,29.06877329776684,1,Stage-2
2,164,67.0,140,90,3,1,0,0,1,54,24.910767400356935,1,Stage-2
2,176,72.0,120,80,1,1,0,0,0,44,23.243801652892564,0,Stage-1
1,156,52.0,120,80,1,1,0,0,1,57,21.367521367521366,0,Stage-1
1,162,110.0,130,80,3,1,0,0,1,45,41.91434232586495,1,Stage-1
1,157,90.0,125,80,1,1,0,0,1,51,36.51263742951032,1,Stage-1
2,165,74.0,115,80,2,1,0,0,0,49,27.180899908172638,0,Stage-1
1,146,63.0,130,80,1,1,0,0,1,58,29.555263651717024,0,Stage-1
2,181,66.0,120,80,1,1,0,0,1,43,20.1459051921492,0,Stage-1
1,154,54.0,120,80,1,1,0,0,1,54,22.76943835385394,0,Stage-1
1,162,80.0,160,100,2,1,0,0,1,63,30.48315805517451,1,Stage-2
1,158,55.0,160,80,3,1,0,0,0,53,22.031725684986377,0,Stage-2
1,161,82.0,150,90,1,1,0,0,1,57,31.634581999151262,1,Stage-2
2,160,68.0,120,80,1,1,0,0,1,62,26.562499999999996,0,Stage-1
1,154,72.0,120,80,1,1,0,0,1,58,30.35925113847192,1,Stage-1
2,178,74.0,150,90,2,1,0,0,1,49,23.355636914530994,1,Stage-2
1,167,84.0,100,70,2,1,0,0,1,41,30.11940191473341,0,Normal
1,170,71.0,100,60,1,1,0,0,1,47,24.56747404844291,0,Normal
1,170,72.0,120,80,1,1,0,0,1,58,24.913494809688583,1,Stage-1
1,154,70.0,120,80,1,1,0,0,0,64,29.515938606847698,1,Stage-1
2,176,78.0,120,80,1,1,0,0,1,41,25.180785123966942,0,Stage-1
2,175,76.0,140,90,1,1,1,1,1,56,24.816326530612244,1,Stage-2
2,160,68.0,120,79,1,1,1,0,0,53,26.562499999999996,0,Elevated
1,149,57.0,110,70,1,1,0,0,1,57,25.674519165803343,0,Normal
2,169,71.0,120,80,1,1,0,0,1,54,24.859073561850078,0,Stage-1
1,167,85.0,120,80,1,1,0,0,0,64,30.477966223242138,1,Stage-1
1,157,42.0,100,60,1,1,0,0,1,45,17.03923080043815,0,Normal
1,170,60.0,120,80,1,1,0,0,0,50,20.761245674740486,0,Stage-1
1,165,86.0,110,80,1,1,0,0,0,51,31.58861340679523,0,Stage-1
1,167,65.0,120,80,1,1,0,0,1,53,23.306680053067517,0,Stage-1
1,167,78.0,110,70,1,1,0,0,1,42,27.968016063681024,0,Normal
1,155,68.0,140,90,3,1,0,0,1,45,28.303850156087407,1,Stage-2
1,160,80.0,110,80,1,1,0,0,0,61,31.249999999999993,1,Stage-1
1,152,71.0,100,60,1,1,0,0,1,49,30.730609418282548,0,Normal
1,154,73.0,100,70,1,1,0,0,1,40,30.78090740428403,0,Normal
1,169,66.0,110,70,1,1,0,0,0,58,23.1084345786212,0,Normal
1,164,87.0,130,90,1,1,0,0,1,59,32.34681737061273,1,Stage-2
1,155,65.0,120,80,1,2,0,0,1,42,27.055150884495315,1,Stage-1
2,176,96.0,120,80,1,3,0,0,1,58,30.991735537190085,0,Stage-1
1,160,63.0,120,80,1,1,0,0,0,57,24.609374999999996,1,Stage-1
2,160,65.0,120,80,1,1,0,0,0,39,25.390624999999996,1,Stage-1
1,157,72.0,120,80,1,1,0,0,1,42,29.21010994360826,0,Stage-1
1,159,62.0,100,60,1,1,0,0,1,45,24.524346347059055,0,Normal
2,178,83.0,120,80,1,1,0,0,1,41,26.19618735008206,0,Stage-1
2,159,80.0,130,90,3,1,0,1,1,61,31.644317867172973,1,Stage-2
2,160,81.0,150,80,2,3,0,0,1,61,31.640624999999993,1,Stage-2
1,160,75.0,120,80,2,1,0,0,1,57,29.296874999999993,1,Stage-1
1,159,61.0,140,90,2,1,0,0,0,59,24.128792373719392,0,Stage-2
2,171,79.0,120,80,1,1,0,0,1,47,27.01685988851271,0,Stage-1
1,157,83.0,130,90,3,3,0,0,1,49,33.6727656294373,0,Stage-2
2,165,80.0,110,70,1,1,0,0,1,54,29.384756657483933,1,Normal
1,156,59.0,120,80,2,2,0,0,0,44,24.243918474687703,0,Stage-1
1,164,52.0,150,80,1,1,0,0,1,50,19.333729922665082,1,Stage-2
2,172,124.0,140,80,1,1,1,0,0,43,41.914548404543,1,Stage-2
1,152,74.0,140,90,1,2,0,0,1,62,32.029085872576175,1,Stage-2
2,173,69.0,110,70,1,1,1,0,1,54,23.054562464499313,0,Normal
1,174,65.0,120,80,1,1,0,0,1,57,21.469150482230148,1,Stage-1
1,156,80.0,130,80,1,1,0,0,1,57,32.87310979618672,1,Stage-1
2,171,58.0,150,90,1,1,1,1,1,61,19.835162956123252,1,Stage-2
2,160,68.0,120,80,1,1,0,0,1,40,26.562499999999996,0,Stage-1
1,150,58.0,110,70,1,1,0,0,1,44,25.77777777777778,0,Normal
2,182,100.0,130,90,1,1,0,0,1,39,30.189590629151066,1,Stage-2
2,180,86.0,120,80,3,1,0,0,1,61,26.54320987654321,1,Stage-1
2,178,66.0,120,80,1,1,0,0,0,45,20.830703194041156,1,Stage-1
1,164,77.0,110,80,1,1,0,0,1,51,28.628792385484836,0,Stage-1
2,179,66.0,120,80,1,1,0,0,1,64,20.598608033457133,0,Stage-1
1,156,91.0,140,90,2,1,0,0,1,53,37.39316239316239,1,Stage-2
1,169,81.0,150,90,1,1,0,0,1,59,28.360351528307834,1,Stage-2
2,176,89.0,120,90,1,1,1,0,1,60,28.731921487603305,0,Stage-2
1,165,72.0,130,70,1,1,0,0,1,61,26.44628099173554,1,Stage-1
1,167,90.0,120,80,2,1,0,0,1,58,32.2707877657858,0,Stage-1
2,171,88.0,140,90,1,1,0,0,1,62,30.094730002393902,1,Stage-2
1,164,53.0,90,60,2,1,0,0,1,41,19.705532421177875,0,Normal
1,152,95.0,160,105,3,1,0,0,1,59,41.11842105263158,1,Stage-2
2,166,72.0,120,80,1,1,0,0,1,54,26.1286108288576,0,Stage-1
2,172,76.0,120,80,1,1,1,0,1,56,25.689561925365066,0,Stage-1
2,172,92.0,110,80,1,2,0,0,1,45,31.09789075175771,1,Stage-1
2,170,88.0,140,80,3,3,0,0,1,63,30.449826989619382,1,Stage-2
1,165,77.0,100,70,1,1,0,0,0,43,28.282828282828287,0,Normal
1,162,58.0,120,80,1,1,0,0,1,56,22.10028959000152,0,Stage-1
1,167,68.0,120,80,1,1,0,0,1,45,24.38237297859371,0,Stage-1
1,152,87.0,130,90,2,1,0,0,1,64,37.655817174515235,0,Stage-2
1,155,80.0,120,80,2,1,0,0,1,58,33.29864724245577,1,Stage-1
1,159,59.0,140,90,1,1,0,0,0,54,23.337684427040067,1,Stage-2
1,165,67.0,120,80,1,1,0,0,1,58,24.609733700642796,0,Stage-1
1,168,82.0,160,90,2,1,0,0,1,44,29.053287981859416,1,Stage-2
1,152,57.0,120,70,1,1,0,0,1,59,24.67105263157895,0,Elevated
1,161,59.0,110,70,1,1,0,0,1,44,22.76146753597469,0,Normal
1,154,50.0,120,80,1,1,0,0,1,49,21.0828132906055,0,Stage-1
1,163,127.0,110,80,1,1,0,0,0,42,47.80006774812752,0,Stage-1
1,170,70.0,140,90,1,1,0,0,1,56,24.221453287197235,1,Stage-2
1,165,100.0,130,70,1,1,0,0,0,58,36.73094582185492,0,Stage-1
1,158,70.0,120,80,3,3,0,0,1,55,28.040378144528116,0,Stage-1
1,167,99.0,110,70,1,1,0,0,1,40,35.49786654236437,1,Normal
1,167,74.0,110,70,1,1,0,0,1,40,26.533758829646096,1,Normal
1,160,73.0,100,70,1,1,0,0,1,49,28.515624999999993,1,Normal
2,171,103.0,140,90,1,1,1,0,1,51,35.224513525529225,1,Stage-2
2,162,59.0,90,60,1,1,0,0,1,49,22.481329065691202,0,Normal
1,164,68.0,120,80,1,1,0,0,1,58,25.282569898869724,1,Stage-1
1,150,60.0,120,80,1,1,0,0,0,44,26.666666666666668,0,Stage-1
1,165,75.0,120,80,1,1,0,0,0,50,27.548209366391188,0,Stage-1
2,177,95.0,120,80,3,1,0,0,1,58,30.323342589932647,1,Stage-1
1,164,77.0,120,80,1,1,0,0,1,57,28.628792385484836,1,Stage-1
1,170,65.0,120,80,1,1,0,0,1,52,22.49134948096886,0,Stage-1
1,158,74.0,120,80,1,1,0,1,1,47,29.642685467072578,0,Stage-1
1,162,106.0,140,90,1,1,0,0,1,60,40.39018442310623,1,Stage-2
2,169,55.0,130,80,1,1,0,1,0,58,19.257028815517668,0,Stage-1
1,164,58.0,110,70,1,1,0,0,1,52,21.564544913741823,0,Normal
1,164,72.0,110,70,1,1,0,0,1,52,26.769779892920884,0,Normal
1,163,67.0,125,80,3,1,0,0,1,61,25.21735857578381,1,Stage-1
1,156,84.0,150,90,1,1,0,0,1,39,34.51676528599605,1,Stage-2
1,162,75.0,130,90,1,1,0,0,1,40,28.577960676726104,1,Stage-2
1,153,62.0,110,80,1,1,0,0,1,61,26.48553974966893,1,Stage-1
1,169,68.0,120,79,2,1,0,0,1,58,23.80869017191275,1,Elevated
1,157,50.0,120,80,1,1,0,0,1,59,20.28479857195018,1,Stage-1
2,167,75.0,120,80,1,1,0,0,1,46,26.89232313815483,0,Stage-1
1,158,78.0,130,80,1,2,0,0,1,56,31.244992789617044,0,Stage-1
2,166,62.0,120,80,1,1,0,0,0,63,22.49963710262738,0,Stage-1
1,151,56.0,150,90,1,1,0,0,1,62,24.560326301478007,1,Stage-2
2,164,65.0,110,70,1,1,0,0,1,43,24.167162403331353,0,Normal
2,162,70.0,110,70,1,1,0,0,1,59,26.672763298277697,0,Normal
1,169,71.0,110,80,1,1,0,0,0,39,24.859073561850078,0,Stage-1
2,165,62.0,140,90,1,1,0,0,1,51,22.77318640955005,0,Stage-2
1,159,65.0,140,80,3,1,0,0,1,62,25.71100826707804,1,Stage-2
2,160,58.0,120,80,1,1,0,0,1,48,22.656249999999996,0,Stage-1
1,168,74.0,120,80,1,1,0,0,1,56,26.218820861678008,0,Stage-1
1,170,100.0,120,80,1,1,0,0,1,47,34.602076124567475,0,Stage-1
1,154,97.0,150,80,1,1,0,1,1,52,40.90065778377467,1,Stage-2
1,165,65.0,120,80,1,1,0,0,1,50,23.875114784205696,1,Stage-1
1,150,68.0,130,90,1,1,0,0,1,53,30.22222222222222,1,Stage-2
1,165,65.0,150,100,1,1,0,0,1,52,23.875114784205696,1,Stage-2
2,165,65.0,120,80,1,1,0,0,0,40,23.875114784205696,0,Stage-1
1,152,84.0,140,80,1,1,0,0,1,52,36.35734072022161,1,Stage-2
2,162,82.0,170,100,2,1,0,0,1,58,31.24523700655387,1,Stage-2
1,158,98.0,130,80,3,2,0,0,1,60,39.25652940233936,0,Stage-1
2,174,86.0,120,80,3,3,0,0,1,62,28.405337561104506,1,Stage-1
1,150,65.0,140,80,3,3,0,0,1,56,28.88888888888889,1,Stage-2
1,156,71.0,110,70,1,2,0,0,1,60,29.17488494411571,0,Normal
2,178,95.0,130,80,1,1,0,0,1,53,29.983587930816814,1,Stage-1
1,160,57.0,109,64,1,1,0,0,1,39,22.265624999999996,0,Normal
2,174,78.0,140,90,1,1,1,0,1,64,25.762980578676178,0,Stage-2
1,175,65.0,120,80,1,1,0,0,1,48,21.224489795918366,0,Stage-1
1,165,65.0,110,70,1,1,0,0,1,55,23.875114784205696,0,Normal
2,170,71.0,150,90,1,1,1,1,1,57,24.56747404844291,1,Stage-2
2,168,66.0,120,80,3,3,0,0,1,58,23.384353741496604,1,Stage-1
1,156,73.0,150,90,1,1,0,0,1,62,29.996712689020377,1,Stage-2
1,155,68.0,130,70,3,1,0,0,1,62,28.303850156087407,1,Stage-1
1,155,107.0,123,86,1,1,0,0,0,53,44.5369406867846,1,Stage-1
1,148,73.0,120,80,2,1,0,0,1,49,33.327246165084006,0,Stage-1
2,174,80.0,120,80,1,1,0,0,1,51,26.42356982428326,1,Stage-1
2,167,65.0,130,80,1,2,0,0,1,48,23.306680053067517,0,Stage-1
1,165,80.0,120,80,1,1,0,0,0,64,29.384756657483933,1,Stage-1
1,159,97.0,110,70,1,1,0,0,1,57,38.36873541394723,1,Normal
1,165,68.0,120,80,1,1,0,0,1,45,24.977043158861342,0,Stage-1
1,164,64.0,120,80,1,1,0,0,0,53,23.795359904818564,0,Stage-1
1,170,72.0,120,80,1,1,0,0,1,50,24.913494809688583,0,Stage-1
1,165,63.0,120,80,1,1,0,0,1,56,23.140495867768596,0,Stage-1
1,152,70.0,140,60,3,1,0,0,1,63,30.297783933518005,0,Stage-2
1,153,48.0,140,80,2,2,0,0,1,51,20.504933999743688,0,Stage-2
2,165,70.0,120,80,1,1,0,0,1,62,25.71166207529844,0,Stage-1
1,153,54.0,150,100,2,1,0,0,1,50,23.06805074971165,1,Stage-2
1,172,85.0,140,90,1,1,0,0,1,55,28.73174689021093,1,Stage-2
2,159,82.0,120,80,1,1,0,0,1,57,32.4354258138523,1,Stage-1
1,161,60.0,120,80,1,1,0,0,1,55,23.147255121330193,1,Stage-1
1,163,104.0,130,80,1,1,0,0,1,45,39.14336256539576,0,Stage-1
1,150,87.0,160,100,1,1,0,0,1,61,38.666666666666664,1,Stage-2
1,160,79.0,160,100,1,1,0,0,1,52,30.859374999999993,1,Stage-2
1,160,71.0,110,70,1,1,0,0,1,49,27.734374999999993,0,Normal
2,168,72.0,120,70,1,1,0,1,1,39,25.510204081632658,0,Elevated
2,175,70.0,120,80,1,1,0,0,0,53,22.857142857142858,0,Stage-1
2,167,63.0,120,80,1,1,0,0,1,61,22.589551436050055,1,Stage-1
1,160,84.0,110,70,1,1,0,0,1,45,32.81249999999999,0,Normal
2,179,105.0,140,90,1,1,1,1,1,41,32.770512780499985,1,Stage-2
1,159,101.0,130,80,1,1,0,0,0,49,39.95095130730588,1,Stage-1
1,157,60.0,120,80,1,1,0,0,1,53,24.341758286340216,0,Stage-1
1,160,73.0,130,80,2,2,0,0,0,43,28.515624999999993,1,Stage-1
1,165,63.0,130,80,1,1,0,0,1,64,23.140495867768596,1,Stage-1
1,167,108.0,180,100,3,1,0,1,1,54,38.72494531894295,0,Stage-2
1,160,65.0,120,80,1,1,0,0,1,54,25.390624999999996,0,Stage-1
2,180,75.0,120,80,1,1,0,0,1,41,23.148148148148145,0,Stage-1
1,164,92.0,120,80,1,2,0,0,1,54,34.20582986317669,1,Stage-1
2,160,92.0,120,80,1,1,0,0,1,45,35.93749999999999,0,Stage-1
1,158,87.0,110,70,1,1,0,0,1,55,34.85018426534209,0,Normal
1,166,97.0,160,110,1,1,0,0,1,51,35.20104514443316,1,Stage-2
1,159,60.0,120,80,1,1,0,0,1,59,23.73323840037973,0,Stage-1
1,162,85.0,120,70,3,3,0,0,1,56,32.38835543362292,1,Elevated
1,154,60.0,120,80,3,1,0,0,1,56,25.2993759487266,1,Stage-1
2,164,77.0,120,80,1,1,0,0,1,41,28.628792385484836,1,Stage-1
2,168,67.0,140,90,1,1,0,0,0,55,23.738662131519277,1,Stage-2
1,165,87.0,130,90,1,1,0,0,0,60,31.95592286501378,0,Stage-2
1,147,67.0,190,100,1,1,0,0,1,58,31.005599518719055,1,Stage-2
2,165,60.0,120,60,2,2,0,0,0,59,22.03856749311295,1,Elevated
1,158,80.0,120,70,1,1,0,0,0,55,32.046146450889275,1,Elevated
2,170,71.0,120,80,1,1,0,0,1,53,24.56747404844291,0,Stage-1
1,163,74.0,130,90,1,1,0,0,0,61,27.85200797922391,1,Stage-2
1,154,70.0,110,70,1,1,0,0,0,41,29.515938606847698,0,Normal
2,180,86.0,120,80,1,1,0,0,1,53,26.54320987654321,1,Stage-1
1,174,72.0,120,70,3,3,0,0,1,54,23.781212841854934,0,Elevated
2,168,92.0,110,70,2,1,1,1,1,55,32.596371882086174,0,Normal
1,154,101.0,110,80,1,1,0,0,1,50,42.58728284702311,0,Stage-1
1,170,60.0,110,70,1,1,0,0,0,60,20.761245674740486,0,Normal
1,180,75.0,120,80,1,1,0,0,1,60,23.148148148148145,1,Stage-1
1,167,74.0,120,80,1,1,0,0,0,50,26.533758829646096,0,Stage-1
2,173,89.0,120,80,1,1,0,0,1,45,29.737044338267232,1,Stage-1
1,154,76.0,120,80,1,1,0,0,1,61,32.04587620172036,1,Stage-1
2,167,63.0,110,70,1,1,0,1,1,51,22.589551436050055,0,Normal
1,156,71.0,120,80,3,2,0,0,0,56,29.17488494411571,1,Stage-1
1,169,68.0,120,80,1,1,0,0,1,61,23.80869017191275,1,Stage-1
1,165,65.0,120,80,1,1,0,0,0,52,23.875114784205696,0,Stage-1
2,177,77.0,120,80,1,1,0,0,1,51,24.577867151840145,1,Stage-1
1,164,69.0,120,80,1,1,0,0,1,42,25.654372397382513,0,Stage-1
2,167,66.0,125,80,1,1,0,0,1,40,23.66524436157625,0,Stage-1
2,156,56.0,140,90,1,1,0,0,1,39,23.011176857330703,1,Stage-2
1,166,71.0,120,80,1,1,0,0,1,60,25.76571345623458,1,Stage-1
1,153,78.0,120,80,1,1,0,0,1,58,33.320517749583495,1,Stage-1
1,156,66.0,110,70,1,1,0,0,1,45,27.12031558185404,0,Normal
2,162,85.0,120,90,1,1,0,0,0,53,32.38835543362292,0,Stage-2
2,173,81.0,130,80,3,1,0,0,1,54,27.064051588760066,0,Stage-1
2,160,65.0,120,80,1,1,0,0,1,53,25.390624999999996,0,Stage-1
2,173,106.0,160,80,3,1,1,0,0,55,35.41715393096996,1,Stage-2
1,165,65.0,120,70,2,1,0,0,1,58,23.875114784205696,1,Elevated
1,158,57.0,140,80,1,1,0,0,1,51,22.832879346258608,1,Stage-2
1,164,85.0,120,80,1,1,0,0,1,49,31.603212373587155,0,Stage-1
2,179,70.0,120,80,1,1,0,0,1,62,21.847008520333322,0,Stage-1
2,179,81.0,130,80,3,1,0,0,1,43,25.280109859242845,0,Stage-1
1,165,70.0,140,90,1,1,0,0,1,53,25.71166207529844,0,Stage-2
2,180,70.0,120,80,1,1,0,0,1,43,21.604938271604937,0,Stage-1
1,147,52.0,120,80,1,1,0,0,1,50,24.06404738766255,0,Stage-1
1,163,68.0,120,70,1,1,0,0,1,49,25.59373706198954,0,Elevated
2,162,76.0,160,100,1,1,1,0,0,54,28.959000152415786,1,Stage-2
1,164,80.0,130,90,3,3,0,0,1,44,29.744199881023206,1,Stage-2
2,173,70.0,130,70,1,1,0,0,1,51,23.38868655818771,0,Stage-1
2,161,69.0,120,80,1,1,0,0,1,61,26.61934338952972,0,Stage-1
2,168,65.0,120,80,1,1,0,0,1,47,23.030045351473927,0,Stage-1
1,166,80.0,120,80,1,1,0,0,1,59,29.03178980984178,1,Stage-1
1,170,90.0,120,80,1,1,0,0,1,56,31.14186851211073,0,Stage-1
1,157,72.0,140,90,1,1,0,0,1,63,29.21010994360826,1,Stage-2
1,162,88.0,130,100,2,1,0,0,1,57,33.53147386069196,1,Stage-2
2,160,79.0,140,80,1,1,0,0,1,56,30.859374999999993,1,Stage-2
2,187,90.0,110,80,1,1,0,0,0,40,25.737081414967538,1,Stage-1
1,163,65.0,120,80,1,1,0,0,1,46,24.46460160337235,0,Stage-1
2,185,80.0,120,80,1,1,0,0,1,54,23.37472607742878,1,Stage-1
1,164,84.0,130,90,1,2,0,0,1,46,31.231409875074366,1,Stage-2
2,160,80.0,140,90,1,1,0,0,1,55,31.249999999999993,1,Stage-2
1,170,91.0,120,80,1,1,0,0,1,45,31.487889273356405,0,Stage-1
2,175,80.0,125,80,1,1,1,0,1,61,26.122448979591837,0,Stage-1
2,174,68.0,120,70,1,1,0,0,0,53,22.460034350640772,1,Elevated
1,156,55.0,120,80,1,1,0,0,0,46,22.600262984878366,0,Stage-1
2,172,74.0,90,60,1,1,0,0,1,49,25.013520822065985,0,Normal
2,174,86.0,140,90,1,2,0,0,1,50,28.405337561104506,0,Stage-2
1,158,50.0,100,60,1,1,0,0,1,57,20.028841531805796,0,Normal
1,170,58.0,110,60,1,1,0,0,1,40,20.06920415224914,0,Normal
1,159,53.0,145,90,1,1,0,0,1,53,20.964360587002094,1,Stage-2
1,154,78.0,120,80,1,1,0,0,1,58,32.889188733344575,0,Stage-1
2,176,66.0,120,80,1,1,0,0,1,39,21.306818181818183,0,Stage-1
2,172,90.0,170,104,1,2,0,1,1,52,30.42184964845863,1,Stage-2
1,162,79.0,130,90,3,3,0,0,1,55,30.102118579484827,1,Stage-2
1,165,78.0,120,80,1,1,0,0,1,49,28.650137741046834,0,Stage-1
1,159,64.0,120,80,1,1,0,0,1,52,25.315454293738377,0,Stage-1
2,162,68.0,110,80,1,1,0,0,0,40,25.910684346898332,0,Stage-1
1,153,63.0,130,80,3,3,0,0,1,63,26.91272587466359,0,Stage-1
1,160,72.0,110,70,1,1,0,0,0,53,28.124999999999993,1,Normal
1,156,66.0,150,100,2,3,0,0,1,63,27.12031558185404,0,Stage-2
1,170,89.0,110,80,1,1,0,0,1,41,30.795847750865054,0,Stage-1
1,160,60.0,120,80,3,3,0,0,1,56,23.437499999999996,1,Stage-1
1,154,63.0,100,60,1,2,0,0,1,41,26.564344746162927,1,Normal
2,161,59.0,120,70,1,1,1,0,1,42,22.76146753597469,0,Elevated
1,160,77.0,110,80,1,1,0,1,0,43,30.078124999999993,0,Stage-1
2,173,81.0,130,80,1,1,0,0,0,54,27.064051588760066,0,Stage-1
1,160,64.0,140,90,1,1,0,0,0,46,24.999999999999996,1,Stage-2
1,165,65.0,110,80,1,1,0,0,0,49,23.875114784205696,0,Stage-1
1,170,71.0,140,90,1,1,0,0,1,56,24.56747404844291,1,Stage-2
1,153,66.0,140,90,3,2,0,0,0,60,28.194284249647573,1,Stage-2
1,157,82.0,120,80,2,3,0,0,1,54,33.26706965799829,0,Stage-1
1,158,70.0,120,70,1,1,0,0,1,54,28.040378144528116,0,Elevated
1,157,85.0,120,80,1,1,0,0,0,50,34.484157572315304,0,Stage-1
1,161,71.0,120,80,3,3,0,0,0,54,27.390918560240728,0,Stage-1
2,177,63.0,150,70,1,1,1,0,1,61,20.109164033323754,1,Stage-2
1,177,80.0,110,70,1,1,0,0,1,43,25.53544639152223,1,Normal
1,165,66.0,140,90,1,1,0,0,0,49,24.242424242424246,1,Stage-2
1,160,70.0,130,90,1,1,0,0,1,63,27.343749999999996,0,Stage-2
2,180,104.0,130,90,1,1,0,0,1,55,32.098765432098766,0,Stage-2
1,162,63.0,120,80,1,1,0,0,1,55,24.005486968449926,0,Stage-1
2,171,90.0,120,90,1,1,0,0,1,51,30.778701138811947,0,Stage-2
2,175,72.0,120,80,1,1,0,0,1,43,23.510204081632654,0,Stage-1
1,166,75.0,120,80,1,1,0,1,0,64,27.21730294672667,1,Stage-1
1,163,68.0,110,70,1,1,0,0,1,51,25.59373706198954,0,Normal
1,161,62.0,130,90,1,1,0,0,1,55,23.9188302920412,0,Stage-2
1,154,75.0,100,70,3,1,0,0,1,40,31.624219935908247,0,Normal
1,173,80.0,130,80,3,1,0,0,1,53,26.729927495071667,1,Stage-1
1,147,57.0,130,80,1,1,0,0,1,64,26.377898098014718,1,Stage-1
1,178,78.0,120,80,3,3,0,0,1,55,24.61810377477591,1,Stage-1
1,165,82.0,160,100,1,1,0,0,1,61,30.119375573921033,1,Stage-2
1,156,76.0,110,60,2,2,0,0,1,63,31.22945430637738,1,Normal
1,151,103.0,140,90,1,1,0,0,1,59,45.17345730450419,1,Stage-2
2,168,65.0,110,80,1,1,0,0,1,50,23.030045351473927,0,Stage-1
1,163,78.0,130,70,2,1,0,0,0,62,29.357521924046825,0,Stage-1
1,176,100.0,100,60,1,2,0,0,1,56,32.28305785123967,1,Normal
1,169,65.0,120,80,1,2,0,0,0,62,22.758306781975424,1,Stage-1
1,173,90.0,120,60,1,1,0,0,1,63,30.071168431955627,1,Elevated
1,161,50.0,100,80,1,1,0,0,0,57,19.28937926777516,0,Stage-1
1,155,84.0,120,80,1,1,0,0,1,51,34.96357960457856,0,Stage-1
1,165,80.0,120,80,1,1,0,0,1,42,29.384756657483933,1,Stage-1
1,160,75.0,110,70,1,1,0,0,0,54,29.296874999999993,1,Normal
1,158,80.0,120,80,1,1,0,0,1,39,32.046146450889275,1,Stage-1
2,160,60.0,120,80,1,1,0,0,1,50,23.437499999999996,0,Stage-1
1,160,76.0,110,80,1,1,0,0,1,61,29.687499999999993,1,Stage-1
1,170,70.0,120,80,1,1,0,0,1,47,24.221453287197235,1,Stage-1
2,168,64.0,110,70,1,1,0,0,1,63,22.67573696145125,1,Normal
1,160,120.0,150,60,1,1,0,0,1,55,46.87499999999999,1,Stage-2
1,160,75.0,120,80,1,1,0,0,1,49,29.296874999999993,0,Stage-1
1,160,63.0,120,80,1,1,0,0,1,52,24.609374999999996,1,Stage-1
2,172,75.0,110,80,1,1,0,0,1,55,25.351541373715524,0,Stage-1
1,157,59.0,110,70,1,1,0,0,1,47,23.93606231490121,0,Normal
1,168,85.0,120,80,1,1,0,0,1,53,30.116213151927443,0,Stage-1
1,160,85.0,110,70,1,1,0,0,0,53,33.20312499999999,1,Normal
2,170,60.0,120,80,1,1,0,0,1,52,20.761245674740486,1,Stage-1
1,164,83.0,140,80,2,2,0,0,0,51,30.859607376561577,1,Stage-2
2,172,64.0,120,80,1,1,0,0,1,45,21.63331530557058,0,Stage-1
2,153,60.0,120,80,1,1,0,0,1,40,25.63116749967961,0,Stage-1
1,168,69.0,190,90,2,2,0,0,1,50,24.44727891156463,0,Stage-2
1,159,78.0,130,90,1,1,0,1,1,54,30.853209920493647,0,Stage-2
1,161,78.0,120,80,1,1,0,0,1,51,30.091431657729252,1,Stage-1
2,162,70.0,130,90,1,1,0,0,1,62,26.672763298277697,1,Stage-2
1,160,77.0,120,80,1,1,0,0,1,50,30.078124999999993,0,Stage-1
2,163,71.0,130,80,1,1,1,1,1,54,26.722872520606725,0,Stage-1
1,157,74.0,150,100,1,2,0,0,1,50,30.021501886486266,1,Stage-2
1,170,68.0,120,80,1,1,0,0,1,52,23.529411764705884,1,Stage-1
1,164,132.0,160,90,1,1,0,0,0,50,49.07792980368829,1,Stage-2
1,162,67.0,130,80,1,1,0,0,1,47,25.529644871208653,1,Stage-1
2,170,92.0,120,80,1,2,0,0,0,57,31.83391003460208,1,Stage-1
1,156,69.0,130,80,3,1,0,1,1,61,28.353057199211044,0,Stage-1
2,169,82.0,140,90,1,1,1,1,1,51,28.71047932495361,1,Stage-2
2,165,65.0,140,90,1,1,0,0,1,50,23.875114784205696,1,Stage-2
2,181,85.0,140,90,1,1,0,0,0,63,25.94548395958609,0,Stage-2
1,165,67.0,110,70,1,1,0,0,1,54,24.609733700642796,0,Normal
1,156,76.0,120,80,1,1,0,0,0,48,31.22945430637738,1,Stage-1
1,165,60.0,120,75,2,1,0,0,1,53,22.03856749311295,0,Elevated
1,162,70.0,140,80,1,1,0,0,1,62,26.672763298277697,1,Stage-2
1,167,65.0,120,80,1,1,0,0,1,53,23.306680053067517,0,Stage-1
1,159,95.0,130,90,1,1,0,0,1,62,37.5776274672679,1,Stage-2
2,178,74.0,120,80,1,1,0,0,0,51,23.355636914530994,1,Stage-1
1,166,68.0,100,80,2,2,0,0,1,40,24.677021338365513,0,Stage-1
1,160,66.0,120,80,1,1,0,0,0,55,25.781249999999996,0,Stage-1
2,165,88.0,160,90,1,1,0,0,1,59,32.323232323232325,0,Stage-2
1,160,57.0,120,80,2,1,0,0,1,51,22.265624999999996,0,Stage-1
2,170,93.0,120,80,1,1,0,0,0,49,32.17993079584775,1,Stage-1
1,153,83.0,120,80,2,1,1,0,1,54,35.45644837455679,1,Stage-1
2,172,71.0,110,70,1,2,0,0,0,42,23.99945916711736,0,Normal
1,147,50.0,110,70,1,1,0,0,1,57,23.138507103521682,0,Normal
2,169,81.0,110,80,2,1,0,0,1,60,28.360351528307834,0,Stage-1
1,165,103.0,130,90,1,1,0,0,1,39,37.832874196510566,1,Stage-2
2,175,74.0,120,70,1,1,0,0,1,55,24.163265306122447,0,Elevated
2,171,77.0,110,70,1,1,0,0,1,50,26.332888752094664,0,Normal
1,162,79.0,120,80,1,1,0,0,1,39,30.102118579484827,0,Stage-1
1,165,60.0,110,80,1,2,0,1,1,49,22.03856749311295,0,Stage-1
1,157,62.0,110,80,1,1,0,0,1,51,25.153150229218223,1,Stage-1
1,149,50.0,150,90,1,1,0,0,1,55,22.52150804017837,1,Stage-2
1,167,87.0,120,70,1,1,0,0,1,50,31.1950948402596,0,Elevated
1,175,70.0,120,80,1,1,0,0,0,51,22.857142857142858,0,Stage-1
1,142,51.0,130,80,1,1,0,0,1,52,25.29260067446935,1,Stage-1
2,165,65.0,120,80,1,1,0,0,0,51,23.875114784205696,1,Stage-1
1,156,89.0,120,80,1,1,0,0,1,55,36.571334648257725,0,Stage-1
2,168,80.0,140,90,1,1,0,0,1,55,28.344671201814062,1,Stage-2
1,168,60.0,120,80,3,1,0,0,1,40,21.258503401360546,1,Stage-1
1,155,89.0,140,100,1,1,0,0,1,48,37.04474505723204,0,Stage-2
2,169,75.0,120,80,1,1,1,0,1,54,26.25958474843318,0,Stage-1
2,166,70.0,110,70,1,1,0,0,0,39,25.402816083611555,0,Normal
1,158,60.0,125,70,1,1,0,0,1,41,24.034609838166958,1,Elevated
2,178,87.0,120,80,1,1,1,1,1,53,27.458654210326976,0,Stage-1
1,170,75.0,130,80,1,1,0,0,1,61,25.95155709342561,1,Stage-1
1,164,68.0,130,90,1,1,0,1,1,55,25.282569898869724,1,Stage-2
1,160,82.0,120,80,1,1,0,0,1,41,32.03124999999999,0,Stage-1
2,167,62.0,140,70,3,1,0,0,0,45,22.230987127541326,1,Stage-2
2,159,58.0,110,70,1,1,0,0,1,40,22.942130453700404,0,Normal
1,159,76.0,140,90,3,1,0,0,1,53,30.062101973814325,1,Stage-2
1,161,81.0,160,110,2,2,0,0,1,39,31.24879441379576,1,Stage-2
1,161,66.0,100,60,1,1,0,0,1,63,25.461980633463213,1,Normal
1,155,70.0,120,80,3,3,0,0,1,55,29.1363163371488,0,Stage-1
1,156,80.0,120,80,1,1,0,0,1,63,32.87310979618672,0,Stage-1
1,154,83.0,170,100,1,1,0,0,0,48,34.99747006240513,1,Stage-2
2,177,160.0,170,110,3,3,0,0,1,61,51.07089278304446,1,Stage-2
1,158,72.0,130,80,1,1,0,0,1,56,28.841531805800347,1,Stage-1
1,157,63.0,140,90,3,1,0,0,1,57,25.558846200657225,1,Stage-2
1,158,61.0,110,70,2,1,0,0,0,46,24.435186668803073,0,Normal
2,172,97.0,120,80,1,1,1,0,1,59,32.787993510005414,1,Stage-1
1,161,56.0,110,70,1,1,0,0,1,39,21.60410477990818,0,Normal
1,155,85.0,190,100,1,1,0,0,1,63,35.37981269510926,1,Stage-2
2,178,62.0,120,80,1,1,0,0,1,62,19.568236333796236,1,Stage-1
1,168,90.0,120,80,1,1,0,0,1,58,31.88775510204082,0,Stage-1
1,160,60.0,120,80,1,1,0,0,0,62,23.437499999999996,1,Stage-1
1,160,75.0,120,80,1,1,0,0,1,52,29.296874999999993,0,Stage-1
2,169,85.0,120,80,1,1,1,0,1,54,29.76086271489094,0,Stage-1
1,166,120.0,160,90,1,1,0,0,1,51,43.54768471476267,1,Stage-2
1,155,72.0,150,90,1,1,0,0,1,60,29.968782518210194,1,Stage-2
1,148,62.0,160,90,1,2,0,0,0,54,28.305332359386416,1,Stage-2
2,172,86.0,130,90,2,1,1,0,1,61,29.069767441860467,0,Stage-2
1,160,79.0,140,90,1,1,0,0,1,52,30.859374999999993,1,Stage-2
1,156,60.0,120,80,1,1,0,0,1,53,24.654832347140037,0,Stage-1
1,155,56.0,130,80,2,2,0,1,1,55,23.309053069719038,0,Stage-1
2,172,85.0,140,90,3,2,0,0,1,57,28.73174689021093,1,Stage-2
1,163,62.0,120,80,1,1,0,0,1,50,23.335466144755166,0,Stage-1
1,165,71.0,120,80,1,1,0,0,1,50,26.07897153351699,0,Stage-1
1,158,61.0,120,80,1,1,0,0,0,53,24.435186668803073,1,Stage-1
1,168,74.0,140,90,1,1,0,0,1,49,26.218820861678008,1,Stage-2
1,146,86.0,120,80,1,1,0,0,1,58,40.34528054043911,1,Stage-1
1,152,73.0,100,80,1,1,0,0,1,43,31.596260387811633,0,Stage-1
1,156,83.0,120,80,1,2,0,1,0,50,34.10585141354372,0,Stage-1
2,163,69.0,110,80,2,1,0,0,1,61,25.970115548195267,0,Stage-1
1,158,75.0,110,70,1,1,0,0,0,43,30.043262297708697,0,Normal
2,170,65.0,120,80,1,1,0,0,1,53,22.49134948096886,1,Stage-1
2,187,93.0,130,90,2,1,0,0,1,41,26.59498412879979,1,Stage-2
1,155,78.0,140,80,3,1,0,0,1,57,32.46618106139438,1,Stage-2
1,164,72.0,140,90,1,1,0,0,1,54,26.769779892920884,1,Stage-2
1,165,58.0,120,80,1,1,0,0,1,53,21.30394857667585,0,Stage-1
1,165,98.0,150,90,3,3,0,0,1,51,35.99632690541782,1,Stage-2
1,159,58.0,120,80,1,1,0,0,0,63,22.942130453700404,0,Stage-1
2,183,92.0,130,70,1,2,0,0,0,61,27.471707127713575,1,Stage-1
1,156,52.0,90,60,1,1,0,0,1,47,21.367521367521366,0,Normal
2,172,106.0,160,110,1,1,1,0,1,49,35.83017847485127,1,Stage-2
2,163,72.0,120,80,1,1,0,0,0,64,27.09925100681245,1,Stage-1
1,175,77.0,120,80,1,1,0,0,1,51,25.142857142857142,0,Stage-1
2,165,75.0,140,90,1,1,1,0,0,50,27.548209366391188,1,Stage-2
2,174,165.0,120,90,1,2,0,1,1,42,54.49861276258422,0,Stage-2
2,185,103.0,110,80,3,1,0,0,0,51,30.094959824689553,0,Stage-1
1,164,78.0,120,80,1,1,0,0,1,45,29.000594883997625,0,Stage-1
2,176,84.0,130,80,1,1,1,0,1,49,27.117768595041323,0,Stage-1
2,172,75.0,120,80,1,1,0,0,0,54,25.351541373715524,0,Stage-1
1,148,84.0,130,80,1,1,0,0,0,59,38.34915997078159,1,Stage-1
1,162,99.0,110,70,1,1,0,0,1,45,37.722908093278456,0,Normal
2,186,100.0,180,110,2,2,1,0,1,39,28.905075731298414,1,Stage-2
2,168,56.0,140,90,1,2,0,0,1,61,19.841269841269845,1,Stage-2
1,171,104.0,140,90,3,3,0,0,1,51,35.56649909373825,1,Stage-2
1,161,72.0,140,90,1,1,0,0,1,51,27.776706145596233,1,Stage-2
1,154,56.0,130,80,3,1,0,0,1,55,23.61275088547816,0,Stage-1
1,165,64.0,130,70,1,1,0,0,1,56,23.507805325987146,1,Stage-1
2,170,90.0,150,90,2,1,0,1,1,63,31.14186851211073,1,Stage-2
2,168,70.0,120,80,3,1,0,0,1,62,24.801587301587304,1,Stage-1
1,162,61.0,120,80,1,3,0,0,1,56,23.243408017070564,0,Stage-1
1,159,50.0,120,80,2,1,0,0,1,39,19.77769866698311,0,Stage-1
1,158,76.5,130,80,3,1,0,0,1,57,30.64412754366287,1,Stage-1
2,175,66.0,120,70,1,1,0,0,1,50,21.551020408163264,1,Elevated
1,168,80.0,140,90,3,3,0,0,1,59,28.344671201814062,1,Stage-2
2,183,79.0,150,90,1,1,1,0,1,49,23.589835468362743,1,Stage-2
2,180,78.0,90,60,1,1,0,0,1,44,24.074074074074073,0,Normal
2,171,69.0,110,70,1,1,0,0,1,64,23.59700420642249,0,Normal
1,164,72.0,150,90,3,1,0,0,1,59,26.769779892920884,1,Stage-2
1,165,68.0,140,80,1,1,0,0,1,59,24.977043158861342,0,Stage-2
1,163,62.0,120,80,1,3,0,0,1,39,23.335466144755166,0,Stage-1
1,162,78.0,140,100,3,3,0,0,1,60,29.721079103795148,0,Stage-2
2,165,88.0,180,100,3,1,0,0,1,55,32.323232323232325,0,Stage-2
1,163,71.0,120,80,1,1,0,0,1,50,26.722872520606725,0,Stage-1
1,149,85.0,160,100,1,1,0,0,1,54,38.28656366830323,1,Stage-2
1,160,65.0,85,60,1,1,0,0,1,42,25.390624999999996,0,Normal
1,150,80.0,140,90,3,1,0,0,1,62,35.55555555555556,1,Stage-2
1,161,75.0,130,80,1,1,0,0,1,59,28.93406890166274,0,Stage-1
1,165,84.0,130,80,1,1,0,0,1,53,30.85399449035813,1,Stage-1
1,163,90.0,130,80,1,1,0,0,1,53,33.87406375851557,0,Stage-1
1,153,78.0,120,80,2,2,0,0,1,43,33.320517749583495,0,Stage-1
1,160,60.0,120,80,1,1,0,0,1,58,23.437499999999996,0,Stage-1
1,163,90.0,140,90,2,1,0,0,1,58,33.87406375851557,1,Stage-2
2,164,68.0,140,90,3,1,1,0,1,63,25.282569898869724,1,Stage-2
1,165,75.0,150,90,2,1,0,0,1,49,27.548209366391188,1,Stage-2
1,158,71.0,120,80,1,1,0,0,1,57,28.44095497516423,0,Stage-1
2,165,57.0,140,80,1,1,1,1,1,39,20.936639118457304,1,Stage-2
1,156,64.0,110,70,1,1,0,0,0,41,26.298487836949374,0,Normal
2,160,75.0,140,90,3,3,0,0,1,53,29.296874999999993,0,Stage-2
1,164,78.0,120,80,1,1,0,0,1,56,29.000594883997625,1,Stage-1
2,165,81.0,120,70,1,1,0,0,1,56,29.752066115702483,0,Elevated
2,162,56.0,90,70,2,2,0,0,0,51,21.338210638622158,0,Normal
2,183,80.0,110,70,1,3,0,0,1,52,23.888440980620498,1,Normal
2,168,73.0,120,70,1,1,0,0,0,55,25.86451247165533,1,Elevated
2,165,63.0,140,100,2,1,0,0,1,56,23.140495867768596,1,Stage-2
1,153,60.0,95,65,1,1,0,0,1,39,25.63116749967961,0,Normal
1,158,100.0,120,80,1,1,0,0,1,51,40.05768306361159,0,Stage-1
2,163,70.0,140,80,1,1,0,0,0,60,26.346494034400994,1,Stage-2
1,167,64.0,120,70,1,1,0,0,1,56,22.948115744558788,0,Elevated
1,153,69.0,120,70,3,1,0,0,1,63,29.475842624631554,1,Elevated
1,158,75.0,120,80,1,1,0,0,1,40,30.043262297708697,0,Stage-1
2,185,90.0,110,80,1,1,0,0,1,56,26.296566837107374,0,Stage-1
1,152,45.0,90,60,1,1,0,0,0,50,19.47714681440443,0,Normal
2,172,87.0,120,79,1,1,0,0,1,59,29.40778799351001,1,Elevated
1,162,131.0,120,70,1,1,0,0,1,40,49.91617131534826,1,Elevated
1,159,68.0,110,70,1,2,0,0,1,45,26.897670187097027,1,Normal
1,155,82.0,130,90,1,1,0,0,1,56,34.131113423517164,1,Stage-2
2,170,80.0,120,80,1,1,0,0,1,40,27.68166089965398,0,Stage-1
2,165,103.0,140,90,2,1,0,0,0,61,37.832874196510566,1,Stage-2
1,160,66.0,120,80,3,3,0,0,1,61,25.781249999999996,1,Stage-1
1,161,83.0,140,90,1,1,0,0,1,54,32.02036958450677,1,Stage-2
2,178,85.0,130,90,1,1,1,0,1,61,26.82742078020452,0,Stage-2
1,169,75.0,120,80,1,1,0,0,1,41,26.25958474843318,0,Stage-1
1,165,67.0,120,80,1,1,0,0,1,52,24.609733700642796,1,Stage-1
1,164,67.0,120,80,2,2,0,0,1,60,24.910767400356935,1,Stage-1
1,155,65.0,150,90,2,2,0,0,1,51,27.055150884495315,1,Stage-2
2,163,48.0,120,80,1,1,0,0,1,59,18.06616733787497,1,Stage-1
1,155,103.0,120,69,1,1,0,0,0,64,42.872008324661806,1,Elevated
1,165,73.0,120,80,1,1,0,0,0,59,26.813590449954088,0,Stage-1
2,162,85.0,90,70,1,1,1,0,1,55,32.38835543362292,0,Normal
1,169,69.0,160,80,1,1,0,0,1,56,24.158817968558527,1,Stage-2
2,152,52.0,120,80,1,3,1,1,1,57,22.506925207756233,1,Stage-1
1,168,84.0,120,80,1,1,0,0,1,55,29.761904761904766,0,Stage-1
1,162,67.0,140,90,1,2,0,0,1,61,25.529644871208653,1,Stage-2
1,168,63.0,130,80,1,1,0,0,1,55,22.321428571428577,0,Stage-1
1,169,75.0,120,70,2,1,0,0,1,48,26.25958474843318,0,Elevated
1,166,64.0,150,90,1,1,0,0,1,51,23.225431847873423,1,Stage-2
2,163,67.0,120,80,1,2,0,0,0,41,25.21735857578381,0,Stage-1
1,170,74.0,110,80,1,1,0,0,1,44,25.605536332179934,0,Stage-1
2,163,77.0,110,80,1,1,0,0,1,45,28.981143437841094,0,Stage-1
2,156,56.0,120,80,1,1,1,1,0,48,23.011176857330703,0,Stage-1
1,160,131.0,170,100,1,3,0,0,1,59,51.17187499999999,1,Stage-2
1,164,73.0,164,73,1,1,0,0,1,45,27.141582391433676,1,Stage-2
1,170,60.0,140,80,1,1,0,0,1,47,20.761245674740486,1,Stage-2
1,156,54.0,110,70,1,1,0,0,1,49,22.189349112426033,0,Normal
1,167,67.0,120,80,3,3,0,0,0,52,24.023808670084982,1,Stage-1
1,152,75.0,140,90,2,1,0,0,1,61,32.46191135734072,1,Stage-2
1,162,72.0,140,90,1,1,0,0,1,63,27.43484224965706,1,Stage-2
1,166,105.0,140,80,3,1,0,0,1,60,38.10422412541733,0,Stage-2
1,168,108.0,150,90,2,2,0,0,1,46,38.26530612244898,0,Stage-2
1,161,77.0,130,85,2,1,0,0,1,55,29.705644072373747,0,Stage-1
1,155,58.0,160,100,3,1,0,0,1,60,24.141519250780433,1,Stage-2
1,154,68.0,140,100,3,3,0,1,1,51,28.67262607522348,1,Stage-2
1,163,90.0,180,60,3,3,0,0,0,63,33.87406375851557,1,Stage-2
1,165,66.0,110,70,1,1,0,0,0,43,24.242424242424246,0,Normal
2,155,51.0,110,80,2,1,0,0,1,64,21.227887617065555,1,Stage-1
1,160,65.0,120,70,1,1,0,0,1,53,25.390624999999996,0,Elevated
1,167,100.0,150,90,1,1,0,0,1,53,35.8564308508731,1,Stage-2
2,160,65.0,150,90,1,1,0,0,0,61,25.390624999999996,1,Stage-2
2,167,80.0,140,90,1,1,0,0,0,59,28.685144680698485,1,Stage-2
1,157,62.0,90,70,1,1,0,0,1,45,25.153150229218223,0,Normal
2,163,54.0,120,80,1,1,1,0,1,57,20.32443825510934,0,Stage-1
1,170,62.0,110,70,1,1,0,0,1,43,21.453287197231838,0,Normal
2,185,104.0,170,100,1,3,0,0,1,57,30.38714390065741,1,Stage-2
1,165,80.0,120,80,1,1,0,0,1,39,29.384756657483933,0,Stage-1
1,155,51.0,100,60,1,1,0,0,1,40,21.227887617065555,0,Normal
2,175,85.0,120,80,1,1,0,0,1,52,27.755102040816325,0,Stage-1
2,162,80.0,140,90,2,1,0,0,1,55,30.48315805517451,1,Stage-2
1,164,73.0,130,90,3,1,0,0,1,51,27.141582391433676,1,Stage-2
1,160,59.0,110,80,1,1,0,0,1,58,23.046874999999996,1,Stage-1
2,174,92.0,140,90,1,2,0,0,0,50,30.38710529792575,1,Stage-2
1,146,53.0,120,80,1,1,0,0,1,57,24.86395196096829,0,Stage-1
1,168,72.0,140,90,3,1,0,0,1,63,25.510204081632658,1,Stage-2
1,152,72.0,130,80,2,2,0,0,1,59,31.16343490304709,0,Stage-1
1,162,48.0,120,60,1,1,0,0,1,60,18.289894833104707,0,Elevated
1,160,98.0,110,70,1,1,0,0,0,52,38.28124999999999,0,Normal
1,146,65.0,130,80,3,1,0,0,0,57,30.49352598986677,1,Stage-1
2,170,79.0,160,70,1,1,0,0,1,46,27.33564013840831,1,Stage-2
2,176,100.0,140,90,1,1,0,0,1,53,32.28305785123967,1,Stage-2
1,154,75.0,110,80,1,1,0,0,1,44,31.624219935908247,0,Stage-1
1,175,69.0,120,80,1,1,0,0,0,50,22.53061224489796,0,Stage-1
1,165,100.0,110,70,1,1,0,0,1,45,36.73094582185492,0,Normal
2,170,85.0,130,80,1,1,0,0,0,55,29.411764705882355,1,Stage-1
2,182,78.0,120,80,1,2,0,0,1,49,23.54788069073783,0,Stage-1
2,175,68.0,120,80,3,1,0,0,1,58,22.20408163265306,0,Stage-1
1,165,88.0,145,95,2,1,0,0,1,47,32.323232323232325,1,Stage-2
1,167,61.0,120,80,1,1,0,0,1,54,21.872422819032593,1,Stage-1
1,157,70.0,140,90,1,1,0,0,1,52,28.398718000730252,1,Stage-2
1,158,58.0,110,70,1,1,0,0,0,48,23.233456176894723,0,Normal
1,178,60.0,100,80,1,1,0,0,1,40,18.93700290367378,0,Stage-1
1,154,102.0,130,90,3,1,0,0,1,43,43.008939112835215,1,Stage-2
2,170,71.0,120,80,1,1,0,0,1,52,24.56747404844291,0,Stage-1
1,165,88.0,120,80,2,1,0,0,1,40,32.323232323232325,0,Stage-1
1,156,72.0,120,80,1,1,0,0,1,54,29.585798816568044,0,Stage-1
1,160,67.0,120,90,3,1,0,0,1,57,26.171874999999996,1,Stage-2
1,162,49.0,120,80,1,1,0,0,1,59,18.670934308794386,0,Stage-1
1,163,98.0,120,80,1,1,1,0,1,43,36.88509164816139,0,Stage-1
1,157,54.0,130,80,1,1,1,0,1,58,21.907582457706194,1,Stage-1
1,168,73.0,120,80,2,1,0,0,1,51,25.86451247165533,0,Stage-1
1,153,57.0,100,80,2,1,0,0,1,63,24.34960912469563,1,Stage-1
1,168,75.0,120,80,1,1,0,0,1,57,26.573129251700685,0,Stage-1
1,165,57.0,117,84,2,1,0,0,1,59,20.936639118457304,0,Stage-1
2,175,80.0,120,80,1,1,0,0,1,64,26.122448979591837,1,Stage-1
1,161,111.0,140,90,1,1,0,0,1,40,42.82242197446086,1,Stage-2
1,170,72.0,110,60,1,1,0,0,1,45,24.913494809688583,1,Normal
1,157,75.0,170,100,3,2,0,0,0,61,30.427197857925268,1,Stage-2
1,158,45.0,110,70,1,1,0,0,1,44,18.02595737862522,0,Normal
1,163,87.0,140,80,2,1,0,0,1,58,32.74492829989838,0,Stage-2
1,156,57.0,140,80,2,1,0,0,1,60,23.422090729783037,1,Stage-2
1,155,67.0,120,80,1,1,0,0,1,61,27.887617065556707,1,Stage-1
1,159,69.0,110,80,1,1,0,0,1,51,27.29322416043669,0,Stage-1
1,162,85.0,130,90,1,3,0,0,1,49,32.38835543362292,1,Stage-2
1,165,71.0,105,80,1,1,0,0,1,49,26.07897153351699,0,Stage-1
1,172,51.0,110,80,1,1,0,0,1,63,17.239048134126556,1,Stage-1
2,171,71.0,120,80,1,1,0,0,1,59,24.280975342840534,0,Stage-1
1,164,52.0,140,90,1,1,0,0,1,55,19.333729922665082,0,Stage-2
1,165,85.0,120,80,1,1,0,0,1,64,31.22130394857668,0,Stage-1
1,139,66.0,120,80,2,1,0,0,1,59,34.15972258164692,1,Stage-1
1,160,67.0,140,80,1,1,0,0,1,53,26.171874999999996,1,Stage-2
2,176,73.0,120,80,2,3,1,0,0,48,23.56663223140496,1,Stage-1
2,170,62.0,140,70,1,1,1,0,1,57,21.453287197231838,1,Stage-2
1,157,66.0,130,90,2,1,0,1,0,56,26.775934114974238,1,Stage-2
1,155,86.0,130,80,2,1,0,0,1,54,35.796045785639954,0,Stage-1
2,176,72.0,120,80,1,1,0,0,1,55,23.243801652892564,1,Stage-1
2,168,73.0,120,80,1,1,0,0,0,51,25.86451247165533,0,Stage-1
1,148,59.0,125,70,1,1,0,1,1,63,26.93571950328707,1,Elevated
1,152,63.0,120,80,1,1,0,0,1,54,27.268005540166204,0,Stage-1
2,169,81.0,140,90,1,1,1,0,1,64,28.360351528307834,1,Stage-2
1,165,75.0,140,90,1,1,0,0,1,59,27.548209366391188,0,Stage-2
1,168,75.0,120,80,2,3,0,0,1,57,26.573129251700685,1,Stage-1
1,163,58.0,120,80,3,3,0,0,1,60,21.829952199932254,1,Stage-1
1,157,50.0,100,70,1,1,0,0,1,47,20.28479857195018,0,Normal
2,175,57.0,120,80,1,1,1,0,1,48,18.612244897959183,0,Stage-1
1,157,85.0,140,90,1,1,0,0,1,51,34.484157572315304,1,Stage-2
1,161,87.0,110,80,2,2,0,0,1,55,33.56351992592878,0,Stage-1
1,167,98.0,100,80,1,2,0,0,1,47,35.139302233855645,1,Stage-1
2,175,85.0,120,80,2,1,1,1,1,51,27.755102040816325,1,Stage-1
2,169,90.0,120,80,1,1,0,0,1,41,31.51150169811982,1,Stage-1
2,175,76.0,120,80,1,1,0,0,1,40,24.816326530612244,0,Stage-1
1,170,123.0,130,90,1,1,0,0,1,50,42.560553633218,0,Stage-2
1,163,70.0,120,80,1,1,0,0,1,51,26.346494034400994,0,Stage-1
1,166,66.0,120,80,1,1,0,0,1,50,23.95122659311947,0,Stage-1
1,160,82.0,160,100,2,1,0,0,1,59,32.03124999999999,1,Stage-2
1,161,81.0,125,80,2,1,0,0,0,57,31.24879441379576,0,Stage-1
1,164,85.0,160,90,1,1,0,0,0,63,31.603212373587155,1,Stage-2
2,177,89.0,130,90,1,1,0,0,1,49,28.40818411056848,0,Stage-2
2,175,79.0,120,80,1,1,1,0,1,41,25.79591836734694,1,Stage-1
2,173,73.0,120,80,1,1,0,0,0,61,24.3910588392529,0,Stage-1
1,160,70.0,120,80,1,1,1,0,1,57,27.343749999999996,1,Stage-1
1,180,75.0,120,80,1,1,0,0,0,62,23.148148148148145,1,Stage-1
1,153,68.0,100,70,1,1,0,0,0,56,29.04865649963689,0,Normal
2,170,106.0,120,80,1,1,1,0,1,56,36.67820069204153,0,Stage-1
2,169,89.0,134,92,1,1,0,0,1,43,31.161373901474043,0,Stage-2
2,160,60.0,120,80,1,1,0,0,1,62,23.437499999999996,0,Stage-1
2,184,112.0,110,70,1,1,1,1,1,51,33.0812854442344,0,Normal
1,152,78.0,120,70,1,1,0,0,1,55,33.76038781163435,1,Elevated
2,176,90.0,130,70,2,1,0,0,0,58,29.054752066115704,0,Stage-1
1,156,80.0,100,60,1,1,0,0,0,51,32.87310979618672,0,Normal
1,150,59.0,120,80,1,1,0,0,1,63,26.22222222222222,1,Stage-1
1,156,65.0,100,70,1,1,0,0,1,55,26.709401709401707,1,Normal
1,158,76.0,130,80,1,1,0,0,1,54,30.443839128344813,0,Stage-1
2,160,60.0,120,80,1,1,0,0,1,56,23.437499999999996,1,Stage-1
1,155,85.0,140,80,1,1,0,0,1,44,35.37981269510926,0,Stage-2
1,160,80.0,120,80,1,1,0,0,1,53,31.249999999999993,1,Stage-1
2,160,90.0,140,90,3,1,0,1,1,53,35.15624999999999,1,Stage-2
2,162,64.0,130,90,1,1,0,0,0,47,24.38652644413961,0,Stage-2
1,160,75.0,150,90,2,1,0,0,0,43,29.296874999999993,1,Stage-2
1,162,50.0,120,80,1,1,0,0,1,43,19.05197378448407,0,Stage-1
2,147,59.0,200,100,3,1,1,1,1,62,27.303438382155587,1,Stage-2
1,169,67.0,160,80,1,1,0,0,1,50,23.458562375266975,1,Stage-2
1,153,65.0,130,70,1,1,0,0,1,50,27.76709812465291,1,Stage-1
1,162,96.0,150,100,3,3,0,0,0,52,36.579789666209415,1,Stage-2
2,168,79.0,120,80,1,1,0,0,0,43,27.99036281179139,0,Stage-1
1,168,79.0,120,80,1,2,0,1,1,63,27.99036281179139,0,Stage-1
1,167,102.0,210,100,2,1,0,0,0,63,36.57355946789057,1,Stage-2
2,165,65.0,130,80,1,1,0,0,1,60,23.875114784205696,1,Stage-1
1,158,59.0,100,70,1,1,0,0,1,53,23.634033007530842,0,Normal
1,160,80.0,120,80,1,1,0,0,0,51,31.249999999999993,0,Stage-1
1,157,82.0,140,90,3,1,0,0,1,64,33.26706965799829,1,Stage-2
1,170,95.0,120,80,1,1,0,0,1,54,32.871972318339104,0,Stage-1
1,150,54.0,120,80,1,1,0,0,1,53,24.0,1,Stage-1
2,160,55.0,120,80,1,1,0,0,1,41,21.484374999999996,0,Stage-1
1,160,52.0,120,80,1,1,0,0,0,55,20.312499999999996,0,Stage-1
2,158,62.0,110,70,1,1,1,0,1,55,24.83576349943919,1,Normal
1,163,80.0,110,70,2,2,0,0,1,39,30.11027889645828,0,Normal
2,170,75.0,120,80,1,1,0,0,1,52,25.95155709342561,0,Stage-1
1,162,72.0,130,90,2,1,0,0,1,53,27.43484224965706,1,Stage-2
2,167,67.0,120,80,1,1,1,1,1,47,24.023808670084982,0,Stage-1
2,170,72.0,120,80,1,1,0,1,0,62,24.913494809688583,0,Stage-1
1,158,69.0,110,80,1,1,0,0,1,46,27.639801313892,0,Stage-1
2,182,102.0,120,80,3,1,1,0,1,61,30.79338244173409,1,Stage-1
2,172,78.0,140,80,1,1,0,0,1,41,26.365603028664147,0,Stage-2
1,163,84.0,140,80,1,1,0,0,1,51,31.615792841281195,1,Stage-2
2,175,84.0,120,80,1,1,0,0,1,55,27.428571428571427,0,Stage-1
1,177,96.0,120,80,1,1,0,0,1,44,30.642535669826675,0,Stage-1
1,156,52.0,120,80,1,1,0,0,1,40,21.367521367521366,0,Stage-1
1,160,91.0,120,80,2,2,0,0,1,47,35.54687499999999,1,Stage-1
2,180,80.0,120,80,3,3,0,1,1,55,24.691358024691358,1,Stage-1
1,164,74.0,105,70,1,1,0,0,0,47,27.513384889946465,1,Normal
1,167,69.0,140,90,1,1,0,0,0,53,24.740937287102444,1,Stage-2
1,172,68.0,120,80,1,1,0,0,1,49,22.985397512168742,0,Stage-1
2,162,65.0,150,80,1,1,0,0,1,63,24.76756591982929,1,Stage-2
1,174,61.0,110,80,1,1,0,0,1,47,20.147971991015986,0,Stage-1
1,160,58.0,130,80,3,2,0,0,1,64,22.656249999999996,1,Stage-1
1,167,112.0,130,90,1,1,0,0,1,39,40.15920255297788,0,Stage-2
2,160,48.0,140,90,2,1,1,1,1,63,18.749999999999996,0,Stage-2
2,170,64.0,110,80,1,1,0,0,1,46,22.145328719723185,0,Stage-1
2,175,93.0,125,80,1,3,0,0,1,41,30.367346938775512,0,Stage-1
1,162,73.0,100,90,3,1,0,0,0,53,27.815881725346742,1,Stage-2
1,190,90.0,120,80,1,1,0,0,1,57,24.930747922437675,0,Stage-1
2,163,61.0,100,80,1,1,0,1,1,61,22.95908765854944,0,Stage-1
1,165,62.0,120,80,2,1,0,0,1,57,22.77318640955005,1,Stage-1
2,152,50.0,140,100,1,1,0,0,1,48,21.641274238227147,1,Stage-2
2,176,70.0,120,80,1,1,0,0,0,56,22.59814049586777,0,Stage-1
1,153,91.0,120,80,1,1,0,0,1,39,38.87393737451408,0,Stage-1
1,165,70.0,120,80,1,1,0,0,1,60,25.71166207529844,0,Stage-1
1,153,63.0,120,80,1,1,0,0,1,58,26.91272587466359,0,Stage-1
1,178,76.0,120,80,1,1,0,0,0,48,23.98687034465345,0,Stage-1
1,156,72.0,130,90,1,3,0,0,0,54,29.585798816568044,0,Stage-2
1,158,74.0,155,93,3,2,0,1,1,53,29.642685467072578,1,Stage-2
2,169,75.0,160,90,2,1,0,0,1,61,26.25958474843318,1,Stage-2
2,177,75.0,120,79,1,1,0,0,1,47,23.93948099205209,0,Elevated
1,163,62.0,120,80,1,1,0,0,0,56,23.335466144755166,1,Stage-1
2,174,88.0,130,100,2,1,0,0,0,61,29.065926806711587,1,Stage-2
1,162,63.0,110,70,1,1,0,0,1,47,24.005486968449926,0,Normal
1,162,72.0,120,80,1,1,0,0,1,51,27.43484224965706,1,Stage-1
1,157,78.0,180,100,1,1,0,0,1,61,31.64428577224228,0,Stage-2
2,170,98.0,150,90,1,1,1,0,0,53,33.91003460207613,1,Stage-2
1,157,64.0,100,60,1,1,0,0,1,45,25.96454217209623,0,Normal
1,165,85.0,150,80,1,1,0,0,0,64,31.22130394857668,1,Stage-2
2,168,70.0,120,80,1,1,0,0,1,60,24.801587301587304,0,Stage-1
1,168,69.0,120,80,1,1,0,0,1,39,24.44727891156463,0,Stage-1
1,149,54.0,120,80,1,1,0,0,1,61,24.32322868339264,0,Stage-1
1,158,72.0,125,85,1,3,0,0,1,52,28.841531805800347,0,Stage-1
1,164,72.0,120,80,1,1,0,0,1,58,26.769779892920884,0,Stage-1
1,165,62.0,110,60,1,1,0,0,1,44,22.77318640955005,0,Normal
1,159,73.0,130,90,1,1,0,0,0,59,28.875440053795337,1,Stage-2
1,152,64.0,120,80,2,1,0,1,1,57,27.700831024930746,0,Stage-1
1,164,66.0,140,90,1,1,0,0,1,57,24.538964901844146,1,Stage-2
1,164,46.0,90,60,1,1,0,0,1,43,17.102914931588344,0,Normal
1,168,59.0,110,70,1,1,0,0,0,43,20.904195011337873,0,Normal
2,166,73.0,120,80,1,1,0,0,1,53,26.491508201480624,0,Stage-1
2,162,70.0,120,80,1,1,0,0,1,41,26.672763298277697,0,Stage-1
1,152,80.0,120,90,2,2,0,0,0,58,34.62603878116344,1,Stage-2
1,156,72.0,140,90,3,1,0,0,1,55,29.585798816568044,1,Stage-2
1,169,62.0,120,80,1,1,0,0,1,60,21.707923392038097,0,Stage-1
1,164,68.0,148,90,1,1,0,0,1,57,25.282569898869724,1,Stage-2
2,169,69.0,120,80,1,1,0,0,1,59,24.158817968558527,0,Stage-1
1,165,65.0,120,80,1,1,0,0,0,58,23.875114784205696,1,Stage-1
2,178,71.0,110,70,1,1,0,0,1,40,22.408786769347305,0,Normal
2,179,90.0,110,80,1,1,1,1,1,48,28.089010954714272,0,Stage-1
1,156,85.0,120,80,3,3,0,0,1,61,34.927679158448385,1,Stage-1
2,182,130.0,130,90,1,1,0,0,0,47,39.24646781789639,1,Stage-2
1,164,72.0,140,90,3,3,0,0,1,59,26.769779892920884,1,Stage-2
2,167,85.0,140,90,1,1,0,0,1,51,30.477966223242138,1,Stage-2
1,154,50.0,180,120,1,1,0,0,0,53,21.0828132906055,1,Stage-2
2,167,78.0,130,80,1,1,0,0,1,44,27.968016063681024,1,Stage-1
2,172,81.0,160,120,1,1,0,0,0,54,27.379664683612766,1,Stage-2
1,158,75.0,140,80,1,1,0,0,1,60,30.043262297708697,1,Stage-2
1,163,65.0,120,70,1,1,0,0,0,50,24.46460160337235,0,Elevated
1,148,42.0,120,80,1,1,0,0,1,62,19.174579985390796,1,Stage-1
2,185,75.0,120,60,1,1,1,1,1,40,21.913805697589478,0,Elevated
1,154,67.0,130,90,2,1,0,0,1,53,28.25096980941137,1,Stage-2
2,154,50.0,120,80,1,1,0,0,1,64,21.0828132906055,0,Stage-1
1,163,101.0,120,80,2,2,0,0,1,41,38.01422710677858,0,Stage-1
2,184,72.0,120,80,1,1,0,0,1,51,21.266540642722116,0,Stage-1
2,169,89.0,160,90,1,1,0,0,0,54,31.161373901474043,1,Stage-2
2,160,65.0,160,100,1,1,1,1,1,55,25.390624999999996,1,Stage-2
1,165,68.0,140,90,1,1,0,0,0,47,24.977043158861342,1,Stage-2
1,169,83.0,120,80,1,1,0,0,0,39,29.060607121599386,0,Stage-1
2,160,65.0,120,80,1,1,0,0,1,58,25.390624999999996,0,Stage-1
1,158,70.0,130,80,1,2,0,0,1,61,28.040378144528116,1,Stage-1
2,170,66.0,150,90,2,1,0,0,1,53,22.837370242214536,1,Stage-2
1,156,60.0,120,80,2,1,0,0,1,61,24.654832347140037,1,Stage-1
2,166,64.0,130,80,1,1,1,0,1,45,23.225431847873423,1,Stage-1
2,170,65.0,150,100,1,1,0,0,0,57,22.49134948096886,1,Stage-2
1,174,78.0,140,90,1,1,0,0,1,54,25.762980578676178,0,Stage-2
1,165,73.0,135,80,1,1,0,0,0,63,26.813590449954088,1,Stage-1
1,160,82.0,120,80,1,1,0,0,1,57,32.03124999999999,0,Stage-1
1,162,89.0,120,80,2,1,0,0,0,54,33.91251333638164,1,Stage-1
1,168,74.0,120,80,1,1,0,0,1,60,26.218820861678008,1,Stage-1
2,156,65.0,120,60,3,3,1,0,1,56,26.709401709401707,0,Elevated
2,176,78.0,120,80,1,1,0,0,1,49,25.180785123966942,0,Stage-1
1,165,66.0,130,90,1,1,0,0,1,64,24.242424242424246,0,Stage-2
1,157,88.0,140,90,2,1,0,0,1,50,35.70124548663232,1,Stage-2
2,156,66.0,160,100,2,2,0,0,1,49,27.12031558185404,1,Stage-2
2,155,57.0,130,70,1,1,0,0,0,40,23.725286160249738,0,Stage-1
1,164,75.0,140,90,1,1,0,0,0,63,27.885187388459254,1,Stage-2
1,143,70.0,140,80,3,3,0,0,1,60,34.231502762971296,1,Stage-2
2,160,63.0,130,90,1,1,1,0,1,55,24.609374999999996,1,Stage-2
1,155,61.0,110,80,1,1,0,0,1,53,25.390218522372525,0,Stage-1
1,161,67.0,120,80,2,2,0,0,1,41,25.847768218818715,0,Stage-1
2,178,79.0,120,80,1,1,1,0,1,59,24.933720489837143,0,Stage-1
1,156,45.0,110,80,1,1,0,0,1,53,18.49112426035503,0,Stage-1
2,176,94.0,120,80,2,2,0,0,0,60,30.34607438016529,0,Stage-1
1,165,75.0,120,70,3,3,0,0,0,52,27.548209366391188,1,Elevated
1,156,52.0,120,80,1,1,0,0,1,44,21.367521367521366,0,Stage-1
1,156,64.0,130,90,1,1,1,1,0,50,26.298487836949374,1,Stage-2
1,156,64.0,120,80,1,1,0,1,1,64,26.298487836949374,0,Stage-1
1,158,66.0,120,90,1,3,0,0,1,62,26.43807082198365,0,Stage-2
1,163,72.0,120,80,1,1,0,0,1,56,27.09925100681245,0,Stage-1
2,170,73.0,110,70,1,1,0,0,1,46,25.25951557093426,0,Normal
1,158,70.0,130,80,1,1,0,0,1,50,28.040378144528116,0,Stage-1
1,164,65.0,120,80,1,1,0,0,1,54,24.167162403331353,1,Stage-1
1,165,65.0,120,80,1,1,0,0,0,53,23.875114784205696,0,Stage-1
1,192,70.0,130,90,1,1,0,0,1,53,18.98871527777778,0,Stage-2
1,167,56.0,120,80,2,2,0,0,1,50,20.07960127648894,0,Stage-1
1,160,60.0,160,100,1,1,0,0,1,43,23.437499999999996,1,Stage-2
1,169,68.0,130,90,1,1,0,0,1,56,23.80869017191275,1,Stage-2
1,158,67.0,140,70,2,1,0,0,1,57,26.83864765261977,0,Stage-2
1,157,80.0,130,80,1,1,0,0,1,61,32.45567771512029,1,Stage-1
1,173,76.0,110,90,1,1,0,0,1,55,25.393431120318084,1,Stage-2
1,166,70.0,160,90,1,1,0,0,1,52,25.402816083611555,1,Stage-2
1,164,95.0,140,90,3,1,0,0,0,61,35.32123735871506,1,Stage-2
1,168,107.0,180,100,3,3,0,0,1,63,37.91099773242631,1,Stage-2
2,173,95.0,140,80,3,3,0,0,1,64,31.741788900397605,0,Stage-2
2,165,94.0,120,90,1,1,1,1,1,44,34.527089072543625,0,Stage-2
1,152,65.0,170,100,1,1,0,0,0,57,28.133656509695292,1,Stage-2
2,169,58.0,100,80,1,1,1,1,1,49,20.307412205454995,0,Stage-1
1,162,76.0,110,70,1,1,0,0,0,49,28.959000152415786,0,Normal
1,165,61.0,120,80,1,1,0,0,1,59,22.4058769513315,1,Stage-1
1,170,70.0,160,80,3,1,0,0,1,64,24.221453287197235,1,Stage-2
1,151,74.0,160,100,2,1,0,0,1,41,32.45471689838165,1,Stage-2
1,166,65.0,140,100,1,1,0,0,1,43,23.588329220496444,1,Stage-2
1,164,74.0,130,70,1,1,0,0,0,52,27.513384889946465,0,Stage-1
2,173,124.0,160,100,1,1,0,0,1,44,41.43138761736109,1,Stage-2
1,175,80.0,140,90,1,1,0,0,0,59,26.122448979591837,1,Stage-2
1,140,75.0,120,80,1,1,0,0,0,47,38.26530612244898,1,Stage-1
1,152,82.0,140,100,1,1,0,0,1,59,35.49168975069252,1,Stage-2
1,164,60.0,110,80,1,1,0,0,1,64,22.308149910767405,1,Stage-1
1,160,57.0,110,80,2,2,0,0,1,52,22.265624999999996,1,Stage-1
1,171,79.0,120,80,1,1,0,0,1,50,27.01685988851271,0,Stage-1
2,178,78.0,130,80,3,1,0,0,1,53,24.61810377477591,1,Stage-1
2,172,80.0,120,80,1,2,0,0,0,40,27.041644131963228,0,Stage-1
1,170,80.0,120,60,1,1,0,0,1,55,27.68166089965398,0,Elevated
1,160,58.0,120,80,1,2,0,0,0,48,22.656249999999996,1,Stage-1
2,159,75.0,120,80,1,1,0,0,1,59,29.666548000474663,0,Stage-1
2,172,75.0,120,90,2,2,0,0,0,40,25.351541373715524,0,Stage-2
1,164,84.0,140,90,1,1,0,0,1,61,31.231409875074366,1,Stage-2
1,165,85.0,130,80,1,1,0,0,1,62,31.22130394857668,1,Stage-1
2,168,65.0,110,80,1,1,0,0,1,45,23.030045351473927,0,Stage-1
2,170,72.0,140,90,2,1,0,0,1,50,24.913494809688583,1,Stage-2
1,153,80.0,130,80,1,1,0,1,0,61,34.17488999957281,1,Stage-1
1,157,76.0,90,60,1,1,0,0,1,45,30.832893829364274,0,Normal
2,173,95.0,140,90,1,1,1,0,1,49,31.741788900397605,1,Stage-2
1,168,55.0,120,80,1,2,0,0,1,59,19.48696145124717,0,Stage-1
1,156,51.0,140,90,2,1,0,0,1,63,20.956607495069033,1,Stage-2
1,164,96.0,130,80,3,1,0,0,1,61,35.693039857227845,0,Stage-1
1,175,90.0,120,80,1,1,0,0,1,53,29.387755102040817,0,Stage-1
1,154,51.0,110,70,1,1,0,0,1,41,21.504469556417607,0,Normal
1,162,62.0,120,80,1,3,0,0,1,59,23.624447492760247,0,Stage-1
2,173,84.0,120,90,2,2,0,0,1,59,28.06642386982525,1,Stage-2
1,154,80.0,120,80,1,1,0,0,1,61,33.732501264968796,1,Stage-1
2,168,76.0,120,80,1,1,1,0,0,58,26.92743764172336,0,Stage-1
1,155,101.0,140,90,1,1,0,0,1,51,42.039542143600414,1,Stage-2
1,178,105.0,130,90,3,3,0,0,1,61,33.13975508142911,1,Stage-2
2,172,85.0,110,70,2,2,0,0,1,56,28.73174689021093,1,Normal
2,170,81.0,110,70,1,1,1,1,0,56,28.027681660899656,1,Normal
2,156,60.0,110,70,1,1,0,0,1,41,24.654832347140037,0,Normal
2,158,69.0,120,80,3,1,0,0,1,63,27.639801313892,0,Stage-1
1,154,60.0,110,80,1,1,0,0,1,63,25.2993759487266,1,Stage-1
2,181,92.0,115,90,3,1,0,0,1,48,28.082170873904946,1,Stage-2
1,169,65.0,120,90,1,1,0,0,1,50,22.758306781975424,1,Stage-2
1,170,90.0,140,90,3,1,0,0,1,55,31.14186851211073,1,Stage-2
2,175,88.0,200,90,2,1,1,1,1,39,28.73469387755102,1,Stage-2
2,164,72.0,100,70,1,1,0,0,1,40,26.769779892920884,0,Normal
1,151,87.0,130,80,1,1,1,0,1,54,38.15622121836761,0,Stage-1
1,157,61.0,120,70,1,1,0,0,0,54,24.747454257779218,0,Elevated
2,174,89.0,120,80,1,1,0,0,1,55,29.396221429515126,0,Stage-1
1,162,75.0,150,70,1,2,0,0,1,45,28.577960676726104,1,Stage-2
1,167,102.0,110,70,2,1,1,1,1,39,36.57355946789057,0,Normal
1,150,62.0,140,110,1,1,0,0,1,51,27.555555555555557,0,Stage-2
1,159,68.0,120,80,1,1,0,0,1,61,26.897670187097027,0,Stage-1
1,167,78.0,120,80,1,1,0,0,1,46,27.968016063681024,1,Stage-1
1,164,78.0,130,85,1,1,0,0,1,52,29.000594883997625,0,Stage-1
2,164,70.0,120,80,1,1,0,0,1,59,26.026174895895306,1,Stage-1
1,157,63.0,110,70,1,1,0,0,1,49,25.558846200657225,1,Normal
1,157,60.0,120,80,3,1,0,0,1,47,24.341758286340216,1,Stage-1
1,150,71.0,140,90,1,1,0,0,0,56,31.555555555555557,1,Stage-2
1,160,60.0,120,80,1,1,0,0,1,59,23.437499999999996,1,Stage-1
2,182,84.0,113,62,1,1,0,0,1,53,25.359256128486894,0,Normal
1,157,89.0,120,80,3,3,0,0,1,59,36.10694145807132,1,Stage-1
1,155,72.0,170,100,2,2,0,0,1,51,29.968782518210194,1,Stage-2
1,169,60.0,120,80,3,1,0,0,1,44,21.007667798746546,1,Stage-1
2,150,50.0,120,80,1,1,0,0,1,62,22.22222222222222,0,Stage-1
1,162,90.0,120,80,1,1,0,0,0,45,34.293552812071326,0,Stage-1
1,150,56.0,120,80,1,1,0,0,1,41,24.88888888888889,0,Stage-1
1,147,53.0,120,70,1,1,0,0,1,41,24.526817529732984,0,Elevated
2,172,105.0,150,100,2,2,0,1,1,47,35.49215792320173,1,Stage-2
1,172,68.0,120,80,1,1,0,0,1,48,22.985397512168742,0,Stage-1
1,160,60.0,120,80,1,1,0,0,1,53,23.437499999999996,1,Stage-1
2,166,97.0,120,80,2,1,0,0,1,43,35.20104514443316,1,Stage-1
2,182,75.0,150,90,3,1,0,0,1,63,22.6421929718633,1,Stage-2
2,170,101.0,140,90,2,1,0,0,1,57,34.94809688581315,0,Stage-2
1,166,52.0,90,60,1,1,0,0,0,40,18.870663376397157,0,Normal
1,156,72.0,130,70,1,1,0,0,1,61,29.585798816568044,1,Stage-1
2,176,76.0,145,90,2,1,0,0,1,55,24.535123966942148,1,Stage-2
1,155,75.0,120,80,3,1,0,0,1,57,31.217481789802285,1,Stage-1
1,162,79.0,110,60,1,1,0,0,1,39,30.102118579484827,0,Normal
1,161,89.0,120,80,1,3,0,0,1,53,34.33509509663978,0,Stage-1
2,169,65.0,140,100,1,1,0,1,1,51,22.758306781975424,1,Stage-2
2,170,70.0,140,90,1,1,0,0,1,46,24.221453287197235,1,Stage-2
1,157,99.0,140,90,2,1,0,0,1,53,40.16390117246136,1,Stage-2
1,168,64.0,140,100,1,1,0,0,1,59,22.67573696145125,1,Stage-2
1,160,99.0,160,80,3,3,0,0,1,49,38.67187499999999,1,Stage-2
1,156,60.0,110,70,1,1,0,0,1,40,24.654832347140037,0,Normal
1,170,60.0,120,80,1,1,0,0,0,51,20.761245674740486,1,Stage-1
2,179,113.0,160,100,1,1,0,0,1,57,35.26731375425236,0,Stage-2
1,154,45.0,90,60,1,1,0,0,1,63,18.974531961544947,1,Normal
1,156,73.0,100,70,1,1,0,0,1,52,29.996712689020377,0,Normal
1,158,65.0,140,70,2,1,0,0,1,56,26.037493991347535,1,Stage-2
2,169,84.0,145,100,3,1,0,1,1,57,29.410734918245165,1,Stage-2
2,173,98.0,110,80,2,2,1,0,0,44,32.74416118146279,0,Stage-1
1,161,62.0,140,90,2,2,0,0,1,60,23.9188302920412,1,Stage-2
1,163,78.0,110,80,1,1,0,0,0,42,29.357521924046825,0,Stage-1
2,168,66.0,120,80,1,1,1,0,1,39,23.384353741496604,0,Stage-1
1,160,47.0,90,50,2,1,0,0,1,47,18.359374999999996,0,Normal
1,158,59.0,140,80,1,1,0,0,0,47,23.634033007530842,0,Stage-2
1,139,61.0,120,40,1,1,0,0,1,53,31.57186481031003,0,Elevated
2,179,80.0,130,80,1,1,0,0,1,45,24.968009737523797,0,Stage-1
1,163,90.0,150,90,1,1,0,0,0,53,33.87406375851557,1,Stage-2
1,159,75.0,150,90,1,1,0,0,1,48,29.666548000474663,1,Stage-2
2,168,83.0,120,80,1,1,0,0,0,52,29.40759637188209,1,Stage-1
1,164,82.0,140,90,3,3,0,0,1,54,30.487804878048784,1,Stage-2
1,154,56.0,120,80,1,1,0,0,0,60,23.61275088547816,0,Stage-1
2,182,69.0,140,90,2,1,0,0,1,45,20.830817534114235,1,Stage-2
1,165,65.0,120,80,1,1,0,0,1,56,23.875114784205696,1,Stage-1
1,167,62.0,120,80,1,1,0,0,1,40,22.230987127541326,0,Stage-1
2,170,72.0,130,80,1,3,0,0,1,61,24.913494809688583,1,Stage-1
2,173,77.0,120,80,1,1,0,0,1,45,25.727555214006482,1,Stage-1
1,160,79.0,100,70,2,1,0,0,1,52,30.859374999999993,1,Normal
2,174,86.0,180,100,3,1,1,1,1,63,28.405337561104506,1,Stage-2
2,175,120.0,135,83,1,1,0,0,1,59,39.183673469387756,1,Stage-1
2,175,90.0,120,80,1,1,1,0,1,58,29.387755102040817,1,Stage-1
2,180,105.0,170,90,2,2,1,0,0,57,32.407407407407405,1,Stage-2
1,170,80.0,120,80,1,1,0,0,1,55,27.68166089965398,0,Stage-1
2,156,80.0,115,80,1,1,0,0,1,43,32.87310979618672,0,Stage-1
1,159,88.0,130,90,1,1,0,0,1,57,34.80874965389027,1,Stage-2
1,155,77.0,160,90,1,1,0,0,1,55,32.04994797086368,1,Stage-2
2,163,103.0,120,80,1,1,0,0,1,55,38.76698407919004,0,Stage-1
1,168,70.0,110,70,1,1,0,0,1,45,24.801587301587304,0,Normal
1,162,62.0,120,80,1,1,0,0,0,54,23.624447492760247,0,Stage-1
1,165,65.0,120,80,1,1,0,0,1,48,23.875114784205696,0,Stage-1
1,156,71.0,140,90,1,1,0,0,0,55,29.17488494411571,1,Stage-2
1,165,103.0,120,80,1,1,0,0,1,60,37.832874196510566,1,Stage-1
1,157,86.0,120,80,1,1,0,0,1,51,34.889853543754306,0,Stage-1
1,153,60.0,140,80,3,1,0,0,1,55,25.63116749967961,0,Stage-2
1,163,65.0,160,90,2,2,0,0,1,53,24.46460160337235,1,Stage-2
2,178,66.0,120,80,1,1,1,1,1,53,20.830703194041156,0,Stage-1
1,161,84.0,130,90,3,1,0,0,1,59,32.40615716986227,1,Stage-2
1,162,75.0,110,80,1,1,0,0,0,49,28.577960676726104,0,Stage-1
2,175,92.0,120,80,1,1,1,0,1,54,30.040816326530614,1,Stage-1
1,163,78.0,120,80,2,2,0,0,1,50,29.357521924046825,0,Stage-1
1,153,75.0,120,80,1,1,0,0,1,55,32.038959374599514,0,Stage-1
1,175,109.0,110,90,2,2,0,0,1,53,35.59183673469388,1,Stage-2
1,162,70.0,140,90,1,1,0,0,1,55,26.672763298277697,1,Stage-2
2,169,71.0,120,80,1,1,1,0,1,56,24.859073561850078,1,Stage-1
1,160,60.0,110,80,1,1,0,0,1,41,23.437499999999996,0,Stage-1
2,171,74.0,120,80,2,1,0,0,0,56,25.3069320474676,1,Stage-1
1,164,70.0,120,80,1,1,0,0,1,57,26.026174895895306,0,Stage-1
1,159,63.82,160,80,2,1,0,0,1,61,25.244254578537237,1,Stage-2
1,158,68.0,100,80,1,1,0,0,1,57,27.239224483255885,0,Stage-1
2,168,94.0,140,100,1,1,1,0,1,49,33.30498866213152,0,Stage-2
2,177,102.0,130,80,3,1,0,0,0,54,32.557694149190844,1,Stage-1
2,164,81.0,150,90,2,2,0,0,1,61,30.116002379535995,1,Stage-2
1,150,80.0,135,80,2,2,0,0,1,47,35.55555555555556,1,Stage-1
2,164,60.0,140,90,1,1,0,0,1,40,22.308149910767405,1,Stage-2
1,156,57.0,110,70,1,1,0,0,0,51,23.422090729783037,0,Normal
1,156,63.0,90,60,1,1,0,0,1,50,25.88757396449704,0,Normal
2,174,80.0,120,80,2,1,0,0,1,47,26.42356982428326,0,Stage-1
1,163,95.0,140,80,1,2,0,0,1,57,35.75595618954421,1,Stage-2
2,175,96.0,150,80,1,1,1,0,1,43,31.346938775510203,1,Stage-2
1,159,68.0,107,78,2,2,0,0,1,57,26.897670187097027,0,Normal
1,165,100.0,140,80,3,3,0,0,0,60,36.73094582185492,1,Stage-2
1,168,68.0,120,80,1,1,0,0,0,51,24.092970521541954,1,Stage-1
2,170,68.0,120,80,1,1,0,0,1,51,23.529411764705884,0,Stage-1
1,148,83.0,160,80,3,3,0,0,1,62,37.892622352081816,1,Stage-2
1,162,72.0,140,90,2,1,0,0,1,64,27.43484224965706,1,Stage-2
1,168,56.0,120,80,2,1,0,0,0,41,19.841269841269845,0,Stage-1
2,165,52.0,120,80,1,3,1,0,1,55,19.100091827364558,0,Stage-1
1,156,72.0,115,75,1,1,0,1,0,41,29.585798816568044,0,Normal
1,170,84.0,140,90,1,1,0,0,1,62,29.065743944636683,1,Stage-2
1,164,141.0,120,80,1,1,0,0,1,60,52.4241522903034,0,Stage-1
2,172,81.0,120,80,1,1,0,0,1,61,27.379664683612766,1,Stage-1
2,178,120.0,140,90,1,1,0,0,1,40,37.87400580734756,1,Stage-2
2,172,64.0,150,40,1,2,0,0,1,59,21.63331530557058,1,Stage-2
1,165,66.0,120,60,1,1,0,0,1,46,24.242424242424246,0,Elevated
1,169,70.0,140,90,1,1,0,0,1,45,24.508945765204302,1,Stage-2
1,160,63.0,120,80,1,1,0,0,0,53,24.609374999999996,0,Stage-1
2,170,65.0,110,70,1,1,0,0,0,51,22.49134948096886,0,Normal
1,167,72.0,130,90,1,1,0,0,1,59,25.816630212628635,1,Stage-2
1,168,65.0,130,80,3,1,0,0,1,57,23.030045351473927,1,Stage-1
1,154,73.0,120,80,1,1,0,0,1,51,30.78090740428403,0,Stage-1
1,159,58.0,110,70,1,1,0,0,1,56,22.942130453700404,0,Normal
2,167,86.0,112,84,2,1,1,0,1,47,30.83653053175087,0,Stage-1
2,174,69.0,120,80,1,1,0,0,1,40,22.79032897344431,1,Stage-1
2,170,118.0,140,100,3,1,0,0,0,48,40.83044982698962,1,Stage-2
2,173,71.0,110,80,1,1,0,0,0,40,23.722810651876106,0,Stage-1
1,166,58.0,120,80,1,1,0,0,0,62,21.04804761213529,1,Stage-1
1,160,65.0,120,80,1,1,0,0,1,58,25.390624999999996,0,Stage-1
1,165,75.0,130,90,1,1,0,0,0,40,27.548209366391188,1,Stage-2
2,166,65.0,120,80,3,3,0,0,1,49,23.588329220496444,0,Stage-1
1,161,76.0,152,90,2,2,0,0,1,53,29.319856487018246,1,Stage-2
1,167,72.0,140,90,3,1,0,0,1,55,25.816630212628635,1,Stage-2
1,166,93.0,140,90,3,1,0,0,1,61,33.74945565394107,1,Stage-2
1,157,61.0,160,90,1,1,0,0,1,54,24.747454257779218,1,Stage-2
1,150,67.0,120,80,3,3,0,0,1,58,29.77777777777778,1,Stage-1
1,170,69.0,120,80,1,1,0,0,0,55,23.87543252595156,1,Stage-1
2,175,90.0,120,80,1,1,0,0,1,59,29.387755102040817,1,Stage-1
1,161,78.0,130,80,3,3,0,0,1,56,30.091431657729252,0,Stage-1
1,155,58.0,110,60,1,1,0,0,1,39,24.141519250780433,0,Normal
1,154,82.0,147,81,1,3,0,0,1,54,34.57581379659302,0,Stage-2
1,120,80.0,120,80,1,1,0,0,0,56,55.55555555555556,0,Stage-1
1,166,75.0,120,80,1,1,0,0,1,47,27.21730294672667,0,Stage-1
2,177,82.0,150,100,3,1,0,0,1,64,26.173832551310287,1,Stage-2
1,165,70.0,120,80,1,1,0,0,1,52,25.71166207529844,0,Stage-1
2,161,55.0,120,80,1,1,0,0,1,61,21.218317194552675,0,Stage-1
1,160,52.0,120,80,1,1,0,0,0,54,20.312499999999996,0,Stage-1
2,173,78.0,110,70,3,1,0,0,1,63,26.061679307694877,1,Normal
1,166,75.0,120,80,1,1,0,0,1,62,27.21730294672667,1,Stage-1
2,165,65.0,110,70,1,1,0,0,1,44,23.875114784205696,0,Normal
1,157,73.0,140,90,1,1,0,0,1,57,29.61580591504726,1,Stage-2
1,158,62.0,120,80,1,1,0,0,0,55,24.83576349943919,0,Stage-1
2,180,104.0,130,80,1,3,1,0,0,49,32.098765432098766,1,Stage-1
1,156,50.0,110,70,1,1,0,0,0,52,20.5456936226167,0,Normal
2,175,86.0,130,80,3,1,0,0,1,57,28.081632653061224,1,Stage-1
1,166,71.0,120,80,1,1,0,0,1,50,25.76571345623458,0,Stage-1
1,170,68.0,120,80,1,1,0,0,1,40,23.529411764705884,0,Stage-1
1,169,65.0,120,80,1,1,0,0,1,59,22.758306781975424,1,Stage-1
1,158,72.0,140,90,1,1,0,0,0,56,28.841531805800347,1,Stage-2
1,169,67.0,120,80,1,1,0,0,0,64,23.458562375266975,0,Stage-1
1,156,83.0,120,80,1,1,0,0,1,57,34.10585141354372,0,Stage-1
2,170,80.0,120,70,1,1,1,0,1,48,27.68166089965398,1,Elevated
2,171,88.0,140,100,2,1,0,0,1,58,30.094730002393902,1,Stage-2
1,159,90.0,150,90,1,1,0,0,1,60,35.59985760056959,1,Stage-2
2,175,99.0,110,70,1,1,0,0,0,53,32.326530612244895,0,Normal
1,164,54.0,110,70,1,1,0,0,1,40,20.077334919690664,0,Normal
2,164,75.0,140,90,2,1,0,0,1,64,27.885187388459254,0,Stage-2
2,172,76.0,120,70,1,1,0,0,1,61,25.689561925365066,1,Elevated
1,158,76.0,120,80,1,2,0,0,1,57,30.443839128344813,0,Stage-1
1,164,78.0,120,80,1,2,0,0,1,47,29.000594883997625,1,Stage-1
1,162,75.0,120,80,1,1,0,0,1,48,28.577960676726104,0,Stage-1
1,156,103.0,130,90,1,1,0,0,1,59,42.3241288625904,0,Stage-2
1,157,56.0,140,90,3,1,0,0,1,59,22.7189744005842,0,Stage-2
1,167,74.0,135,90,1,1,0,0,1,54,26.533758829646096,0,Stage-2
1,160,73.0,110,70,1,1,0,0,1,42,28.515624999999993,0,Normal
1,150,66.0,140,100,1,1,0,0,1,59,29.333333333333332,1,Stage-2
1,160,75.0,120,79,1,1,0,0,1,58,29.296874999999993,1,Elevated
1,154,60.0,120,80,1,1,0,0,0,57,25.2993759487266,1,Stage-1
2,180,100.0,120,80,1,1,0,0,0,44,30.864197530864196,0,Stage-1
1,169,78.0,100,70,2,2,0,0,1,49,27.309968138370508,0,Normal
1,175,68.0,120,80,3,3,0,0,0,52,22.20408163265306,0,Stage-1
2,169,75.0,120,80,1,1,1,0,1,54,26.25958474843318,0,Stage-1
2,165,55.0,120,80,3,1,0,0,1,52,20.202020202020204,0,Stage-1
1,169,79.0,110,70,1,1,0,0,1,39,27.660095935016283,0,Normal
2,155,74.0,120,70,1,1,1,0,1,55,30.80124869927159,0,Elevated
1,170,82.0,150,100,1,1,1,1,0,55,28.373702422145332,1,Stage-2
2,170,70.0,120,80,1,1,0,0,1,52,24.221453287197235,1,Stage-1
2,176,75.0,160,100,1,1,1,1,1,39,24.212293388429753,1,Stage-2
1,165,92.0,130,80,1,1,0,0,0,59,33.792470156106525,1,Stage-1
1,150,56.0,150,100,1,1,0,0,1,49,24.88888888888889,1,Stage-2
1,173,76.0,120,80,1,1,0,0,1,47,25.393431120318084,0,Stage-1
1,157,56.0,120,80,1,1,0,0,1,52,22.7189744005842,1,Stage-1
2,157,83.0,120,70,1,1,0,0,0,62,33.6727656294373,0,Elevated
2,182,103.0,180,100,2,1,0,0,0,63,31.095278348025598,1,Stage-2
1,156,58.0,120,80,1,1,0,0,1,61,23.83300460223537,0,Stage-1
1,162,84.0,120,80,1,1,0,0,0,59,32.00731595793324,1,Stage-1
1,170,68.0,120,80,1,1,0,0,1,41,23.529411764705884,1,Stage-1
2,179,106.0,120,80,3,1,0,0,1,56,33.08261290221903,1,Stage-1
1,170,68.0,140,90,1,1,0,0,1,50,23.529411764705884,0,Stage-2
1,156,69.0,130,90,1,1,0,0,1,63,28.353057199211044,1,Stage-2
2,170,78.0,120,80,1,2,1,1,1,47,26.989619377162633,0,Stage-1
2,170,83.0,140,90,1,1,1,0,1,55,28.719723183391007,1,Stage-2
1,152,66.0,120,80,1,1,0,0,1,52,28.566481994459835,0,Stage-1
1,158,60.0,120,80,1,1,0,0,1,57,24.034609838166958,0,Stage-1
2,161,58.0,150,80,1,1,0,0,1,54,22.375679950619187,1,Stage-2
1,158,60.0,120,70,1,1,0,0,1,53,24.034609838166958,0,Elevated
1,166,84.0,120,80,1,1,0,0,1,55,30.48337930033387,0,Stage-1
1,165,67.0,140,80,2,1,0,0,1,46,24.609733700642796,0,Stage-2
1,156,62.0,140,90,1,1,0,0,1,52,25.476660092044707,0,Stage-2
2,171,78.0,120,70,1,1,0,0,0,44,26.674874320303687,0,Elevated
1,164,71.0,130,80,1,1,0,0,1,59,26.397977394408095,0,Stage-1
1,158,55.0,150,90,1,1,0,0,1,58,22.031725684986377,1,Stage-2
1,162,73.0,120,80,1,1,0,0,1,39,27.815881725346742,0,Stage-1
1,164,75.0,120,80,1,1,0,0,0,56,27.885187388459254,1,Stage-1
1,153,63.0,110,60,2,2,0,0,1,52,26.91272587466359,0,Normal
1,168,76.0,155,95,2,2,0,0,1,54,26.92743764172336,1,Stage-2
1,159,65.0,120,80,1,1,0,0,1,42,25.71100826707804,1,Stage-1
1,165,60.0,110,70,1,1,0,0,1,52,22.03856749311295,0,Normal
1,169,57.0,140,90,1,1,0,0,1,39,19.95728440880922,1,Stage-2
1,160,60.0,120,80,1,1,0,0,1,56,23.437499999999996,1,Stage-1
2,170,87.0,120,80,1,1,0,1,1,60,30.103806228373706,1,Stage-1
1,160,60.0,150,90,3,1,0,0,1,52,23.437499999999996,0,Stage-2
2,167,79.0,180,100,2,1,0,0,1,49,28.326580372189753,1,Stage-2
1,155,37.0,110,70,1,1,0,0,0,57,15.400624349635795,1,Normal
1,148,62.0,150,110,3,1,0,0,1,63,28.305332359386416,1,Stage-2
1,148,76.0,140,90,2,2,0,1,1,55,34.69685902118335,1,Stage-2
1,154,75.0,120,80,1,1,0,0,1,41,31.624219935908247,1,Stage-1
1,164,105.0,130,90,1,1,0,0,1,41,39.03926234384296,1,Stage-2
1,171,92.0,160,70,1,1,0,0,1,59,31.462672275229988,0,Stage-2
1,170,69.0,130,80,1,1,0,0,1,56,23.87543252595156,0,Stage-1
1,169,68.0,120,80,1,1,0,0,1,51,23.80869017191275,1,Stage-1
2,172,92.0,150,80,1,1,0,0,1,43,31.09789075175771,1,Stage-2
2,155,65.0,120,80,1,1,0,0,1,39,27.055150884495315,0,Stage-1
1,162,61.0,100,70,1,1,0,0,1,48,23.243408017070564,0,Normal
1,168,86.0,110,70,1,1,0,0,1,52,30.470521541950117,0,Normal
2,170,68.0,120,70,1,1,0,0,1,56,23.529411764705884,0,Elevated
2,165,90.0,130,80,1,1,1,0,0,55,33.057851239669425,0,Stage-1
1,167,62.0,110,70,1,1,0,0,1,46,22.230987127541326,0,Normal
1,162,83.0,120,80,1,1,0,0,1,54,31.626276482243554,0,Stage-1
1,165,63.0,120,80,1,1,0,0,1,54,23.140495867768596,0,Stage-1
1,157,79.0,140,90,1,1,0,0,1,60,32.049981743681286,1,Stage-2
1,169,70.0,130,80,1,1,0,0,0,49,24.508945765204302,0,Stage-1
2,165,61.0,120,80,1,1,0,0,1,51,22.4058769513315,1,Stage-1
2,169,68.0,110,80,1,1,0,0,1,46,23.80869017191275,0,Stage-1
2,173,98.0,200,100,3,3,0,0,1,57,32.74416118146279,1,Stage-2
1,161,60.0,160,80,2,2,0,0,1,61,23.147255121330193,1,Stage-2
1,157,54.0,130,70,1,1,0,0,1,39,21.907582457706194,0,Stage-1
2,178,73.0,120,80,1,1,0,0,1,56,23.04002019946976,1,Stage-1
2,165,105.0,160,100,1,1,0,0,1,54,38.567493112947666,1,Stage-2
1,165,82.0,160,90,2,1,0,0,1,59,30.119375573921033,1,Stage-2
1,168,65.0,120,80,2,1,0,0,1,53,23.030045351473927,0,Stage-1
2,180,104.0,120,80,2,2,1,0,1,52,32.098765432098766,0,Stage-1
1,145,86.0,120,80,1,1,0,0,1,62,40.903686087990486,1,Stage-1
1,164,62.0,120,80,1,1,0,0,1,58,23.051754907792983,1,Stage-1
2,180,78.0,150,90,1,1,0,0,1,43,24.074074074074073,1,Stage-2
2,174,91.0,120,80,1,1,1,1,1,49,30.056810675122207,0,Stage-1
2,175,78.0,140,90,1,1,1,0,1,56,25.46938775510204,1,Stage-2
1,172,69.0,120,60,1,1,0,0,0,43,23.323418063818284,0,Elevated
1,160,56.0,130,80,2,2,0,0,0,51,21.874999999999996,0,Stage-1
1,165,69.0,120,80,1,1,0,0,1,58,25.344352617079892,0,Stage-1
1,165,65.0,140,90,1,2,0,0,0,57,23.875114784205696,0,Stage-2
1,158,43.0,100,70,1,1,0,0,1,50,17.224803717352987,0,Normal
2,170,102.0,120,80,1,1,0,0,1,59,35.294117647058826,0,Stage-1
2,169,65.0,110,70,1,1,0,0,0,63,22.758306781975424,1,Normal
1,156,60.0,120,80,1,1,0,0,1,49,24.654832347140037,1,Stage-1
1,155,74.0,140,90,1,3,0,0,1,57,30.80124869927159,0,Stage-2
1,146,64.0,110,90,1,1,0,0,0,51,30.024394820791898,0,Stage-2
1,158,52.0,120,80,1,1,0,0,1,41,20.82999519307803,0,Stage-1
1,152,84.0,160,90,3,1,0,0,1,55,36.35734072022161,1,Stage-2
1,165,63.0,110,80,1,1,0,0,1,52,23.140495867768596,1,Stage-1
1,160,79.0,140,90,1,1,0,0,1,63,30.859374999999993,1,Stage-2
1,163,55.0,120,80,2,1,0,0,1,57,20.70081674131507,0,Stage-1
1,154,71.0,120,80,1,1,0,0,1,52,29.93759487265981,0,Stage-1
2,184,94.0,130,80,2,1,1,0,0,41,27.764650283553873,1,Stage-1
2,162,75.0,130,80,2,1,1,0,1,55,28.577960676726104,1,Stage-1
1,160,59.0,120,80,3,1,0,0,0,63,23.046874999999996,0,Stage-1
1,177,81.0,140,80,3,3,0,0,1,63,25.854639471416256,1,Stage-2
2,167,63.0,110,70,2,1,0,0,1,57,22.589551436050055,0,Normal
2,175,65.0,130,80,1,1,0,0,1,53,21.224489795918366,0,Stage-1
2,180,85.0,135,90,1,1,0,1,1,55,26.234567901234566,0,Stage-2
1,169,65.0,140,90,2,1,0,0,1,48,22.758306781975424,1,Stage-2
1,167,112.0,120,80,3,1,0,0,0,41,40.15920255297788,0,Stage-1
2,155,74.0,160,90,2,3,0,0,1,54,30.80124869927159,1,Stage-2
2,169,94.0,130,90,2,3,1,1,1,57,32.91201288470292,1,Stage-2
2,158,75.0,130,80,1,1,0,0,1,52,30.043262297708697,1,Stage-1
1,158,80.0,130,90,1,1,0,1,1,40,32.046146450889275,0,Stage-2
2,163,82.0,120,80,1,1,0,0,1,49,30.863035868869737,1,Stage-1
1,174,66.0,130,60,1,1,0,0,1,62,21.79944510503369,1,Stage-1
1,155,70.0,140,80,3,3,0,0,1,43,29.1363163371488,0,Stage-2
1,166,58.0,140,80,2,1,0,0,1,42,21.04804761213529,1,Stage-2
1,168,75.0,120,80,1,1,0,0,1,43,26.573129251700685,0,Stage-1
1,159,78.0,110,70,1,1,0,0,1,52,30.853209920493647,0,Normal
1,167,81.0,120,80,1,1,0,0,1,60,29.043708989207214,0,Stage-1
1,156,65.0,120,80,1,1,0,0,1,56,26.709401709401707,1,Stage-1
1,157,56.0,130,85,1,1,0,0,1,43,22.7189744005842,0,Stage-1
1,169,79.0,130,80,1,1,0,0,1,57,27.660095935016283,1,Stage-1
2,169,79.0,130,80,1,1,0,1,1,52,27.660095935016283,0,Stage-1
1,169,60.0,130,70,1,2,0,0,1,61,21.007667798746546,1,Stage-1
1,160,60.0,120,80,3,3,0,0,1,58,23.437499999999996,1,Stage-1
1,160,54.0,110,70,1,1,0,0,1,56,21.093749999999996,0,Normal
2,180,82.0,130,80,3,3,1,1,1,48,25.30864197530864,0,Stage-1
2,181,69.0,120,90,1,1,0,0,1,43,21.06162815542871,0,Stage-2
1,157,63.0,120,80,1,1,0,0,1,52,25.558846200657225,1,Stage-1
2,169,77.0,150,80,2,1,0,0,1,58,26.959840341724732,1,Stage-2
1,166,69.0,120,80,1,2,0,0,1,53,25.039918710988534,0,Stage-1
2,174,75.0,120,80,1,1,1,0,1,60,24.772096710265558,0,Stage-1
1,160,65.0,110,70,2,2,0,0,0,53,25.390624999999996,1,Normal
1,165,65.0,120,90,1,1,0,0,1,60,23.875114784205696,1,Stage-2
2,173,76.0,170,100,3,3,0,0,1,61,25.393431120318084,1,Stage-2
1,158,58.0,120,80,1,1,0,0,0,51,23.233456176894723,1,Stage-1
2,178,78.0,120,80,1,1,1,1,1,46,24.61810377477591,0,Stage-1
1,168,64.0,140,90,1,1,0,0,1,64,22.67573696145125,1,Stage-2
2,176,87.0,130,80,1,1,1,0,1,49,28.08626033057851,0,Stage-1
1,164,64.0,110,75,1,2,0,0,1,49,23.795359904818564,0,Normal
1,160,62.0,130,80,1,1,0,0,1,52,24.218749999999996,1,Stage-1
1,164,74.0,120,80,1,1,0,0,0,49,27.513384889946465,0,Stage-1
1,167,85.0,120,80,1,1,0,0,1,53,30.477966223242138,0,Stage-1
1,163,106.0,160,100,3,3,0,0,1,54,39.89611953780722,1,Stage-2
1,159,57.0,120,80,1,1,0,0,1,50,22.54657648036074,0,Stage-1
1,165,80.0,140,80,1,1,0,0,1,47,29.384756657483933,1,Stage-2
1,162,53.0,120,80,1,1,0,0,1,55,20.195092211553114,0,Stage-1
1,149,63.0,140,80,3,1,0,0,1,59,28.377100130624747,1,Stage-2
1,154,72.0,170,100,3,1,0,0,1,55,30.35925113847192,1,Stage-2
1,162,65.0,130,80,2,2,0,0,1,41,24.76756591982929,1,Stage-1
2,169,71.0,115,70,1,1,0,0,1,45,24.859073561850078,0,Normal
2,170,71.0,130,80,1,1,0,0,0,61,24.56747404844291,1,Stage-1
1,153,56.0,90,60,1,1,0,0,1,43,23.92242299970097,0,Normal
1,153,100.0,170,100,2,1,0,0,1,46,42.71861249946602,1,Stage-2
2,179,69.0,120,80,1,1,0,0,1,51,21.534908398614277,0,Stage-1
1,165,68.0,110,80,2,1,0,0,1,50,24.977043158861342,0,Stage-1
1,163,96.0,120,80,1,1,1,0,1,41,36.13233467574994,0,Stage-1
2,167,92.0,130,85,1,1,0,1,1,58,32.987916382803256,0,Stage-1
2,165,62.0,140,90,2,1,0,0,0,61,22.77318640955005,1,Stage-2
2,164,89.0,140,100,1,1,0,1,1,43,33.09042236763832,1,Stage-2
1,158,85.0,120,80,1,1,0,0,1,48,34.049030604069856,0,Stage-1
1,168,70.0,120,70,1,2,0,0,1,62,24.801587301587304,0,Elevated
1,164,89.0,150,90,1,1,0,0,1,61,33.09042236763832,1,Stage-2
1,165,79.0,140,90,3,1,0,0,1,51,29.017447199265384,1,Stage-2
1,165,80.0,140,80,1,1,0,0,0,62,29.384756657483933,1,Stage-2
2,165,72.0,110,70,1,2,0,0,1,54,26.44628099173554,0,Normal
1,143,63.0,120,80,1,1,0,0,1,42,30.80835248667417,0,Stage-1
1,153,66.0,110,70,2,1,0,0,1,51,28.194284249647573,0,Normal
1,189,75.0,130,80,1,1,0,0,0,58,20.99605274208449,1,Stage-1
2,168,65.0,110,70,1,1,0,0,1,39,23.030045351473927,0,Normal
2,183,120.0,150,100,1,1,0,0,0,39,35.83266147093075,1,Stage-2
1,173,76.0,130,85,1,1,0,0,1,61,25.393431120318084,0,Stage-1
1,164,72.0,120,80,2,1,0,0,1,50,26.769779892920884,0,Stage-1
1,155,80.0,130,80,1,1,1,1,1,57,33.29864724245577,0,Stage-1
1,166,100.0,150,90,3,1,0,0,1,58,36.289737262302225,1,Stage-2
1,172,92.0,140,90,1,1,0,0,1,56,31.09789075175771,1,Stage-2
2,172,80.0,120,70,1,1,0,0,1,53,27.041644131963228,0,Elevated
2,167,66.0,170,80,3,1,1,1,1,62,23.66524436157625,1,Stage-2
1,164,100.0,150,90,2,1,0,0,1,64,37.18024985127901,1,Stage-2
1,160,63.0,120,70,1,1,0,0,1,49,24.609374999999996,0,Elevated
2,168,73.0,120,80,1,1,0,0,1,50,25.86451247165533,1,Stage-1
1,163,61.0,110,70,1,1,0,0,1,56,22.95908765854944,0,Normal
1,172,80.0,120,80,1,1,0,0,1,40,27.041644131963228,0,Stage-1
1,160,75.0,100,75,1,1,0,0,1,50,29.296874999999993,0,Normal
2,175,65.0,120,80,1,1,0,0,0,48,21.224489795918366,0,Stage-1
1,156,72.0,190,110,1,1,0,1,1,53,29.585798816568044,1,Stage-2
2,166,85.0,130,80,1,1,0,0,0,59,30.84627667295689,1,Stage-1
1,163,65.0,120,80,1,1,0,0,1,44,24.46460160337235,1,Stage-1
2,169,73.0,120,80,1,1,0,0,0,49,25.55932915514163,0,Stage-1
1,159,65.0,120,80,3,1,0,0,1,56,25.71100826707804,1,Stage-1
1,167,78.0,140,80,1,1,0,0,1,53,27.968016063681024,1,Stage-2
1,164,60.0,100,60,3,1,0,0,1,53,22.308149910767405,1,Normal
1,169,72.0,120,80,1,1,0,0,1,54,25.209201358495854,1,Stage-1
2,166,66.0,120,80,1,1,0,0,0,47,23.95122659311947,1,Stage-1
2,176,79.0,160,90,1,1,0,0,1,52,25.50361570247934,1,Stage-2
1,162,68.0,150,80,2,3,0,0,1,63,25.910684346898332,0,Stage-2
1,162,63.0,110,70,1,1,0,0,1,51,24.005486968449926,0,Normal
2,161,57.0,125,80,1,1,0,0,1,60,21.98989236526368,0,Stage-1
2,166,76.0,140,80,1,1,0,0,1,60,27.58020031934969,0,Stage-2
2,182,85.0,140,90,3,1,0,0,1,63,25.661152034778407,1,Stage-2
1,159,54.0,90,60,1,1,0,0,1,44,21.359914560341757,0,Normal
2,165,71.0,120,80,1,1,0,0,1,62,26.07897153351699,1,Stage-1
1,155,78.0,140,90,1,1,0,0,1,59,32.46618106139438,1,Stage-2
1,160,80.0,120,80,1,1,0,0,1,46,31.249999999999993,1,Stage-1
2,166,77.0,110,80,2,1,0,0,1,41,27.94309769197271,0,Stage-1
2,163,69.0,115,65,1,1,0,0,1,40,25.970115548195267,0,Normal
1,172,80.0,130,90,1,1,0,0,1,58,27.041644131963228,0,Stage-2
1,162,75.0,160,90,1,1,0,0,1,55,28.577960676726104,1,Stage-2
2,162,64.0,120,90,1,1,0,1,1,44,24.38652644413961,0,Stage-2
2,173,96.0,120,80,1,1,0,0,1,51,32.075912994086,1,Stage-1
1,161,125.0,180,120,2,1,0,0,1,42,48.2234481694379,0,Stage-2
1,158,80.0,140,90,1,1,0,0,1,44,32.046146450889275,1,Stage-2
1,177,80.0,150,90,1,1,0,0,0,53,25.53544639152223,1,Stage-2
2,169,87.0,110,70,1,1,0,0,0,51,30.461118308182492,1,Normal
1,155,79.0,120,80,1,1,0,0,1,59,32.882414151925076,0,Stage-1
2,168,91.0,120,80,2,1,0,0,0,55,32.242063492063494,1,Stage-1
1,165,72.0,160,90,1,1,0,0,0,62,26.44628099173554,1,Stage-2
2,180,75.0,120,80,1,1,0,0,0,56,23.148148148148145,0,Stage-1
2,170,75.0,110,70,1,1,0,0,1,39,25.95155709342561,0,Normal
2,184,86.0,140,90,1,1,0,0,0,55,25.401701323251416,1,Stage-2
2,159,61.0,120,80,1,1,0,0,1,60,24.128792373719392,0,Stage-1
2,180,90.0,120,90,1,1,0,0,1,41,27.777777777777775,0,Stage-2
1,153,60.0,120,80,3,3,0,0,1,56,25.63116749967961,0,Stage-1
1,157,61.0,120,80,3,3,0,0,1,64,24.747454257779218,1,Stage-1
2,181,95.0,120,80,1,1,0,0,1,55,28.997893837184456,1,Stage-1
1,162,65.0,140,100,1,1,0,0,0,46,24.76756591982929,1,Stage-2
2,168,65.0,120,80,1,1,0,0,1,47,23.030045351473927,1,Stage-1
1,156,72.0,130,80,1,1,0,0,1,64,29.585798816568044,1,Stage-1
2,170,68.0,120,80,3,3,0,0,1,60,23.529411764705884,1,Stage-1
2,176,82.0,120,80,1,2,0,0,1,62,26.47210743801653,1,Stage-1
2,171,67.0,110,59,1,1,0,0,0,56,22.91303307000445,1,Normal
2,171,74.0,120,80,1,1,0,0,1,45,25.3069320474676,0,Stage-1
1,160,70.0,180,120,1,1,0,0,1,61,27.343749999999996,1,Stage-2
1,155,63.0,110,80,1,2,0,1,1,50,26.22268470343392,0,Stage-1
2,176,72.0,140,90,3,1,1,0,1,54,23.243801652892564,1,Stage-2
1,156,84.0,110,70,1,1,0,0,0,45,34.51676528599605,0,Normal
1,170,69.0,110,80,1,1,0,0,1,43,23.87543252595156,0,Stage-1
2,153,58.0,120,80,1,1,0,0,1,40,24.77679524969029,0,Stage-1
1,153,70.0,120,80,1,1,0,0,1,49,29.903028749626213,0,Stage-1
1,156,63.0,110,60,1,2,0,0,1,56,25.88757396449704,1,Normal
1,158,74.0,160,100,1,1,0,0,1,52,29.642685467072578,0,Stage-2
1,165,84.0,130,80,1,1,0,0,1,55,30.85399449035813,0,Stage-1
2,169,82.0,120,80,1,1,0,0,0,63,28.71047932495361,0,Stage-1
1,168,70.0,120,70,2,1,0,0,0,41,24.801587301587304,1,Elevated
1,156,81.0,160,100,2,2,0,0,1,55,33.28402366863905,0,Stage-2
2,175,112.0,140,90,1,1,0,0,0,62,36.57142857142857,1,Stage-2
1,156,52.0,120,80,1,1,0,0,1,50,21.367521367521366,0,Stage-1
1,160,113.0,120,80,1,1,0,0,1,51,44.14062499999999,0,Stage-1
2,173,84.0,120,70,1,1,0,0,1,46,28.06642386982525,0,Elevated
1,157,59.0,120,80,1,1,0,0,1,55,23.93606231490121,0,Stage-1
2,162,70.0,140,90,2,1,0,0,1,50,26.672763298277697,1,Stage-2
1,165,64.0,140,90,1,1,0,0,1,43,23.507805325987146,1,Stage-2
1,166,70.0,120,80,1,1,0,0,0,47,25.402816083611555,1,Stage-1
1,155,64.0,120,80,1,1,0,0,1,56,26.638917793964616,1,Stage-1
2,162,80.0,140,90,1,1,0,0,1,57,30.48315805517451,1,Stage-2
1,165,70.0,120,80,1,1,0,0,1,40,25.71166207529844,0,Stage-1
1,156,68.0,120,80,1,1,0,0,1,49,27.94214332675871,0,Stage-1
1,152,58.0,130,90,3,1,0,1,1,60,25.10387811634349,1,Stage-2
1,163,92.0,120,80,3,1,0,0,1,61,34.62682073092702,0,Stage-1
1,159,47.0,110,80,1,1,0,0,1,39,18.59103674696412,0,Stage-1
2,163,63.0,120,80,2,1,0,0,0,64,23.711844630960897,1,Stage-1
2,175,105.0,150,90,1,1,0,0,0,64,34.285714285714285,1,Stage-2
1,162,69.0,130,80,1,1,0,0,0,63,26.291723822588015,1,Stage-1
2,170,70.0,120,70,1,1,0,0,1,51,24.221453287197235,1,Elevated
1,164,72.0,150,80,2,2,0,0,1,55,26.769779892920884,1,Stage-2
1,159,85.0,140,90,2,1,0,0,0,55,33.62208773387128,0,Stage-2
1,163,73.0,120,80,1,1,0,0,1,55,27.475629493018182,1,Stage-1
1,152,63.0,130,90,1,1,0,0,1,48,27.268005540166204,1,Stage-2
1,170,80.0,120,70,1,1,0,0,0,52,27.68166089965398,1,Elevated
1,162,81.0,130,80,3,3,0,0,0,51,30.864197530864192,1,Stage-1
1,158,68.0,120,80,1,1,0,0,1,58,27.239224483255885,1,Stage-1
1,153,60.0,120,70,1,1,0,0,1,45,25.63116749967961,1,Elevated
1,163,81.0,110,80,1,1,0,0,1,57,30.48665738266401,0,Stage-1
1,147,70.0,190,100,1,1,0,0,0,53,32.39390994493036,0,Stage-2
1,160,60.0,120,80,1,1,0,0,0,51,23.437499999999996,0,Stage-1
1,162,72.0,150,90,3,3,0,0,1,57,27.43484224965706,1,Stage-2
2,170,80.0,120,80,1,1,0,0,1,54,27.68166089965398,0,Stage-1
2,170,54.0,120,70,1,1,0,0,1,49,18.68512110726644,0,Elevated
1,160,72.0,120,80,1,1,0,0,1,44,28.124999999999993,1,Stage-1
1,160,71.0,110,70,1,1,0,0,1,41,27.734374999999993,0,Normal
1,157,50.0,110,70,2,1,0,0,1,49,20.28479857195018,0,Normal
2,146,106.0,140,80,3,1,0,0,1,63,49.72790392193658,0,Stage-2
2,178,78.0,120,80,3,3,1,0,1,56,24.61810377477591,1,Stage-1
1,159,43.0,90,60,1,1,0,0,1,41,17.008820853605474,0,Normal
1,158,73.0,130,90,3,1,0,0,1,56,29.242108636436463,1,Stage-2
1,159,56.0,120,80,1,1,0,0,0,62,22.151022507021082,1,Stage-1
2,175,76.0,110,80,1,1,0,0,1,47,24.816326530612244,0,Stage-1
1,155,74.0,120,80,1,1,0,0,1,52,30.80124869927159,1,Stage-1
2,182,76.0,100,60,1,1,0,0,1,53,22.944088878154812,0,Normal
1,158,68.0,120,80,1,1,0,0,1,61,27.239224483255885,0,Stage-1
2,168,71.0,120,80,1,1,0,0,1,43,25.15589569160998,0,Stage-1
2,172,64.0,193,90,1,1,0,0,0,53,21.63331530557058,1,Stage-2
1,168,98.0,150,100,1,2,0,0,1,56,34.72222222222223,1,Stage-2
1,145,69.0,140,90,3,3,0,0,1,57,32.81807372175981,1,Stage-2
1,149,62.0,140,90,1,1,0,0,1,63,27.92666996982118,1,Stage-2
1,157,58.0,120,90,1,1,0,0,0,53,23.53036634346221,0,Stage-2
1,163,67.0,130,80,1,1,0,0,1,52,25.21735857578381,1,Stage-1
1,154,73.0,140,90,1,1,0,0,1,53,30.78090740428403,1,Stage-2
1,165,70.0,150,90,1,2,0,0,0,63,25.71166207529844,1,Stage-2
1,160,88.0,120,80,1,1,0,0,1,49,34.37499999999999,0,Stage-1
1,168,70.0,120,80,1,1,0,0,0,55,24.801587301587304,0,Stage-1
2,163,67.0,180,100,2,1,0,0,0,61,25.21735857578381,1,Stage-2
2,184,126.0,130,80,1,1,0,0,1,49,37.216446124763706,1,Stage-1
1,179,89.0,120,80,1,1,0,0,1,45,27.776910832995224,0,Stage-1
1,159,69.0,120,80,1,1,0,0,0,57,27.29322416043669,1,Stage-1
1,168,58.0,120,80,1,1,0,0,1,45,20.549886621315196,0,Stage-1
2,163,75.0,120,80,3,3,0,0,1,55,28.228386465429637,0,Stage-1
1,159,59.0,110,90,1,1,0,0,1,63,23.337684427040067,1,Stage-2
2,168,76.0,110,80,1,1,1,0,1,40,26.92743764172336,0,Stage-1
2,163,62.0,180,100,1,1,0,1,1,55,23.335466144755166,1,Stage-2
2,176,85.0,120,80,1,1,1,1,1,51,27.44059917355372,1,Stage-1
1,165,66.0,120,80,1,1,0,0,1,45,24.242424242424246,0,Stage-1
1,159,65.0,120,80,1,1,0,0,1,58,25.71100826707804,0,Stage-1
1,158,78.0,110,70,1,1,0,0,1,45,31.244992789617044,1,Normal
2,159,87.0,120,80,1,1,0,0,0,52,34.41319568055061,1,Stage-1
2,182,91.0,120,80,1,1,0,0,1,63,27.47252747252747,1,Stage-1
1,165,62.0,120,80,3,3,0,0,1,59,22.77318640955005,0,Stage-1
2,168,80.0,120,80,1,1,0,0,1,52,28.344671201814062,1,Stage-1
1,163,81.0,120,70,1,3,0,0,1,57,30.48665738266401,0,Elevated
2,180,77.0,120,80,1,1,0,0,0,54,23.76543209876543,1,Stage-1
1,156,52.0,100,70,1,1,0,0,1,53,21.367521367521366,1,Normal
1,163,65.0,120,80,1,1,0,0,1,53,24.46460160337235,0,Stage-1
2,165,89.0,120,80,1,1,1,1,1,56,32.690541781450875,0,Stage-1
2,176,78.0,120,80,1,1,1,1,1,39,25.180785123966942,0,Stage-1
1,160,70.0,140,90,2,1,0,0,1,63,27.343749999999996,1,Stage-2
2,169,79.0,140,90,1,1,0,0,1,61,27.660095935016283,1,Stage-2
1,156,60.0,120,80,1,1,0,0,1,50,24.654832347140037,0,Stage-1
2,172,98.0,140,90,2,2,1,0,1,46,33.12601406165495,1,Stage-2
2,170,65.0,120,80,1,1,0,0,1,50,22.49134948096886,0,Stage-1
2,162,72.0,110,70,1,1,0,0,1,58,27.43484224965706,1,Normal
1,150,80.0,120,80,1,1,0,0,0,49,35.55555555555556,0,Stage-1
1,165,65.0,120,80,1,1,0,0,1,59,23.875114784205696,1,Stage-1
1,166,66.0,110,80,1,1,0,0,1,44,23.95122659311947,0,Stage-1
2,174,74.0,120,80,3,3,0,0,1,61,24.441802087462015,1,Stage-1
1,181,86.0,120,90,1,1,0,0,0,52,26.25072494734593,0,Stage-2
2,172,87.0,140,80,1,2,0,0,0,64,29.40778799351001,1,Stage-2
1,161,78.0,130,80,1,1,0,0,1,59,30.091431657729252,1,Stage-1
1,165,60.0,120,80,2,2,0,0,0,57,22.03856749311295,1,Stage-1
2,170,60.0,130,80,1,1,0,0,0,42,20.761245674740486,1,Stage-1
1,165,62.0,120,80,1,1,0,0,0,41,22.77318640955005,0,Stage-1
1,172,80.0,150,80,3,3,0,0,1,57,27.041644131963228,1,Stage-2
2,167,62.0,130,80,2,1,1,1,1,55,22.230987127541326,0,Stage-1
2,185,111.0,160,100,1,1,0,0,1,50,32.43243243243243,1,Stage-2
1,157,58.0,130,80,3,3,0,0,0,63,23.53036634346221,1,Stage-1
2,167,65.0,110,70,1,1,0,1,1,49,23.306680053067517,1,Normal
1,158,79.0,130,80,1,1,0,0,0,57,31.64556962025316,0,Stage-1
2,174,76.0,140,60,2,1,1,0,0,62,25.102391333069097,0,Stage-2
2,176,98.0,120,80,1,1,0,0,1,50,31.63739669421488,0,Stage-1
1,146,70.0,110,80,1,1,0,0,1,56,32.839181835241135,0,Stage-1
1,157,110.0,110,70,1,1,0,0,0,56,44.62655685829039,0,Normal
1,164,104.0,120,80,3,1,0,0,1,63,38.667459845330164,1,Stage-1
2,186,75.0,100,80,1,1,1,1,1,57,21.678806798473808,0,Stage-1
2,168,86.0,130,80,3,3,0,0,1,59,30.470521541950117,0,Stage-1
1,160,99.0,130,80,1,1,0,0,1,48,38.67187499999999,0,Stage-1
2,174,85.0,150,100,2,1,0,0,1,49,28.075042938300964,1,Stage-2
1,162,70.0,120,80,1,1,0,0,1,56,26.672763298277697,0,Stage-1
2,169,69.0,120,80,1,1,0,0,1,51,24.158817968558527,0,Stage-1
1,150,46.0,100,70,1,1,0,0,1,46,20.444444444444443,0,Normal
1,155,56.0,140,100,1,1,0,0,1,52,23.309053069719038,1,Stage-2
1,172,60.0,120,70,2,1,0,1,1,43,20.281233098972418,0,Elevated
2,178,76.0,120,60,1,1,0,0,1,55,23.98687034465345,1,Elevated
2,177,79.0,130,70,2,2,0,0,1,59,25.2162533116282,0,Stage-1
1,168,117.0,130,80,1,3,0,0,1,59,41.454081632653065,1,Stage-1
2,170,79.0,120,80,2,1,0,0,1,57,27.33564013840831,1,Stage-1
2,167,60.0,120,80,1,3,0,1,1,39,21.513858510523864,0,Stage-1
1,169,63.0,120,90,3,3,0,0,1,50,22.058051188683873,0,Stage-2
1,165,62.0,130,70,3,3,0,0,1,45,22.77318640955005,0,Stage-1
1,170,69.0,120,80,1,1,0,0,1,50,23.87543252595156,0,Stage-1
1,161,60.0,130,90,1,1,0,0,0,59,23.147255121330193,1,Stage-2
1,170,67.0,130,80,1,1,0,0,0,63,23.18339100346021,1,Stage-1
2,174,84.0,150,90,1,1,0,0,0,55,27.74474831549742,1,Stage-2
1,168,59.0,120,80,1,1,0,0,0,52,20.904195011337873,0,Stage-1
1,160,58.0,120,80,1,1,0,0,1,51,22.656249999999996,0,Stage-1
1,157,73.0,130,80,1,1,0,0,1,55,29.61580591504726,0,Stage-1
1,164,71.0,120,80,1,1,0,0,1,40,26.397977394408095,0,Stage-1
2,168,66.0,150,100,2,2,0,0,1,64,23.384353741496604,0,Stage-2
1,173,75.0,110,70,1,1,0,0,1,47,25.05930702662969,0,Normal
2,162,56.0,110,80,1,1,0,1,1,59,21.338210638622158,1,Stage-1
1,168,61.0,120,80,1,1,0,0,0,47,21.612811791383223,0,Stage-1
2,153,52.0,130,80,3,1,0,0,1,60,22.21367849972233,1,Stage-1
1,157,75.0,130,89,2,1,0,0,0,64,30.427197857925268,1,Stage-1
1,156,58.0,100,60,1,1,0,0,1,53,23.83300460223537,1,Normal
1,170,68.0,140,80,1,1,0,0,1,43,23.529411764705884,1,Stage-2
1,165,67.0,120,80,1,1,0,0,0,58,24.609733700642796,1,Stage-1
2,164,80.0,150,100,3,2,0,0,1,61,29.744199881023206,1,Stage-2
1,166,68.0,120,80,1,1,0,0,1,60,24.677021338365513,0,Stage-1
1,159,54.0,100,60,1,1,0,0,1,49,21.359914560341757,0,Normal
2,155,76.0,120,80,1,1,0,0,1,62,31.63371488033298,1,Stage-1
1,169,68.0,120,80,1,1,0,0,1,44,23.80869017191275,0,Stage-1
1,168,100.0,120,80,2,2,0,0,1,53,35.43083900226758,1,Stage-1
1,156,59.0,120,80,1,1,0,0,1,50,24.243918474687703,0,Stage-1
2,161,85.0,130,80,2,2,0,0,1,58,32.79194475521777,1,Stage-1
1,150,61.0,150,61,1,3,0,0,1,64,27.11111111111111,1,Stage-2
2,176,78.0,120,80,1,1,0,0,1,54,25.180785123966942,0,Stage-1
1,162,57.0,103,67,2,1,0,0,1,50,21.719250114311837,0,Normal
2,160,70.0,110,80,1,1,0,0,1,52,27.343749999999996,0,Stage-1
1,162,64.0,140,80,1,1,0,0,1,51,24.38652644413961,1,Stage-2
2,164,72.0,120,80,1,1,0,0,1,60,26.769779892920884,1,Stage-1
1,169,85.0,125,80,1,1,0,0,1,51,29.76086271489094,0,Stage-1
1,162,108.0,120,80,1,3,0,0,1,48,41.152263374485585,1,Stage-1
2,167,76.0,130,80,1,3,0,0,1,56,27.250887446663558,0,Stage-1
1,167,100.0,120,80,1,1,0,0,1,59,35.8564308508731,0,Stage-1
2,170,106.0,130,90,1,1,0,0,0,48,36.67820069204153,1,Stage-2
2,165,63.0,120,80,1,1,0,0,0,57,23.140495867768596,1,Stage-1
1,160,81.0,130,90,1,2,0,0,1,46,31.640624999999993,1,Stage-2
2,176,83.0,110,70,1,1,0,0,1,44,26.794938016528928,0,Normal
2,170,84.0,140,90,1,1,0,0,0,51,29.065743944636683,1,Stage-2
1,150,62.0,120,80,1,1,0,0,1,59,27.555555555555557,0,Stage-1
1,162,72.0,120,80,1,1,0,0,1,48,27.43484224965706,0,Stage-1
2,166,79.0,120,80,1,1,0,0,1,41,28.668892437218755,0,Stage-1
2,165,66.0,120,80,1,1,0,0,0,57,24.242424242424246,0,Stage-1
2,165,65.0,120,80,1,1,0,0,0,53,23.875114784205696,1,Stage-1
1,149,52.0,100,70,1,1,0,0,1,53,23.422368361785505,0,Normal
2,172,94.0,140,80,1,1,0,0,1,59,31.77393185505679,1,Stage-2
2,168,78.0,120,80,1,1,0,0,1,55,27.636054421768712,0,Stage-1
1,153,48.0,120,80,1,1,0,0,0,41,20.504933999743688,0,Stage-1
2,170,70.0,130,90,3,1,0,0,1,56,24.221453287197235,0,Stage-2
2,179,77.0,120,80,1,1,1,0,1,60,24.031709372366656,1,Stage-1
1,163,78.0,120,80,1,1,0,0,1,47,29.357521924046825,0,Stage-1
1,169,97.0,130,80,1,1,0,0,1,49,33.96239627464025,0,Stage-1
1,160,60.0,140,90,1,1,0,0,1,60,23.437499999999996,1,Stage-2
2,176,79.0,180,90,2,2,0,0,1,60,25.50361570247934,1,Stage-2
2,174,84.0,140,90,1,2,0,0,0,63,27.74474831549742,0,Stage-2
1,155,77.0,120,90,1,1,0,0,1,53,32.04994797086368,1,Stage-2
1,164,80.0,120,80,1,2,0,0,0,41,29.744199881023206,1,Stage-1
1,169,83.0,150,90,1,1,0,0,1,61,29.060607121599386,1,Stage-2
1,161,61.0,90,60,1,1,0,0,1,45,23.533042706685695,0,Normal
1,167,61.0,110,70,1,1,0,0,1,60,21.872422819032593,0,Normal
2,169,65.0,120,80,1,1,0,0,1,54,22.758306781975424,0,Stage-1
2,171,90.0,130,85,2,3,0,1,1,51,30.778701138811947,0,Stage-1
2,172,70.0,120,80,1,2,0,0,0,58,23.661438615467823,1,Stage-1
1,173,75.0,100,60,1,1,0,0,1,53,25.05930702662969,0,Normal
1,156,119.0,160,100,3,3,0,0,1,53,48.89875082182774,1,Stage-2
2,167,74.0,120,80,1,1,0,0,1,58,26.533758829646096,0,Stage-1
1,170,81.0,120,80,1,1,0,0,1,54,28.027681660899656,0,Stage-1
1,167,85.0,140,100,1,1,0,0,1,53,30.477966223242138,1,Stage-2
2,170,65.0,120,80,1,1,0,0,1,61,22.49134948096886,0,Stage-1
2,165,61.0,170,100,1,1,0,0,1,59,22.4058769513315,1,Stage-2
1,156,65.0,130,80,1,1,0,0,1,60,26.709401709401707,1,Stage-1
1,165,80.0,140,90,2,2,0,0,1,54,29.384756657483933,0,Stage-2
2,169,74.0,110,70,1,1,0,0,1,47,25.909456951787405,0,Normal
1,164,92.0,140,90,1,2,0,0,0,59,34.20582986317669,1,Stage-2
1,170,70.0,150,100,1,1,0,0,1,59,24.221453287197235,0,Stage-2
2,170,80.0,160,90,1,1,0,0,1,51,27.68166089965398,0,Stage-2
1,160,58.0,150,70,1,1,0,0,0,55,22.656249999999996,1,Stage-2
1,160,67.0,100,60,2,1,0,0,1,53,26.171874999999996,0,Normal
1,165,75.0,120,80,1,1,0,0,1,54,27.548209366391188,0,Stage-1
2,177,58.0,100,70,1,1,1,1,0,47,18.513198633853616,0,Normal
2,172,86.0,120,80,1,1,0,0,1,49,29.069767441860467,0,Stage-1
2,168,76.0,130,90,2,1,1,1,1,52,26.92743764172336,0,Stage-2
1,148,52.0,110,70,2,1,0,0,0,55,23.739956172388606,1,Normal
2,172,40.0,140,90,1,2,0,0,1,57,13.520822065981614,1,Stage-2
1,147,66.0,100,70,1,1,0,0,1,61,30.542829376648623,0,Normal
1,170,85.0,130,80,1,1,0,0,0,56,29.411764705882355,1,Stage-1
2,162,68.0,110,70,1,1,0,0,1,50,25.910684346898332,0,Normal
1,165,65.0,140,80,1,1,0,0,1,58,23.875114784205696,1,Stage-2
1,156,84.0,150,90,1,1,0,0,1,49,34.51676528599605,1,Stage-2
2,184,95.0,120,80,1,3,0,0,0,53,28.060018903591683,1,Stage-1
1,167,67.0,130,90,3,1,0,0,1,41,24.023808670084982,1,Stage-2
1,168,82.0,140,80,1,1,0,0,0,50,29.053287981859416,1,Stage-2
2,171,60.0,100,70,1,1,0,0,1,50,20.519134092541297,0,Normal
1,165,110.0,140,90,1,1,0,0,1,59,40.40404040404041,1,Stage-2
2,165,70.0,120,80,1,1,1,0,1,48,25.71166207529844,1,Stage-1
1,162,84.0,130,90,2,1,0,0,1,55,32.00731595793324,1,Stage-2
1,163,63.0,120,80,1,1,0,0,1,46,23.711844630960897,0,Stage-1
2,174,74.0,140,90,1,2,0,0,1,40,24.441802087462015,1,Stage-2
2,169,76.0,120,80,1,1,1,1,1,55,26.609712545078956,0,Stage-1
2,179,92.0,120,80,2,3,0,0,1,49,28.71321119815237,1,Stage-1
1,169,76.0,120,80,1,1,0,0,1,47,26.609712545078956,0,Stage-1
1,167,85.0,150,80,1,1,0,0,1,59,30.477966223242138,1,Stage-2
1,164,66.0,120,80,3,3,0,0,1,54,24.538964901844146,1,Stage-1
2,176,105.0,150,90,2,1,1,0,1,55,33.89721074380165,0,Stage-2
1,154,90.0,90,60,1,1,0,0,0,49,37.949063923089895,0,Normal
2,164,89.0,120,80,1,1,0,0,0,55,33.09042236763832,1,Stage-1
2,185,75.0,120,80,1,1,0,0,1,56,21.913805697589478,0,Stage-1
2,162,65.0,120,80,1,1,0,0,1,51,24.76756591982929,0,Stage-1
1,161,73.0,100,65,1,1,0,0,1,57,28.162493730951734,0,Normal
2,170,90.0,150,90,2,3,1,1,1,54,31.14186851211073,0,Stage-2
1,173,70.0,120,80,1,3,0,0,1,54,23.38868655818771,0,Stage-1
2,170,80.0,171,70,1,1,0,0,0,53,27.68166089965398,0,Stage-2
1,160,72.0,140,90,1,1,0,0,1,60,28.124999999999993,1,Stage-2
1,154,60.0,130,90,1,1,0,0,1,64,25.2993759487266,1,Stage-2
2,170,68.0,120,80,1,1,0,0,1,47,23.529411764705884,0,Stage-1
2,173,69.0,180,100,3,1,0,0,1,60,23.054562464499313,1,Stage-2
2,168,109.0,150,100,1,2,0,1,1,39,38.619614512471664,1,Stage-2
1,160,70.0,160,90,2,2,0,0,1,47,27.343749999999996,1,Stage-2
1,165,78.0,120,80,1,1,0,0,1,59,28.650137741046834,0,Stage-1
1,150,85.0,140,90,3,3,0,0,1,64,37.77777777777778,1,Stage-2
1,159,75.0,110,70,1,1,0,0,0,53,29.666548000474663,0,Normal
1,158,62.0,150,90,1,1,0,0,1,53,24.83576349943919,1,Stage-2
1,151,65.0,120,70,2,1,0,1,1,44,28.507521599929827,0,Elevated
1,150,78.0,150,90,2,2,0,0,1,58,34.666666666666664,1,Stage-2
1,171,102.0,130,90,3,1,0,0,1,57,34.88252795732021,1,Stage-2
2,168,75.0,110,70,1,1,0,0,1,61,26.573129251700685,0,Normal
1,145,54.0,120,80,1,1,0,0,1,60,25.68370986920333,1,Stage-1
2,185,85.0,120,80,1,1,0,0,1,54,24.835646457268076,0,Stage-1
1,157,96.0,120,80,2,1,0,0,1,54,38.946813258144346,1,Stage-1
1,169,85.0,130,85,3,1,0,0,1,55,29.76086271489094,1,Stage-1
1,148,44.0,90,60,1,1,0,0,0,55,20.08765522279036,0,Normal
1,174,110.0,120,80,1,1,0,0,1,53,36.332408508389484,1,Stage-1
1,159,62.0,100,60,1,1,0,0,1,41,24.524346347059055,1,Normal
1,159,55.0,110,80,1,1,0,0,1,51,21.75546853368142,1,Stage-1
1,150,67.0,120,80,2,1,0,0,1,45,29.77777777777778,0,Stage-1
1,154,80.0,160,90,1,1,0,0,1,57,33.732501264968796,1,Stage-2
1,164,61.0,100,70,2,1,0,0,1,57,22.679952409280194,0,Normal
1,159,61.0,120,80,1,1,0,0,0,46,24.128792373719392,0,Stage-1
1,164,79.0,120,80,1,1,0,0,1,52,29.372397382510414,0,Stage-1
2,165,65.0,120,80,1,1,0,0,0,42,23.875114784205696,1,Stage-1
1,158,70.0,130,80,1,1,0,0,0,63,28.040378144528116,0,Stage-1
1,168,84.0,120,90,1,1,0,0,0,58,29.761904761904766,1,Stage-2
1,161,63.0,135,80,1,1,0,0,1,46,24.3046178773967,1,Stage-1
1,163,64.0,110,70,1,1,0,0,1,43,24.088223117166624,0,Normal
1,155,61.0,130,80,1,1,0,0,1,64,25.390218522372525,1,Stage-1
2,166,70.0,120,70,1,3,0,0,1,50,25.402816083611555,0,Elevated
2,178,82.0,120,80,2,1,1,0,1,54,25.88057063502083,1,Stage-1
2,176,92.0,150,100,2,1,0,0,1,51,29.700413223140497,1,Stage-2
1,156,62.0,110,60,2,2,0,0,0,54,25.476660092044707,0,Normal
1,165,65.0,150,80,1,1,0,0,1,52,23.875114784205696,1,Stage-2
1,163,65.0,120,80,1,1,0,0,1,43,24.46460160337235,1,Stage-1
1,162,104.0,120,80,1,1,0,0,1,44,39.62810547172686,1,Stage-1
1,148,64.0,150,90,1,1,0,0,1,57,29.218407596785976,1,Stage-2
1,156,70.0,120,80,1,1,0,0,1,59,28.763971071663377,1,Stage-1
1,170,98.0,160,100,2,2,0,0,1,45,33.91003460207613,1,Stage-2
1,158,82.0,120,80,1,1,0,0,1,55,32.847300112161506,1,Stage-1
1,166,96.0,150,100,2,2,0,0,1,41,34.838147771810135,1,Stage-2
1,164,63.0,120,80,1,1,0,0,1,44,23.423557406305775,0,Stage-1
1,168,73.0,120,80,1,1,0,0,1,49,25.86451247165533,0,Stage-1
2,169,75.0,120,80,1,1,1,0,1,46,26.25958474843318,1,Stage-1
1,165,74.0,130,80,1,1,0,0,1,62,27.180899908172638,1,Stage-1
1,172,85.0,130,90,3,3,0,0,1,57,28.73174689021093,0,Stage-2
1,168,65.0,110,70,1,1,0,0,1,55,23.030045351473927,1,Normal
1,164,60.0,100,80,1,1,0,0,0,42,22.308149910767405,0,Stage-1
2,166,65.0,120,80,1,1,0,0,1,51,23.588329220496444,1,Stage-1
2,174,74.0,120,80,1,1,0,0,1,50,24.441802087462015,0,Stage-1
1,172,68.0,120,80,1,1,0,0,0,50,22.985397512168742,0,Stage-1
1,170,50.0,100,70,1,1,0,0,1,44,17.301038062283737,0,Normal
2,165,65.0,120,80,1,1,0,0,1,57,23.875114784205696,0,Stage-1
1,150,108.0,110,70,2,1,0,0,1,40,48.0,0,Normal
1,169,73.0,120,80,1,1,0,0,1,61,25.55932915514163,0,Stage-1
2,165,71.0,100,70,1,3,0,0,1,58,26.07897153351699,0,Normal
1,159,68.0,110,70,1,1,0,0,1,44,26.897670187097027,0,Normal
2,182,75.0,120,80,2,1,0,0,1,39,22.6421929718633,0,Stage-1
1,158,85.0,140,80,1,1,0,0,0,57,34.049030604069856,1,Stage-2
2,171,94.0,120,80,1,1,0,0,1,53,32.14664341164803,1,Stage-1
1,160,90.0,120,80,1,1,0,0,0,56,35.15624999999999,0,Stage-1
1,158,61.0,110,70,1,1,0,0,1,64,24.435186668803073,1,Normal
1,154,67.0,100,70,1,1,0,0,1,52,28.25096980941137,0,Normal
2,181,90.0,110,90,1,1,0,0,1,57,27.471688898385274,0,Stage-2
2,162,70.0,120,80,3,3,0,0,0,49,26.672763298277697,0,Stage-1
2,169,91.0,120,80,1,1,1,0,1,49,31.861629494765594,1,Stage-1
2,160,76.0,130,90,1,2,0,0,1,63,29.687499999999993,1,Stage-2
1,165,66.0,120,80,3,3,0,0,1,40,24.242424242424246,0,Stage-1
1,170,72.0,130,80,1,1,0,0,1,53,24.913494809688583,1,Stage-1
1,159,97.0,140,90,1,1,0,0,0,41,38.36873541394723,1,Stage-2
1,158,64.0,130,100,2,1,0,0,1,61,25.63691716071142,1,Stage-2
2,168,60.0,120,80,1,1,0,0,1,53,21.258503401360546,0,Stage-1
1,150,46.0,110,80,1,1,0,0,0,39,20.444444444444443,1,Stage-1
1,165,60.0,110,70,2,2,0,0,1,50,22.03856749311295,0,Normal
1,169,63.0,110,70,1,1,0,0,1,60,22.058051188683873,0,Normal
1,159,65.0,110,70,2,1,0,0,1,49,25.71100826707804,1,Normal
1,166,70.0,120,80,1,1,0,0,1,48,25.402816083611555,0,Stage-1
1,168,74.0,150,90,3,3,0,0,1,60,26.218820861678008,0,Stage-2
1,161,80.0,120,70,1,1,0,0,1,56,30.86300682844026,0,Elevated
1,158,58.0,140,90,1,2,0,0,1,51,23.233456176894723,1,Stage-2
1,158,83.0,150,90,1,1,0,0,1,54,33.247876942797625,1,Stage-2
2,175,155.0,110,100,1,1,0,0,1,52,50.61224489795919,1,Stage-2
1,139,58.0,160,90,1,1,0,0,1,61,30.019150147507897,1,Stage-2
1,160,79.0,160,80,1,1,0,0,1,60,30.859374999999993,1,Stage-2
2,170,74.0,150,100,2,1,0,0,1,59,25.605536332179934,1,Stage-2
1,154,69.0,120,80,1,1,0,0,1,59,29.094282341035587,0,Stage-1
1,161,59.0,110,80,1,1,0,0,1,44,22.76146753597469,0,Stage-1
1,160,70.0,120,80,1,1,0,0,1,42,27.343749999999996,0,Stage-1
1,154,85.0,150,90,1,1,0,0,1,51,35.84078259402935,1,Stage-2
1,163,73.0,160,100,2,1,0,0,1,57,27.475629493018182,1,Stage-2
1,164,66.0,140,90,1,1,0,0,1,56,24.538964901844146,0,Stage-2
2,165,59.0,100,60,1,1,0,0,1,42,21.6712580348944,0,Normal
2,172,90.0,150,70,1,1,0,1,0,42,30.42184964845863,1,Stage-2
2,168,85.0,150,90,1,1,0,0,1,61,30.116213151927443,1,Stage-2
1,168,75.0,120,80,1,1,0,0,0,55,26.573129251700685,1,Stage-1
1,164,66.0,140,80,1,1,0,0,1,45,24.538964901844146,1,Stage-2
2,171,82.0,120,80,1,1,0,0,1,55,28.042816593139772,0,Stage-1
1,162,80.0,120,80,2,1,0,0,1,49,30.48315805517451,0,Stage-1
1,160,65.0,140,90,3,3,0,0,1,55,25.390624999999996,1,Stage-2
1,160,61.0,130,80,1,1,0,0,1,55,23.828124999999996,1,Stage-1
1,156,85.0,120,80,3,3,0,0,0,63,34.927679158448385,1,Stage-1
1,170,78.0,120,80,1,1,0,0,0,55,26.989619377162633,1,Stage-1
2,168,68.0,120,80,1,1,0,0,1,54,24.092970521541954,0,Stage-1
2,175,93.0,180,100,1,1,1,0,1,45,30.367346938775512,1,Stage-2
2,178,68.0,130,90,3,1,0,0,1,45,21.461936624163616,1,Stage-2
1,160,65.0,130,90,1,1,0,0,1,55,25.390624999999996,0,Stage-2
1,170,79.0,120,80,1,3,0,0,1,61,27.33564013840831,0,Stage-1
1,154,90.0,160,100,3,1,0,0,0,52,37.949063923089895,1,Stage-2
1,162,70.0,120,80,1,1,0,0,1,56,26.672763298277697,0,Stage-1
2,171,73.0,110,70,1,1,1,1,1,49,24.96494647925858,0,Normal
1,155,48.0,100,70,1,1,0,0,1,41,19.979188345473464,0,Normal
2,168,69.0,120,80,1,1,0,0,0,52,24.44727891156463,0,Stage-1
1,172,98.0,120,80,2,3,0,0,0,57,33.12601406165495,0,Stage-1
2,173,76.0,120,80,1,1,0,0,1,56,25.393431120318084,1,Stage-1
1,157,73.0,120,80,1,1,0,0,1,64,29.61580591504726,0,Stage-1
1,163,62.0,130,80,1,1,0,0,1,41,23.335466144755166,0,Stage-1
1,156,65.0,120,80,1,1,0,0,1,62,26.709401709401707,1,Stage-1
2,164,80.0,120,80,1,1,0,0,1,60,29.744199881023206,1,Stage-1
1,178,80.0,120,80,1,1,0,0,0,44,25.24933720489837,1,Stage-1
1,153,91.0,150,100,1,2,0,0,1,41,38.87393737451408,1,Stage-2
1,166,75.0,130,90,1,1,0,0,1,63,27.21730294672667,1,Stage-2
1,164,84.0,140,100,2,1,0,0,1,63,31.231409875074366,1,Stage-2
2,166,70.0,130,70,1,1,0,0,1,41,25.402816083611555,1,Stage-1
1,156,64.0,120,80,1,1,0,0,1,50,26.298487836949374,0,Stage-1
1,163,73.0,140,90,1,1,0,0,1,49,27.475629493018182,1,Stage-2
2,170,86.0,150,100,1,1,0,0,0,53,29.75778546712803,1,Stage-2
2,161,63.0,120,80,1,1,0,0,1,51,24.3046178773967,1,Stage-1
2,167,76.0,120,80,1,1,0,0,1,58,27.250887446663558,1,Stage-1
2,169,68.0,110,60,2,1,0,0,1,55,23.80869017191275,0,Normal
1,149,57.0,130,70,2,1,0,0,1,63,25.674519165803343,1,Stage-1
1,155,65.0,130,80,1,1,0,0,1,49,27.055150884495315,1,Stage-1
2,170,64.0,120,80,1,1,0,0,1,63,22.145328719723185,1,Stage-1
2,169,55.0,120,80,3,3,0,0,1,57,19.257028815517668,1,Stage-1
1,162,54.0,90,70,1,1,0,0,1,58,20.576131687242793,0,Normal
2,160,60.0,120,80,1,1,0,0,1,42,23.437499999999996,1,Stage-1
1,170,75.0,120,80,1,1,0,0,1,50,25.95155709342561,0,Stage-1
2,165,62.0,140,90,2,1,0,0,0,48,22.77318640955005,1,Stage-2
1,169,72.0,120,80,1,1,0,0,1,53,25.209201358495854,0,Stage-1
1,165,65.0,120,80,1,1,0,0,1,57,23.875114784205696,1,Stage-1
1,163,69.0,110,90,1,2,0,0,0,50,25.970115548195267,1,Stage-2
1,158,71.0,140,90,3,1,0,0,1,57,28.44095497516423,1,Stage-2
1,158,68.0,100,70,1,1,0,0,0,43,27.239224483255885,0,Normal
1,168,72.0,140,80,1,2,0,0,1,61,25.510204081632658,1,Stage-2
1,161,73.0,110,80,2,1,0,0,0,50,28.162493730951734,1,Stage-1
2,172,53.0,100,60,1,2,0,0,0,57,17.915089237425637,1,Normal
1,165,65.0,120,80,1,1,0,0,1,51,23.875114784205696,0,Stage-1
1,170,80.0,140,85,3,2,0,0,1,56,27.68166089965398,0,Stage-2
1,156,85.0,120,80,3,3,0,0,1,53,34.927679158448385,1,Stage-1
1,168,70.0,130,80,1,1,0,0,1,41,24.801587301587304,0,Stage-1
1,169,70.0,110,70,1,3,0,0,1,39,24.508945765204302,0,Normal
2,180,82.0,170,100,1,1,0,0,1,59,25.30864197530864,1,Stage-2
2,166,72.0,120,80,1,1,0,0,1,47,26.1286108288576,0,Stage-1
1,157,55.0,90,60,1,1,0,0,1,56,22.313278429145196,1,Normal
1,165,59.0,110,70,1,1,0,0,1,43,21.6712580348944,0,Normal
1,167,82.0,120,80,1,2,0,0,1,55,29.402273297715947,1,Stage-1
1,156,62.0,120,80,1,1,0,0,0,55,25.476660092044707,1,Stage-1
1,172,75.0,120,80,1,1,0,0,1,54,25.351541373715524,1,Stage-1
1,155,56.0,130,80,1,1,0,0,1,49,23.309053069719038,0,Stage-1
1,160,60.0,160,60,1,1,0,0,1,49,23.437499999999996,1,Stage-2
1,167,79.0,140,90,1,1,0,0,0,50,28.326580372189753,1,Stage-2
1,168,70.0,120,80,3,3,0,0,1,49,24.801587301587304,0,Stage-1
2,168,69.0,110,80,1,1,0,0,0,47,24.44727891156463,0,Stage-1
2,169,110.0,120,80,1,1,1,0,1,39,38.514057631035335,1,Stage-1
2,164,72.0,120,80,1,1,0,0,1,49,26.769779892920884,1,Stage-1
2,178,87.0,140,90,1,1,1,1,0,63,27.458654210326976,1,Stage-2
1,154,51.0,140,80,1,1,0,0,1,62,21.504469556417607,1,Stage-2
2,173,65.0,100,70,2,1,0,0,1,61,21.71806608974573,0,Normal
1,160,59.0,130,90,1,1,0,0,0,43,23.046874999999996,0,Stage-2
2,165,74.0,120,80,1,1,0,0,1,63,27.180899908172638,0,Stage-1
1,154,85.0,160,100,3,1,0,0,1,55,35.84078259402935,1,Stage-2
1,153,85.0,150,89,1,1,0,0,1,44,36.31082062454612,1,Stage-2
1,159,60.0,110,70,1,1,0,0,1,42,23.73323840037973,0,Normal
1,168,71.0,125,75,1,1,0,0,1,60,25.15589569160998,0,Elevated
2,168,82.0,100,80,1,1,0,0,1,40,29.053287981859416,0,Stage-1
2,170,80.0,120,80,1,1,0,0,1,50,27.68166089965398,0,Stage-1
1,175,70.0,120,80,1,1,0,0,0,41,22.857142857142858,0,Stage-1
2,176,77.0,120,80,1,1,0,0,1,45,24.857954545454547,1,Stage-1
1,155,78.0,120,80,1,1,0,0,1,55,32.46618106139438,1,Stage-1
1,164,109.0,120,80,3,3,0,1,1,63,40.52647233789412,0,Stage-1
1,164,55.0,120,80,1,1,0,0,0,52,20.449137418203453,1,Stage-1
1,164,68.0,120,80,1,1,0,0,1,50,25.282569898869724,0,Stage-1
2,161,57.0,120,70,1,1,0,0,1,56,21.98989236526368,0,Elevated
1,160,67.0,110,70,1,1,0,0,1,55,26.171874999999996,0,Normal
2,165,55.0,120,80,1,1,0,0,1,49,20.202020202020204,0,Stage-1
2,180,92.0,120,80,1,3,0,0,0,43,28.39506172839506,1,Stage-1
2,168,69.0,120,80,1,1,0,0,1,64,24.44727891156463,0,Stage-1
2,163,65.0,120,80,1,1,0,0,1,56,24.46460160337235,0,Stage-1
2,178,81.0,140,95,3,1,0,0,1,57,25.5649539199596,1,Stage-2
1,164,73.0,140,90,1,1,0,0,1,53,27.141582391433676,0,Stage-2
2,160,60.0,120,80,1,1,0,0,1,61,23.437499999999996,1,Stage-1
1,165,80.0,120,80,1,1,0,0,1,59,29.384756657483933,1,Stage-1
1,165,75.0,140,90,2,2,0,0,1,56,27.548209366391188,1,Stage-2
1,153,73.0,110,70,1,1,0,0,1,45,31.184587124610193,0,Normal
1,179,65.0,110,70,1,1,0,0,0,46,20.286507911738084,0,Normal
2,179,77.0,125,75,1,1,0,0,1,39,24.031709372366656,0,Elevated
1,155,63.0,120,80,1,1,0,0,1,44,26.22268470343392,0,Stage-1
1,158,64.0,120,80,1,1,0,0,1,42,25.63691716071142,0,Stage-1
2,169,86.0,150,100,1,2,0,0,0,53,30.110990511536716,1,Stage-2
2,180,55.0,120,80,1,1,0,0,1,55,16.975308641975307,0,Stage-1
2,164,70.0,110,70,2,3,0,0,0,48,26.026174895895306,0,Normal
2,160,55.0,100,70,1,1,1,0,1,54,21.484374999999996,0,Normal
1,163,70.0,110,80,2,2,0,0,1,50,26.346494034400994,0,Stage-1
1,152,108.0,180,110,3,2,0,0,1,61,46.745152354570635,0,Stage-2
1,170,78.0,120,80,3,3,0,0,1,61,26.989619377162633,1,Stage-1
1,160,98.0,130,80,1,1,0,0,0,53,38.28124999999999,1,Stage-1
1,165,92.0,160,100,2,1,0,0,0,54,33.792470156106525,1,Stage-2
1,164,75.0,120,60,1,1,0,0,1,51,27.885187388459254,0,Elevated
1,162,85.0,140,90,2,2,0,0,0,56,32.38835543362292,1,Stage-2
2,169,70.0,120,80,1,1,0,0,1,43,24.508945765204302,0,Stage-1
2,170,68.0,110,80,1,1,0,0,0,62,23.529411764705884,0,Stage-1
1,163,56.0,110,80,1,1,0,0,0,58,21.077195227520797,1,Stage-1
2,166,73.0,120,80,1,1,1,1,1,39,26.491508201480624,0,Stage-1
1,156,90.0,120,80,1,1,0,0,1,51,36.98224852071006,0,Stage-1
1,160,43.0,100,80,1,1,0,0,1,40,16.796874999999996,0,Stage-1
2,180,127.0,170,90,2,2,1,0,1,51,39.19753086419753,1,Stage-2
1,161,92.0,150,90,3,3,0,0,1,60,35.492457852706295,1,Stage-2
1,165,60.0,110,70,1,1,0,0,1,44,22.03856749311295,0,Normal
2,168,99.0,140,90,1,1,0,0,0,59,35.0765306122449,1,Stage-2
2,163,75.0,100,60,1,1,0,0,1,62,28.228386465429637,0,Normal
1,156,62.0,125,80,1,1,0,0,1,64,25.476660092044707,1,Stage-1
1,180,75.0,120,80,1,1,0,0,1,53,23.148148148148145,0,Stage-1
1,165,80.0,120,80,1,1,0,0,1,54,29.384756657483933,1,Stage-1
1,158,74.0,100,70,1,1,0,0,1,49,29.642685467072578,0,Normal
1,160,86.0,120,80,1,1,0,0,1,50,33.59374999999999,0,Stage-1
2,173,70.0,160,80,1,1,0,0,1,39,23.38868655818771,1,Stage-2
1,164,80.0,121,81,3,1,0,0,1,63,29.744199881023206,1,Stage-1
1,147,47.0,110,70,1,1,0,0,1,59,21.75019667731038,1,Normal
2,159,61.0,120,70,1,1,0,0,1,49,24.128792373719392,0,Elevated
1,151,72.0,130,80,3,1,0,0,1,57,31.577562387614577,1,Stage-1
1,160,60.0,120,80,1,1,0,0,1,57,23.437499999999996,1,Stage-1
2,180,71.0,110,70,2,1,1,0,0,43,21.91358024691358,0,Normal
1,161,68.0,120,70,1,1,0,0,1,49,26.23355580417422,0,Elevated
2,181,85.0,110,70,1,1,1,0,1,50,25.94548395958609,0,Normal
1,158,83.0,120,80,2,1,0,0,0,50,33.247876942797625,0,Stage-1
2,166,72.0,150,100,1,1,0,0,1,58,26.1286108288576,1,Stage-2
1,163,71.0,120,80,2,1,0,0,1,53,26.722872520606725,0,Stage-1
1,169,65.0,120,70,1,1,0,0,1,42,22.758306781975424,0,Elevated
2,178,67.0,120,80,1,1,0,0,1,43,21.146319909102385,1,Stage-1
1,150,56.0,100,70,1,1,0,0,0,50,24.88888888888889,0,Normal
1,153,51.0,150,100,2,1,0,0,1,41,21.78649237472767,1,Stage-2
1,168,70.0,140,80,2,1,0,0,0,60,24.801587301587304,1,Stage-2
2,178,101.0,130,80,3,3,0,0,1,58,31.877288221184195,1,Stage-1
1,150,72.0,130,80,1,1,0,0,1,51,32.0,0,Stage-1
2,175,112.0,160,110,3,1,0,0,1,53,36.57142857142857,1,Stage-2
2,170,65.0,120,80,1,1,0,0,1,42,22.49134948096886,0,Stage-1
1,154,84.0,110,70,1,1,0,0,1,61,35.41912632821724,1,Normal
1,158,62.0,120,70,1,1,0,0,1,55,24.83576349943919,1,Elevated
1,163,82.0,120,80,1,1,0,0,1,41,30.863035868869737,0,Stage-1
1,160,58.0,120,80,1,1,0,0,1,55,22.656249999999996,0,Stage-1
1,165,62.0,120,80,1,1,0,0,1,53,22.77318640955005,0,Stage-1
2,174,80.0,160,110,1,1,0,1,1,51,26.42356982428326,1,Stage-2
1,162,89.0,130,100,1,1,0,1,1,56,33.91251333638164,0,Stage-2
1,155,63.0,120,80,1,1,0,0,1,59,26.22268470343392,0,Stage-1
2,170,84.0,130,90,1,1,0,0,1,43,29.065743944636683,1,Stage-2
1,158,139.0,150,100,1,1,0,0,1,53,55.68017945842011,1,Stage-2
1,168,75.0,130,85,1,2,0,0,1,54,26.573129251700685,1,Stage-1
2,167,71.0,160,90,1,1,0,0,1,48,25.458065904119906,1,Stage-2
2,163,69.0,120,80,1,1,0,0,1,56,25.970115548195267,0,Stage-1
1,161,75.0,120,80,1,1,0,0,1,55,28.93406890166274,1,Stage-1
1,170,58.0,120,80,1,1,0,1,0,55,20.06920415224914,0,Stage-1
2,160,68.0,110,70,1,1,0,1,1,51,26.562499999999996,0,Normal
1,157,63.0,120,80,3,1,0,0,1,51,25.558846200657225,1,Stage-1
1,164,76.0,120,80,1,1,0,0,1,63,28.256989886972047,1,Stage-1
2,170,75.0,140,90,3,1,0,0,1,46,25.95155709342561,1,Stage-2
1,151,62.0,130,80,3,1,0,0,1,60,27.19178983377922,1,Stage-1
1,164,69.0,120,80,3,3,0,0,0,55,25.654372397382513,1,Stage-1
1,158,50.0,120,80,1,1,0,0,1,42,20.028841531805796,0,Stage-1
2,170,69.0,130,90,1,1,0,0,1,63,23.87543252595156,1,Stage-2
2,173,86.0,120,70,1,1,0,0,1,45,28.734672057202044,1,Elevated
1,165,60.0,120,80,1,1,0,0,1,54,22.03856749311295,1,Stage-1
2,165,70.0,110,80,1,1,0,0,1,45,25.71166207529844,0,Stage-1
1,163,57.0,120,80,1,1,0,0,1,46,21.453573713726524,0,Stage-1
1,168,69.0,110,80,1,1,0,0,1,41,24.44727891156463,0,Stage-1
1,158,61.0,110,70,2,1,0,1,1,44,24.435186668803073,0,Normal
1,161,72.0,110,60,1,1,0,0,1,54,27.776706145596233,0,Normal
1,163,100.0,130,80,1,1,0,0,1,54,37.63784862057285,1,Stage-1
1,169,75.0,120,80,1,1,0,0,1,53,26.25958474843318,0,Stage-1
1,162,88.0,130,90,1,3,0,1,1,56,33.53147386069196,0,Stage-2
1,156,50.0,110,70,1,1,0,0,1,63,20.5456936226167,0,Normal
2,168,68.0,140,90,1,1,1,0,1,53,24.092970521541954,1,Stage-2
1,165,72.0,140,70,1,2,0,1,0,60,26.44628099173554,1,Stage-2
1,160,104.0,110,70,1,1,0,1,1,48,40.62499999999999,0,Normal
2,180,69.0,100,70,1,1,0,0,0,56,21.296296296296294,0,Normal
1,158,65.0,130,80,2,2,0,0,1,59,26.037493991347535,1,Stage-1
2,165,73.0,120,80,1,1,1,0,1,54,26.813590449954088,0,Stage-1
2,166,70.0,120,70,1,2,1,0,1,56,25.402816083611555,0,Elevated
1,169,64.0,120,80,1,1,0,0,1,57,22.40817898532965,1,Stage-1
1,151,53.0,100,75,2,1,0,0,1,58,23.244594535327398,0,Normal
1,154,93.0,148,78,3,2,0,0,1,64,39.21403272052623,1,Stage-2
2,166,99.0,120,80,1,1,0,0,1,53,35.9268398896792,0,Stage-1
2,162,61.0,120,80,2,1,0,0,1,51,23.243408017070564,1,Stage-1
1,177,67.0,110,70,1,1,0,0,1,49,21.38593635289987,0,Normal
1,170,60.0,120,70,1,1,0,0,1,43,20.761245674740486,0,Elevated
2,161,77.0,150,100,2,2,1,1,0,57,29.705644072373747,1,Stage-2
1,165,65.0,120,80,1,1,0,0,1,50,23.875114784205696,1,Stage-1
2,158,69.0,120,80,2,1,1,1,1,60,27.639801313892,0,Stage-1
2,168,69.0,120,70,3,3,0,0,1,46,24.44727891156463,0,Elevated
2,174,74.0,120,80,1,1,0,0,1,54,24.441802087462015,1,Stage-1
1,169,65.0,120,80,1,1,0,0,1,43,22.758306781975424,0,Stage-1
1,151,64.0,130,80,1,1,0,0,1,51,28.068944344546292,1,Stage-1
1,165,72.0,140,70,1,1,0,0,1,45,26.44628099173554,1,Stage-2
1,176,80.0,120,80,2,1,1,0,1,49,25.826446280991735,1,Stage-1
1,155,73.0,130,90,1,1,0,0,1,48,30.38501560874089,1,Stage-2
1,175,70.0,120,80,1,1,0,0,1,44,22.857142857142858,0,Stage-1
1,159,74.0,120,80,1,3,0,1,1,43,29.270994027135,0,Stage-1
1,155,74.0,120,80,1,1,0,0,0,52,30.80124869927159,1,Stage-1
2,173,76.0,120,80,2,1,0,0,1,57,25.393431120318084,1,Stage-1
1,165,42.0,90,60,1,1,0,0,1,61,15.426997245179065,0,Normal
1,168,74.0,130,80,1,1,0,0,1,64,26.218820861678008,1,Stage-1
2,168,73.0,140,90,1,1,0,0,1,64,25.86451247165533,1,Stage-2
1,160,72.0,120,80,1,1,0,0,1,63,28.124999999999993,0,Stage-1
1,168,69.0,110,70,1,1,0,0,1,39,24.44727891156463,0,Normal
1,170,81.0,130,90,1,1,0,0,1,57,28.027681660899656,0,Stage-2
1,164,83.0,115,85,1,1,0,0,1,53,30.859607376561577,0,Stage-1
1,164,85.0,130,100,1,1,0,0,1,59,31.603212373587155,1,Stage-2
2,180,104.0,140,90,2,1,0,0,1,49,32.098765432098766,1,Stage-2
1,150,70.0,120,80,1,1,0,0,1,60,31.11111111111111,0,Stage-1
1,158,45.0,120,80,1,1,0,0,1,39,18.02595737862522,0,Stage-1
1,165,60.0,120,80,1,1,0,0,1,55,22.03856749311295,0,Stage-1
1,155,68.0,130,80,1,1,0,0,1,53,28.303850156087407,1,Stage-1
1,170,61.0,120,80,1,1,0,0,1,56,21.107266435986162,0,Stage-1
2,172,92.0,120,80,1,1,0,0,0,57,31.09789075175771,1,Stage-1
2,170,72.0,140,90,1,1,0,0,1,44,24.913494809688583,1,Stage-2
1,162,58.0,110,70,1,1,0,0,1,47,22.10028959000152,0,Normal
2,166,60.0,160,110,1,1,0,0,1,45,21.773842357381334,1,Stage-2
1,149,72.0,180,100,1,1,0,0,1,60,32.43097157785685,1,Stage-2
1,165,65.0,120,79,2,1,0,0,0,60,23.875114784205696,1,Elevated
2,158,68.0,140,90,1,1,1,0,1,47,27.239224483255885,1,Stage-2
1,163,60.0,130,90,1,2,0,0,1,56,22.582709172343712,1,Stage-2
2,175,84.0,140,90,1,3,0,0,1,55,27.428571428571427,1,Stage-2
1,165,85.0,120,80,1,1,0,0,0,40,31.22130394857668,0,Stage-1
1,159,66.0,120,80,1,1,0,0,0,49,26.106562240417702,0,Stage-1
1,152,61.0,140,80,1,1,0,0,0,53,26.40235457063712,1,Stage-2
1,163,99.0,150,100,3,3,1,0,1,59,37.26147013436712,1,Stage-2
1,162,130.0,110,70,3,1,0,1,1,44,49.53513183965858,1,Normal
1,165,64.0,140,90,2,1,0,0,1,63,23.507805325987146,1,Stage-2
1,160,90.0,120,80,1,1,0,0,1,54,35.15624999999999,0,Stage-1
1,162,62.0,110,70,1,1,0,0,1,50,23.624447492760247,0,Normal
1,153,58.0,120,80,1,1,0,0,0,55,24.77679524969029,0,Stage-1
1,168,61.0,120,90,1,1,0,0,1,41,21.612811791383223,0,Stage-2
1,167,82.0,120,90,3,1,0,0,1,60,29.402273297715947,0,Stage-2
2,172,96.0,140,90,1,1,0,0,1,51,32.44997295835587,1,Stage-2
2,182,121.0,130,90,3,1,1,1,1,50,36.52940466127279,1,Stage-2
1,165,62.0,130,80,1,1,0,0,1,57,22.77318640955005,0,Stage-1
2,173,84.0,120,80,1,3,0,0,1,62,28.06642386982525,1,Stage-1
2,168,71.0,150,90,1,1,0,0,1,44,25.15589569160998,1,Stage-2
1,159,59.0,100,60,2,1,0,0,1,42,23.337684427040067,0,Normal
1,159,64.0,120,80,1,1,0,0,1,42,25.315454293738377,0,Stage-1
1,158,86.0,180,120,2,2,0,0,1,63,34.449607434705975,1,Stage-2
2,181,73.0,120,80,1,1,0,0,1,62,22.282592106468055,1,Stage-1
1,172,70.0,120,80,1,1,0,0,1,47,23.661438615467823,0,Stage-1
1,166,98.0,120,80,1,1,0,0,0,53,35.56394251705618,0,Stage-1
1,168,95.0,110,80,3,3,0,0,1,57,33.6592970521542,1,Stage-1
1,160,74.0,130,90,1,1,0,0,1,59,28.906249999999993,1,Stage-2
2,158,58.0,150,90,2,2,1,0,1,45,23.233456176894723,0,Stage-2
1,154,65.0,140,90,3,1,0,0,0,51,27.40765727778715,1,Stage-2
1,154,72.0,130,90,1,1,0,0,1,55,30.35925113847192,0,Stage-2
2,164,57.0,110,70,2,1,1,1,1,54,21.192742415229034,0,Normal
1,159,74.0,120,80,1,1,0,0,1,50,29.270994027135,0,Stage-1
1,153,71.0,140,90,1,1,0,0,1,53,30.33021487462087,1,Stage-2
1,165,65.0,120,80,1,1,0,0,0,60,23.875114784205696,1,Stage-1
1,169,113.0,150,110,3,2,0,0,1,51,39.56444102097266,1,Stage-2
2,175,84.0,110,70,1,1,1,0,1,42,27.428571428571427,0,Normal
2,177,59.0,120,80,1,1,0,0,1,57,18.832391713747644,0,Stage-1
2,168,75.0,140,100,1,1,0,0,1,56,26.573129251700685,1,Stage-2
1,165,78.0,110,70,1,1,0,0,0,62,28.650137741046834,1,Normal
1,156,48.0,120,70,1,1,0,0,1,60,19.72386587771203,0,Elevated
1,160,70.0,120,80,1,1,0,0,1,44,27.343749999999996,1,Stage-1
2,170,67.0,120,80,1,1,0,0,1,59,23.18339100346021,0,Stage-1
1,164,92.0,130,90,1,1,0,0,1,63,34.20582986317669,1,Stage-2
1,165,66.0,150,90,1,1,0,0,1,54,24.242424242424246,1,Stage-2
2,182,90.0,120,80,1,1,0,0,1,39,27.17063156623596,0,Stage-1
1,156,86.0,150,100,1,1,0,0,0,53,35.33859303090072,1,Stage-2
1,149,73.0,140,80,1,1,0,0,1,49,32.88140173866042,1,Stage-2
1,162,60.0,120,80,1,1,0,0,1,50,22.86236854138088,0,Stage-1
1,158,78.0,130,90,1,1,0,1,0,40,31.244992789617044,0,Stage-2
1,159,78.0,110,70,2,1,0,0,1,45,30.853209920493647,0,Normal
2,182,117.0,120,80,1,1,0,0,1,60,35.32182103610675,1,Stage-1
1,158,76.0,130,80,1,1,0,0,1,54,30.443839128344813,0,Stage-1
1,160,134.0,130,80,3,3,0,0,1,63,52.34374999999999,1,Stage-1
1,163,63.0,120,60,1,1,0,0,1,57,23.711844630960897,0,Elevated
1,155,87.0,130,90,2,1,0,0,1,64,36.21227887617065,1,Stage-2
2,173,91.0,120,80,1,1,0,0,0,51,30.405292525644022,1,Stage-1
1,164,55.0,140,90,2,1,0,0,1,55,20.449137418203453,0,Stage-2
2,168,73.0,130,90,1,1,0,0,0,54,25.86451247165533,1,Stage-2
1,157,84.0,120,80,1,1,0,0,1,63,34.0784616008763,1,Stage-1
1,160,57.0,110,70,1,1,0,0,0,64,22.265624999999996,1,Normal
1,168,73.0,150,90,1,1,0,0,0,50,25.86451247165533,1,Stage-2
1,158,49.0,130,79,1,1,0,0,0,49,19.62826470116968,1,Stage-1
1,167,68.0,110,80,1,1,0,0,1,44,24.38237297859371,1,Stage-1
1,168,70.0,120,70,1,1,0,0,1,58,24.801587301587304,1,Elevated
1,168,74.0,100,70,1,1,0,0,0,54,26.218820861678008,0,Normal
1,158,81.0,140,90,3,1,0,0,1,55,32.446723281525394,1,Stage-2
2,174,91.0,140,90,3,3,0,0,1,60,30.056810675122207,0,Stage-2
1,154,56.0,120,80,1,1,0,0,1,52,23.61275088547816,1,Stage-1
1,164,86.0,160,110,2,1,0,0,1,51,31.975014872099948,1,Stage-2
1,167,72.0,150,90,1,1,0,0,1,63,25.816630212628635,1,Stage-2
2,170,79.0,122,80,2,1,0,0,1,50,27.33564013840831,0,Stage-1
1,157,89.0,154,104,1,1,0,0,1,51,36.10694145807132,1,Stage-2
1,160,76.0,130,90,1,1,0,0,1,55,29.687499999999993,1,Stage-2
1,168,65.0,120,90,1,1,0,0,0,60,23.030045351473927,0,Stage-2
1,155,82.0,170,95,2,1,0,0,0,52,34.131113423517164,1,Stage-2
1,156,86.0,120,70,1,1,0,0,1,51,35.33859303090072,1,Elevated
1,163,95.0,130,90,1,1,0,0,1,60,35.75595618954421,1,Stage-2
2,159,88.0,120,80,1,2,0,0,0,49,34.80874965389027,1,Stage-1
1,164,64.0,120,80,1,1,0,0,0,55,23.795359904818564,0,Stage-1
2,180,119.0,120,80,1,1,0,0,0,57,36.72839506172839,0,Stage-1
2,170,65.0,100,90,1,1,0,0,1,39,22.49134948096886,1,Stage-2
1,154,71.0,100,70,1,1,0,0,1,43,29.93759487265981,0,Normal
1,160,60.0,120,60,1,1,0,0,1,53,23.437499999999996,1,Elevated
1,157,89.0,140,80,1,1,0,0,1,57,36.10694145807132,0,Stage-2
1,168,65.0,120,80,1,1,0,0,0,51,23.030045351473927,0,Stage-1
1,155,65.0,120,90,1,1,0,0,1,49,27.055150884495315,1,Stage-2
1,171,89.0,130,80,1,1,0,0,1,39,30.436715570602924,1,Stage-1
1,153,62.0,110,70,1,1,0,0,0,60,26.48553974966893,0,Normal
1,167,70.0,140,80,1,1,0,0,1,41,25.099501595611173,0,Stage-2
2,178,93.0,130,90,1,1,0,0,1,56,29.352354500694357,1,Stage-2
1,167,90.0,130,80,1,1,0,0,1,58,32.2707877657858,1,Stage-1
1,153,58.0,120,80,3,1,0,0,1,59,24.77679524969029,1,Stage-1
1,159,68.0,120,80,1,1,0,0,1,55,26.897670187097027,0,Stage-1
1,182,92.0,145,90,1,1,0,1,1,53,27.77442337881898,1,Stage-2
1,164,58.0,110,70,1,1,0,0,1,46,21.564544913741823,0,Normal
2,172,67.0,124,81,1,1,0,1,1,61,22.647376960519203,0,Stage-1
1,160,62.0,120,80,1,1,0,0,1,44,24.218749999999996,1,Stage-1
1,154,65.0,140,90,1,2,0,0,1,50,27.40765727778715,0,Stage-2
1,152,57.0,159,100,2,1,0,1,1,59,24.67105263157895,1,Stage-2
1,154,73.0,130,80,3,2,0,0,1,61,30.78090740428403,1,Stage-1
1,166,81.0,100,70,1,1,0,0,0,40,29.3946871824648,0,Normal
2,170,74.0,130,90,1,1,0,0,1,42,25.605536332179934,0,Stage-2
1,168,90.0,120,80,1,1,0,0,1,60,31.88775510204082,0,Stage-1
1,156,59.0,120,80,1,1,0,0,0,39,24.243918474687703,0,Stage-1
2,178,84.0,140,90,1,1,1,0,0,45,26.511804065143288,1,Stage-2
1,160,83.0,120,80,1,1,0,0,1,61,32.42187499999999,0,Stage-1
2,172,72.0,140,90,1,1,1,1,1,45,24.337479718766904,1,Stage-2
2,175,80.0,120,80,1,1,1,0,1,44,26.122448979591837,0,Stage-1
2,176,92.0,130,80,1,1,0,0,1,63,29.700413223140497,1,Stage-1
2,179,90.0,151,84,1,2,1,0,1,64,28.089010954714272,1,Stage-2
1,151,77.0,140,90,1,1,0,1,1,55,33.77044866453226,1,Stage-2
1,159,81.0,170,100,1,1,0,0,1,55,32.03987184051263,0,Stage-2
1,174,77.0,120,80,1,1,0,0,1,57,25.43268595587264,1,Stage-1
1,168,74.0,110,80,1,1,0,0,1,46,26.218820861678008,0,Stage-1
1,164,62.0,130,80,1,1,0,0,1,50,23.051754907792983,0,Stage-1
1,167,105.0,130,90,3,3,0,0,1,53,37.64925239341676,1,Stage-2
2,170,80.0,120,80,1,1,1,1,1,51,27.68166089965398,0,Stage-1
1,152,85.0,130,80,3,1,0,0,1,53,36.79016620498615,1,Stage-1
1,163,79.0,140,90,2,1,0,0,1,50,29.733900410252552,1,Stage-2
1,158,66.0,160,90,1,1,0,0,0,43,26.43807082198365,1,Stage-2
1,167,67.0,145,80,1,1,0,0,1,44,24.023808670084982,0,Stage-2
2,170,56.0,120,70,3,3,0,0,1,49,19.377162629757787,0,Elevated
1,164,70.0,120,80,1,1,0,0,1,56,26.026174895895306,1,Stage-1
1,165,70.0,110,70,1,1,0,0,1,48,25.71166207529844,1,Normal
1,156,50.0,120,90,3,1,0,0,1,61,20.5456936226167,1,Stage-2
1,162,78.0,140,89,2,1,0,0,0,43,29.721079103795148,1,Stage-2
1,164,72.0,120,90,1,1,0,0,1,56,26.769779892920884,0,Stage-2
1,166,75.0,110,80,1,1,0,0,1,49,27.21730294672667,0,Stage-1
2,172,80.0,150,90,1,1,0,0,1,41,27.041644131963228,0,Stage-2
1,164,78.0,120,80,2,1,0,0,1,49,29.000594883997625,1,Stage-1
1,170,75.0,120,80,1,1,0,0,1,59,25.95155709342561,1,Stage-1
1,149,48.0,120,80,1,1,0,0,1,49,21.620647718571234,0,Stage-1
1,152,86.0,120,80,1,1,0,0,1,45,37.22299168975069,0,Stage-1
1,168,72.0,140,100,1,1,0,0,1,58,25.510204081632658,1,Stage-2
1,156,63.0,110,70,1,1,0,0,1,60,25.88757396449704,0,Normal
1,170,76.0,120,80,1,2,0,0,1,64,26.29757785467128,0,Stage-1
2,169,83.0,120,80,1,1,0,0,1,54,29.060607121599386,1,Stage-1
1,160,60.0,120,80,3,3,0,0,1,60,23.437499999999996,0,Stage-1
2,170,76.0,140,90,3,1,0,0,1,51,26.29757785467128,0,Stage-2
1,158,64.0,120,80,1,1,0,0,1,45,25.63691716071142,0,Stage-1
2,164,62.0,110,80,2,1,0,0,1,53,23.051754907792983,0,Stage-1
1,151,45.0,140,90,3,1,0,0,1,57,19.735976492259113,1,Stage-2
2,171,80.0,130,90,3,1,0,0,1,59,27.358845456721728,1,Stage-2
1,158,68.0,110,70,1,1,0,0,0,40,27.239224483255885,0,Normal
1,163,47.0,100,80,1,1,0,0,1,43,17.68978885166924,0,Stage-1
1,167,60.0,130,70,2,1,0,0,1,59,21.513858510523864,0,Stage-1
1,170,70.0,140,90,1,1,0,0,1,51,24.221453287197235,1,Stage-2
2,165,70.0,130,75,1,1,0,0,1,41,25.71166207529844,1,Stage-1
2,175,106.0,130,80,3,2,1,0,1,48,34.61224489795919,1,Stage-1
2,170,70.0,110,70,1,1,0,0,1,44,24.221453287197235,0,Normal
2,167,91.0,120,80,1,1,0,0,0,40,32.62935207429452,1,Stage-1
1,158,58.0,150,100,1,1,0,0,0,55,23.233456176894723,1,Stage-2
1,160,93.0,110,80,1,1,0,0,0,50,36.32812499999999,1,Stage-1
1,167,61.0,120,80,1,1,0,0,1,47,21.872422819032593,0,Stage-1
1,154,54.0,125,80,1,1,0,0,1,58,22.76943835385394,0,Stage-1
1,148,69.0,120,80,2,1,0,0,0,55,31.50109569028488,0,Stage-1
1,170,65.0,110,70,1,1,0,0,1,44,22.49134948096886,0,Normal
1,165,70.0,140,90,1,1,0,0,1,49,25.71166207529844,1,Stage-2
1,171,76.0,150,80,2,2,0,1,1,59,25.990903183885642,1,Stage-2
1,163,79.0,130,80,1,2,0,0,1,57,29.733900410252552,0,Stage-1
1,162,70.0,120,80,1,1,0,0,1,49,26.672763298277697,0,Stage-1
1,170,82.0,120,80,2,1,0,0,1,43,28.373702422145332,1,Stage-1
1,169,65.0,120,80,1,1,0,0,1,54,22.758306781975424,0,Stage-1
2,175,51.0,140,90,2,1,0,0,1,61,16.653061224489797,1,Stage-2
2,170,92.0,120,80,1,1,0,0,1,58,31.83391003460208,0,Stage-1
1,159,87.0,160,100,1,3,0,0,1,60,34.41319568055061,1,Stage-2
1,165,63.0,120,80,1,1,0,0,1,50,23.140495867768596,0,Stage-1
1,158,70.0,120,80,3,1,0,0,1,57,28.040378144528116,0,Stage-1
1,162,90.0,110,70,1,2,0,0,1,45,34.293552812071326,1,Normal
2,169,71.0,120,80,1,1,0,0,1,63,24.859073561850078,1,Stage-1
2,182,90.0,110,80,1,1,0,0,1,58,27.17063156623596,0,Stage-1
2,159,70.0,140,90,1,2,0,1,0,61,27.688778133776353,0,Stage-2
1,156,60.0,130,70,3,1,0,0,1,53,24.654832347140037,1,Stage-1
1,153,81.0,160,80,1,1,0,0,0,56,34.602076124567475,1,Stage-2
1,166,68.0,120,80,1,1,0,0,1,54,24.677021338365513,0,Stage-1
2,170,100.0,140,90,1,1,0,0,1,62,34.602076124567475,1,Stage-2
1,152,70.0,170,110,2,2,0,0,0,61,30.297783933518005,1,Stage-2
1,172,68.0,110,70,1,1,0,0,1,56,22.985397512168742,0,Normal
1,150,74.0,130,80,2,3,0,0,1,63,32.888888888888886,1,Stage-1
1,165,65.0,120,80,1,1,0,0,1,48,23.875114784205696,1,Stage-1
2,171,82.0,120,80,1,1,0,0,0,45,28.042816593139772,0,Stage-1
2,169,62.0,130,80,1,1,0,0,1,44,21.707923392038097,0,Stage-1
1,157,74.0,130,70,3,2,0,0,1,53,30.021501886486266,1,Stage-1
1,158,88.0,110,80,1,1,0,0,1,53,35.250761095978206,1,Stage-1
2,175,78.0,120,80,2,1,0,0,0,55,25.46938775510204,1,Stage-1
2,172,96.0,150,90,1,1,0,0,1,48,32.44997295835587,1,Stage-2
1,164,74.0,100,80,2,2,0,0,1,55,27.513384889946465,0,Stage-1
1,158,82.0,140,80,1,1,0,0,1,54,32.847300112161506,1,Stage-2
1,162,70.0,120,80,1,1,0,0,1,48,26.672763298277697,0,Stage-1
2,173,72.0,140,80,3,3,0,0,0,45,24.0569347455645,0,Stage-2
2,185,105.0,130,100,3,3,0,1,0,48,30.67932797662527,1,Stage-2
1,165,72.0,140,100,2,1,0,0,1,51,26.44628099173554,1,Stage-2
1,157,63.0,140,90,1,1,0,0,1,59,25.558846200657225,1,Stage-2
2,160,58.0,120,80,1,1,0,0,1,55,22.656249999999996,0,Stage-1
2,170,65.0,120,80,1,1,0,0,1,54,22.49134948096886,0,Stage-1
1,157,78.0,140,80,1,1,0,1,1,59,31.64428577224228,1,Stage-2
1,150,62.0,120,80,1,1,0,0,1,47,27.555555555555557,0,Stage-1
1,158,62.0,110,80,1,1,0,0,1,51,24.83576349943919,0,Stage-1
1,166,71.0,130,80,1,1,0,0,1,63,25.76571345623458,1,Stage-1
1,161,73.0,130,85,2,1,0,0,1,57,28.162493730951734,1,Stage-1
2,174,94.0,120,80,1,1,0,0,0,54,31.04769454353283,0,Stage-1
2,180,80.0,100,70,1,1,0,1,1,56,24.691358024691358,0,Normal
1,167,84.0,150,90,3,1,0,0,1,55,30.11940191473341,1,Stage-2
2,155,58.0,140,80,1,3,0,0,1,45,24.141519250780433,1,Stage-2
1,169,79.0,120,80,1,3,0,0,1,63,27.660095935016283,0,Stage-1
1,168,65.0,140,90,3,3,0,0,1,56,23.030045351473927,1,Stage-2
2,173,94.0,120,80,1,2,0,0,1,63,31.40766480670921,1,Stage-1
2,170,95.0,130,80,3,1,0,0,0,47,32.871972318339104,1,Stage-1
2,170,75.0,120,80,1,1,0,0,0,39,25.95155709342561,0,Stage-1
1,168,68.0,150,90,1,1,0,0,1,49,24.092970521541954,1,Stage-2
1,172,97.0,110,80,1,1,0,0,1,49,32.787993510005414,0,Stage-1
1,152,74.0,120,80,1,1,0,0,0,49,32.029085872576175,1,Stage-1
2,169,83.0,110,70,1,1,0,0,1,59,29.060607121599386,0,Normal
2,165,68.0,150,80,1,1,0,0,1,45,24.977043158861342,0,Stage-2
1,164,77.0,130,80,1,1,0,0,1,43,28.628792385484836,0,Stage-1
1,165,68.0,180,90,2,1,0,0,1,50,24.977043158861342,1,Stage-2
1,165,62.0,100,70,1,1,0,0,1,46,22.77318640955005,0,Normal
1,160,62.0,130,80,3,2,0,0,1,61,24.218749999999996,0,Stage-1
1,159,78.0,110,70,1,1,0,0,0,45,30.853209920493647,1,Normal
1,165,90.0,120,80,1,1,0,0,1,42,33.057851239669425,0,Stage-1
1,170,74.0,120,80,1,1,0,0,1,55,25.605536332179934,1,Stage-1
1,165,86.0,120,80,1,1,0,0,1,61,31.58861340679523,0,Stage-1
1,165,71.0,120,70,1,1,0,0,1,53,26.07897153351699,1,Elevated
1,168,72.0,120,80,1,1,0,0,0,58,25.510204081632658,1,Stage-1
1,158,77.0,120,80,3,2,0,0,1,46,30.844415958980928,1,Stage-1
1,153,75.0,160,90,1,1,0,0,1,61,32.038959374599514,1,Stage-2
1,146,120.0,130,80,2,1,0,0,1,64,56.29574028898481,0,Stage-1
1,156,75.0,130,90,1,1,0,0,1,57,30.818540433925047,1,Stage-2
1,152,55.0,140,80,1,1,0,0,0,45,23.80540166204986,0,Stage-2
2,170,69.0,120,80,1,2,0,0,1,57,23.87543252595156,0,Stage-1
2,168,73.0,130,80,2,1,0,0,0,52,25.86451247165533,1,Stage-1
1,165,70.0,120,80,1,1,0,0,1,59,25.71166207529844,0,Stage-1
1,168,46.0,110,70,1,1,0,0,1,49,16.298185941043087,0,Normal
1,156,64.0,110,70,1,1,0,0,1,39,26.298487836949374,1,Normal
1,152,56.0,120,70,1,1,0,0,1,39,24.238227146814403,0,Elevated
1,158,87.0,130,90,3,1,0,0,1,60,34.85018426534209,1,Stage-2
2,165,72.0,120,80,1,1,0,0,1,39,26.44628099173554,0,Stage-1
1,160,79.0,140,90,1,1,0,0,1,51,30.859374999999993,1,Stage-2
1,157,65.0,140,90,3,1,0,0,0,52,26.370238143535232,1,Stage-2
1,169,70.0,105,80,1,1,0,0,1,52,24.508945765204302,0,Stage-1
1,157,60.0,120,80,1,2,0,0,0,55,24.341758286340216,0,Stage-1
1,170,90.0,150,90,2,1,0,0,1,56,31.14186851211073,1,Stage-2
2,173,81.0,160,90,1,1,0,0,1,55,27.064051588760066,1,Stage-2
2,175,75.0,130,70,1,1,0,0,1,62,24.489795918367346,0,Stage-1
1,172,68.0,120,80,1,1,0,0,1,42,22.985397512168742,0,Stage-1
1,156,55.0,130,90,1,1,0,0,1,63,22.600262984878366,0,Stage-2
2,180,85.0,120,80,1,1,1,0,1,56,26.234567901234566,0,Stage-1
1,156,78.0,120,80,1,1,0,0,0,57,32.05128205128205,1,Stage-1
1,169,72.0,120,80,1,1,0,0,1,53,25.209201358495854,0,Stage-1
1,160,65.0,120,80,1,1,0,0,1,52,25.390624999999996,0,Stage-1
2,174,73.0,140,80,1,1,0,0,1,53,24.111507464658473,1,Stage-2
2,175,59.0,120,60,1,1,1,0,1,60,19.26530612244898,1,Elevated
2,168,75.0,120,80,1,1,0,0,1,43,26.573129251700685,1,Stage-1
1,152,70.0,160,90,1,1,0,0,1,58,30.297783933518005,1,Stage-2
1,151,57.0,100,70,1,1,0,0,1,42,24.998903556861542,0,Normal
1,160,59.0,120,80,2,1,0,0,1,63,23.046874999999996,0,Stage-1
2,172,89.0,110,80,1,1,0,0,1,45,30.08382909680909,1,Stage-1
1,168,84.0,140,90,3,1,0,0,1,53,29.761904761904766,1,Stage-2
2,156,65.0,120,80,3,1,1,0,1,56,26.709401709401707,0,Stage-1
2,158,59.0,130,80,1,1,1,0,1,51,23.634033007530842,1,Stage-1
1,160,83.0,120,70,1,1,0,0,1,51,32.42187499999999,0,Elevated
1,178,76.0,110,80,1,1,0,0,1,52,23.98687034465345,0,Stage-1
1,167,77.0,150,80,1,1,0,0,1,53,27.60945175517229,1,Stage-2
1,161,76.0,150,90,3,1,0,0,1,44,29.319856487018246,1,Stage-2
1,161,86.0,120,80,1,1,0,0,1,60,33.17773234057328,0,Stage-1
1,169,79.0,120,80,1,1,0,0,1,55,27.660095935016283,0,Stage-1
1,160,80.0,125,80,3,1,0,0,1,51,31.249999999999993,1,Stage-1
1,164,68.0,110,70,1,3,0,0,0,39,25.282569898869724,0,Normal
1,163,80.0,130,90,1,1,0,0,1,58,30.11027889645828,1,Stage-2
1,156,66.0,110,70,1,1,0,0,1,53,27.12031558185404,0,Normal
1,167,60.0,110,70,1,1,0,0,0,42,21.513858510523864,1,Normal
1,169,85.0,140,90,3,1,0,0,0,58,29.76086271489094,1,Stage-2
2,164,70.0,120,80,1,2,0,0,0,43,26.026174895895306,0,Stage-1
2,160,58.0,110,70,1,3,0,0,1,50,22.656249999999996,0,Normal
2,170,76.0,120,80,1,1,0,0,0,55,26.29757785467128,1,Stage-1
1,162,68.0,110,70,1,1,0,0,1,43,25.910684346898332,0,Normal
1,159,89.0,110,70,1,1,0,0,1,54,35.20430362722993,0,Normal
2,170,68.0,100,70,1,1,0,0,1,56,23.529411764705884,0,Normal
1,145,60.0,180,80,1,1,0,0,1,64,28.53745541022592,1,Stage-2
1,169,74.0,120,80,1,1,0,0,1,53,25.909456951787405,0,Stage-1
1,165,92.0,150,80,1,1,0,0,1,51,33.792470156106525,1,Stage-2
1,159,56.0,100,70,1,1,0,0,1,51,22.151022507021082,0,Normal
2,170,66.0,120,80,1,1,0,0,1,46,22.837370242214536,0,Stage-1
2,157,54.0,120,80,2,1,0,0,0,51,21.907582457706194,1,Stage-1
1,146,52.0,120,80,1,1,0,0,1,58,24.394820791893416,1,Stage-1
1,162,130.0,130,80,2,3,0,0,1,48,49.53513183965858,1,Stage-1
1,162,117.0,130,80,1,1,0,0,1,57,44.58161865569272,1,Stage-1
2,166,75.0,120,80,1,1,0,0,1,44,27.21730294672667,0,Stage-1
1,168,81.0,120,80,1,1,0,0,1,53,28.69897959183674,1,Stage-1
1,169,69.0,120,80,3,3,0,0,0,55,24.158817968558527,1,Stage-1
2,160,65.0,110,80,1,1,0,0,1,41,25.390624999999996,0,Stage-1
2,171,84.0,120,80,1,1,0,0,1,55,28.726787729557817,0,Stage-1
1,155,49.0,120,80,1,2,0,0,1,49,20.39542143600416,1,Stage-1
1,160,85.0,120,80,1,1,0,0,1,58,33.20312499999999,1,Stage-1
1,161,87.0,110,70,1,1,0,0,1,58,33.56351992592878,0,Normal
1,157,86.0,140,80,3,1,0,0,1,63,34.889853543754306,1,Stage-2
1,168,68.0,120,80,1,1,0,0,1,54,24.092970521541954,1,Stage-1
1,160,59.0,120,80,2,1,0,0,0,47,23.046874999999996,0,Stage-1
1,168,62.0,120,80,2,2,0,0,1,61,21.9671201814059,1,Stage-1
2,170,66.0,120,80,1,1,0,0,1,49,22.837370242214536,0,Stage-1
1,163,68.0,120,80,3,1,0,0,1,54,25.59373706198954,0,Stage-1
2,172,80.0,130,90,1,1,0,0,1,55,27.041644131963228,1,Stage-2
1,156,62.0,160,90,3,3,0,0,1,45,25.476660092044707,1,Stage-2
2,172,80.0,150,80,1,1,1,1,1,53,27.041644131963228,1,Stage-2
2,174,70.0,160,70,1,1,1,1,1,59,23.120623596247853,1,Stage-2
1,157,70.0,150,80,1,3,0,0,1,60,28.398718000730252,0,Stage-2
1,172,80.0,125,85,1,1,0,0,1,53,27.041644131963228,1,Stage-1
1,156,56.0,110,70,1,1,0,0,0,43,23.011176857330703,0,Normal
1,172,68.0,120,80,1,1,0,1,1,57,22.985397512168742,1,Stage-1
1,156,77.0,130,80,1,1,0,0,1,59,31.640368178829714,0,Stage-1
1,152,92.0,110,70,3,1,0,0,1,62,39.81994459833795,1,Normal
1,172,85.0,120,80,2,2,0,0,0,47,28.73174689021093,1,Stage-1
1,164,70.0,130,90,1,1,0,0,1,44,26.026174895895306,0,Stage-2
2,175,93.0,160,90,3,1,0,0,1,53,30.367346938775512,1,Stage-2
1,155,88.0,120,90,2,2,0,0,1,57,36.628511966701346,0,Stage-2
2,160,92.0,120,80,1,2,0,0,0,49,35.93749999999999,0,Stage-1
1,160,50.0,150,100,1,1,0,0,1,56,19.531249999999996,1,Stage-2
2,165,68.0,120,70,1,1,0,0,1,59,24.977043158861342,0,Elevated
2,177,83.0,120,79,1,1,0,0,1,55,26.493025631204315,0,Elevated
1,160,62.0,140,80,1,1,0,0,1,47,24.218749999999996,1,Stage-2
1,162,80.0,140,80,1,1,0,0,1,63,30.48315805517451,1,Stage-2
2,165,60.0,120,80,1,2,0,0,1,63,22.03856749311295,1,Stage-1
1,160,70.0,140,90,1,1,0,0,1,63,27.343749999999996,1,Stage-2
1,157,97.0,110,70,1,1,0,0,1,61,39.35250922958335,1,Normal
1,152,79.0,120,80,1,1,0,0,0,50,34.193213296398895,0,Stage-1
1,168,65.0,140,80,1,1,0,0,1,57,23.030045351473927,1,Stage-2
1,165,68.0,120,80,1,1,0,0,1,52,24.977043158861342,0,Stage-1
1,152,78.0,150,90,3,1,0,0,0,54,33.76038781163435,1,Stage-2
2,175,62.0,150,90,2,1,0,0,1,50,20.244897959183675,1,Stage-2
2,178,80.0,120,80,1,1,0,0,1,52,25.24933720489837,0,Stage-1
2,162,54.0,110,80,1,1,0,0,1,51,20.576131687242793,0,Stage-1
2,160,72.0,140,100,2,1,0,0,0,51,28.124999999999993,1,Stage-2
2,179,91.0,120,80,1,1,1,0,1,40,28.40111107643332,0,Stage-1
2,168,60.0,120,80,1,1,0,0,1,50,21.258503401360546,0,Stage-1
2,175,79.0,120,80,1,3,0,0,1,58,25.79591836734694,0,Stage-1
1,151,68.0,110,80,1,1,0,0,1,59,29.823253366080436,0,Stage-1
1,169,74.0,120,80,1,1,0,0,1,56,25.909456951787405,0,Stage-1
1,158,60.0,110,70,1,1,0,0,1,55,24.034609838166958,0,Normal
2,175,103.0,160,100,1,1,0,0,1,53,33.63265306122449,1,Stage-2
2,170,70.0,140,90,1,1,0,0,1,59,24.221453287197235,0,Stage-2
2,168,70.0,140,90,2,1,1,1,1,49,24.801587301587304,0,Stage-2
1,160,60.0,120,80,1,1,0,0,0,49,23.437499999999996,0,Stage-1
2,158,54.0,120,80,1,1,1,1,1,53,21.63114885435026,0,Stage-1
2,176,72.0,120,80,2,2,0,0,1,48,23.243801652892564,0,Stage-1
2,171,86.0,120,90,3,1,1,0,0,61,29.410758865975858,0,Stage-2
2,172,81.0,130,80,1,1,0,0,1,53,27.379664683612766,1,Stage-1
1,163,66.0,150,80,1,1,0,0,1,54,24.840980089578082,1,Stage-2
1,167,60.0,120,79,1,1,0,0,0,58,21.513858510523864,1,Elevated
1,158,74.0,150,90,1,1,0,0,1,55,29.642685467072578,1,Stage-2
1,168,80.0,150,80,1,2,0,0,0,39,28.344671201814062,1,Stage-2
1,162,70.0,110,70,1,1,0,0,1,45,26.672763298277697,0,Normal
1,158,84.0,180,90,2,1,0,0,1,59,33.64845377343374,1,Stage-2
2,171,89.0,140,90,1,1,1,0,1,56,30.436715570602924,0,Stage-2
1,161,84.0,110,80,1,1,0,0,1,43,32.40615716986227,0,Stage-1
1,184,60.0,100,60,1,1,0,0,1,43,17.72211720226843,0,Normal
1,169,79.0,130,90,1,2,0,0,1,64,27.660095935016283,1,Stage-2
2,170,69.0,110,80,1,1,0,0,1,55,23.87543252595156,0,Stage-1
2,166,71.0,190,90,1,1,0,0,0,57,25.76571345623458,1,Stage-2
2,170,90.0,150,100,2,1,0,0,1,54,31.14186851211073,1,Stage-2
1,166,72.0,110,80,2,2,0,0,0,49,26.1286108288576,1,Stage-1
1,155,91.0,167,111,3,2,0,0,1,57,37.87721123829344,1,Stage-2
1,164,80.0,120,70,1,3,0,0,1,63,29.744199881023206,1,Elevated
2,166,61.0,110,70,1,1,1,0,1,50,22.136739730004358,0,Normal
1,170,70.0,140,90,1,1,0,0,0,52,24.221453287197235,1,Stage-2
2,158,56.0,120,79,1,1,0,0,1,41,22.432302515622492,0,Elevated
2,178,103.0,160,100,1,1,0,0,0,58,32.50852165130665,1,Stage-2
1,158,67.0,130,80,1,1,0,0,1,59,26.83864765261977,1,Stage-1
2,167,67.0,110,80,1,1,1,1,1,60,24.023808670084982,0,Stage-1
1,152,61.0,120,70,1,1,1,0,1,42,26.40235457063712,0,Elevated
1,168,88.0,130,90,1,1,0,0,1,52,31.17913832199547,1,Stage-2
1,163,77.0,100,60,2,1,0,0,1,51,28.981143437841094,1,Normal
1,160,90.0,130,80,1,1,0,0,1,51,35.15624999999999,0,Stage-1
1,160,58.0,120,80,1,1,0,0,1,55,22.656249999999996,0,Stage-1
2,166,82.0,160,100,2,2,0,0,1,54,29.757584555087824,1,Stage-2
1,170,72.0,110,70,1,1,0,0,1,48,24.913494809688583,0,Normal
2,187,84.0,130,80,1,1,0,0,1,56,24.021275987303035,0,Stage-1
1,167,75.0,120,80,1,1,0,0,1,49,26.89232313815483,0,Stage-1
2,175,67.0,120,80,1,2,0,0,1,59,21.877551020408163,1,Stage-1
1,165,59.0,95,54,1,1,0,0,0,49,21.6712580348944,0,Normal
1,164,64.0,120,80,1,1,0,0,1,55,23.795359904818564,1,Stage-1
1,158,45.0,120,70,1,1,0,0,0,48,18.02595737862522,1,Elevated
2,168,70.0,120,80,1,1,0,0,1,49,24.801587301587304,0,Stage-1
2,163,69.0,120,80,2,1,0,0,1,55,25.970115548195267,0,Stage-1
1,160,70.0,110,80,1,1,0,0,1,55,27.343749999999996,0,Stage-1
1,155,69.0,120,80,1,1,0,0,1,54,28.720083246618103,0,Stage-1
1,172,73.0,145,91,2,1,0,0,1,57,24.675500270416443,1,Stage-2
1,164,98.0,180,100,3,1,0,1,1,55,36.43664485425343,1,Stage-2
1,147,70.0,140,90,1,1,0,0,1,41,32.39390994493036,1,Stage-2
2,172,80.0,110,70,2,2,0,0,1,57,27.041644131963228,1,Normal
1,163,80.0,130,70,1,1,0,0,1,49,30.11027889645828,0,Stage-1
1,165,62.0,120,80,1,1,0,0,1,42,22.77318640955005,1,Stage-1
1,156,68.0,120,90,1,1,0,0,1,62,27.94214332675871,0,Stage-2
1,167,65.0,110,70,3,3,0,0,1,58,23.306680053067517,1,Normal
2,170,86.0,130,80,2,1,0,0,1,61,29.75778546712803,1,Stage-1
1,162,69.0,140,90,1,1,0,0,0,59,26.291723822588015,1,Stage-2
1,165,45.0,100,70,1,1,0,0,1,43,16.528925619834713,0,Normal
2,168,67.0,200,100,1,1,0,0,1,47,23.738662131519277,1,Stage-2
1,159,61.0,110,70,1,1,0,0,1,53,24.128792373719392,0,Normal
2,176,114.0,145,88,2,2,0,0,0,62,36.80268595041323,1,Stage-2
2,185,115.0,150,90,2,1,0,0,1,55,33.60116873630387,1,Stage-2
2,165,63.0,120,80,1,1,0,0,1,55,23.140495867768596,0,Stage-1
1,171,75.0,120,80,1,1,1,0,1,61,25.64891761567662,1,Stage-1
1,157,62.0,120,80,1,1,0,0,1,41,25.153150229218223,1,Stage-1
2,169,81.0,110,80,2,1,0,0,1,45,28.360351528307834,0,Stage-1
1,152,65.0,130,90,1,1,0,0,0,58,28.133656509695292,0,Stage-2
2,173,80.0,120,80,1,1,0,0,1,55,26.729927495071667,1,Stage-1
2,172,68.0,150,80,1,1,1,1,1,51,22.985397512168742,1,Stage-2
1,167,72.0,120,80,1,1,0,0,1,63,25.816630212628635,1,Stage-1
1,165,68.0,100,70,1,1,0,0,1,58,24.977043158861342,0,Normal
1,153,62.0,130,90,2,1,0,0,1,40,26.48553974966893,1,Stage-2
2,163,68.0,150,100,2,1,0,0,0,63,25.59373706198954,0,Stage-2
2,169,84.0,120,80,3,1,0,0,1,43,29.410734918245165,1,Stage-1
1,167,89.0,120,80,1,1,0,0,1,51,31.912223457277065,0,Stage-1
2,170,88.0,120,80,1,1,0,0,1,59,30.449826989619382,1,Stage-1
2,161,64.0,120,80,1,2,0,0,1,52,24.690405462752206,0,Stage-1
1,161,96.0,160,89,1,1,0,0,0,39,37.03560819412831,0,Stage-2
2,170,70.0,120,80,1,1,0,0,1,47,24.221453287197235,0,Stage-1
1,167,86.0,160,90,2,1,0,0,0,52,30.83653053175087,0,Stage-2
1,155,63.0,180,100,1,1,0,0,1,47,26.22268470343392,1,Stage-2
1,170,68.0,128,80,1,1,0,0,0,54,23.529411764705884,0,Stage-1
1,152,70.0,170,80,1,2,0,0,1,64,30.297783933518005,1,Stage-2
1,156,73.0,120,70,1,1,0,0,1,61,29.996712689020377,0,Elevated
2,170,72.0,110,70,1,1,0,0,1,50,24.913494809688583,1,Normal
2,178,96.0,120,80,3,3,0,0,1,58,30.299204645878046,1,Stage-1
1,165,75.0,150,90,3,1,0,0,1,59,27.548209366391188,0,Stage-2
2,172,72.0,160,80,1,1,0,0,0,48,24.337479718766904,1,Stage-2
1,174,115.0,170,100,1,1,0,0,1,54,37.98388162240719,1,Stage-2
1,163,58.0,120,70,1,1,0,0,1,39,21.829952199932254,0,Elevated
2,160,58.0,120,80,1,1,0,0,1,54,22.656249999999996,0,Stage-1
1,164,59.0,130,69,1,1,0,0,0,53,21.936347412254616,0,Stage-1
1,148,59.0,140,80,1,1,0,0,1,51,26.93571950328707,1,Stage-2
1,158,60.0,130,90,1,1,0,0,1,62,24.034609838166958,0,Stage-2
1,154,64.0,150,100,2,1,0,0,1,61,26.986001011975038,1,Stage-2
1,150,62.0,160,90,3,1,0,0,0,60,27.555555555555557,1,Stage-2
2,160,54.0,120,80,1,1,0,0,1,64,21.093749999999996,1,Stage-1
1,158,75.0,120,80,3,1,0,0,0,62,30.043262297708697,1,Stage-1
1,154,62.0,110,70,2,1,0,0,0,51,26.14268848035082,0,Normal
1,154,110.0,177,95,3,3,0,0,1,60,46.3821892393321,1,Stage-2
1,158,89.0,110,70,1,1,0,0,1,39,35.65133792661432,0,Normal
1,160,79.0,120,60,1,1,0,0,1,55,30.859374999999993,1,Elevated
1,162,85.0,140,80,3,1,0,0,1,54,32.38835543362292,1,Stage-2
2,177,104.0,180,100,1,1,0,0,1,45,33.1960803089789,1,Stage-2
1,170,91.0,130,90,1,1,0,0,1,50,31.487889273356405,0,Stage-2
1,152,65.0,120,80,1,1,0,0,0,55,28.133656509695292,1,Stage-1
2,171,96.0,160,80,2,1,0,0,1,62,32.83061454806607,1,Stage-2
1,160,60.0,122,80,1,1,0,0,0,57,23.437499999999996,0,Stage-1
1,158,65.0,130,80,1,1,0,0,0,52,26.037493991347535,0,Stage-1
1,155,60.0,120,80,1,1,0,0,0,59,24.97398543184183,0,Stage-1
1,158,60.0,120,80,1,1,0,0,1,45,24.034609838166958,1,Stage-1
1,142,117.0,130,90,1,1,0,0,1,53,58.02420154731204,0,Stage-2
1,155,51.0,120,80,1,1,0,0,0,64,21.227887617065555,1,Stage-1
1,163,57.0,100,60,1,1,1,0,1,46,21.453573713726524,1,Normal
1,165,65.0,120,80,1,1,0,0,0,61,23.875114784205696,0,Stage-1
2,165,65.0,120,80,1,1,0,0,1,44,23.875114784205696,0,Stage-1
1,156,92.0,120,80,1,1,0,0,1,52,37.804076265614725,0,Stage-1
1,162,78.0,135,80,2,1,0,0,1,61,29.721079103795148,1,Stage-1
1,153,65.0,135,80,1,1,0,0,1,51,27.76709812465291,0,Stage-1
1,151,73.0,120,80,2,1,0,0,1,61,32.01613964299811,0,Stage-1
1,165,63.0,150,100,1,1,0,0,1,55,23.140495867768596,1,Stage-2
2,162,75.0,150,90,2,1,1,1,1,53,28.577960676726104,1,Stage-2
1,172,84.0,125,80,1,1,0,0,1,44,28.393726338561386,0,Stage-1
1,156,65.0,120,80,1,1,0,0,1,45,26.709401709401707,0,Stage-1
1,155,83.0,130,80,3,1,0,0,1,47,34.54734651404786,1,Stage-1
2,191,84.0,120,80,1,1,0,0,1,53,23.025684602944,0,Stage-1
1,164,82.0,120,80,3,1,0,0,1,61,30.487804878048784,0,Stage-1
1,158,68.0,120,80,1,1,0,0,1,60,27.239224483255885,1,Stage-1
1,174,75.0,120,80,1,1,0,0,0,64,24.772096710265558,0,Stage-1
2,171,59.0,200,100,1,1,1,1,1,54,20.177148524332274,0,Stage-2
2,165,90.0,150,90,1,1,0,0,1,60,33.057851239669425,0,Stage-2
1,165,93.0,130,90,1,1,0,0,1,55,34.159779614325075,0,Stage-2
2,159,62.0,120,80,3,3,0,0,1,59,24.524346347059055,1,Stage-1
1,170,70.0,120,80,1,1,0,0,1,59,24.221453287197235,0,Stage-1
1,156,86.0,140,80,1,1,0,0,1,60,35.33859303090072,1,Stage-2
2,169,105.0,180,100,2,1,0,0,1,61,36.76341864780645,1,Stage-2
1,165,65.0,120,79,1,3,0,0,0,50,23.875114784205696,0,Elevated
2,171,72.0,120,80,1,1,0,0,1,50,24.622960911049557,0,Stage-1
2,174,80.0,120,90,1,1,0,0,1,58,26.42356982428326,0,Stage-2
2,172,70.0,120,80,1,1,0,0,0,61,23.661438615467823,1,Stage-1
1,163,55.0,140,90,1,1,0,0,1,48,20.70081674131507,0,Stage-2
2,172,79.0,120,80,1,2,1,1,1,54,26.703623580313685,0,Stage-1
2,171,73.0,110,70,1,1,0,0,1,61,24.96494647925858,0,Normal
1,168,94.0,120,80,1,1,0,0,1,54,33.30498866213152,1,Stage-1
1,172,64.0,130,80,1,1,0,0,1,63,21.63331530557058,1,Stage-1
1,169,89.0,120,70,2,2,0,0,0,40,31.161373901474043,0,Elevated
1,156,71.0,120,80,1,3,0,0,1,42,29.17488494411571,0,Stage-1
2,173,80.0,140,90,1,1,0,0,1,59,26.729927495071667,1,Stage-2
1,160,66.0,130,80,1,1,0,0,1,56,25.781249999999996,1,Stage-1
2,178,89.0,120,80,1,1,1,1,1,39,28.089887640449437,0,Stage-1
1,166,64.0,120,80,1,1,0,0,0,54,23.225431847873423,0,Stage-1
1,180,70.0,140,90,1,1,0,0,1,49,21.604938271604937,0,Stage-2
1,158,85.0,130,80,3,3,0,0,1,58,34.049030604069856,1,Stage-1
2,169,74.0,130,84,1,1,0,0,1,56,25.909456951787405,0,Stage-1
2,163,86.0,140,100,2,1,0,1,1,53,32.36854981369265,1,Stage-2
2,172,75.0,130,80,1,1,1,0,0,51,25.351541373715524,0,Stage-1
1,160,87.0,120,80,1,1,0,0,1,59,33.98437499999999,0,Stage-1
2,175,95.0,140,90,3,3,0,0,0,49,31.020408163265305,1,Stage-2
1,153,78.0,120,80,1,1,0,0,1,62,33.320517749583495,1,Stage-1
1,156,61.0,120,80,1,1,0,0,1,53,25.06574621959237,0,Stage-1
1,160,56.0,120,70,1,1,0,0,0,50,21.874999999999996,0,Elevated
1,177,75.0,140,80,1,1,0,0,1,39,23.93948099205209,1,Stage-2
1,170,64.0,170,90,1,1,0,0,1,56,22.145328719723185,1,Stage-2
2,174,105.0,150,90,1,1,0,0,1,49,34.68093539437178,1,Stage-2
2,170,69.0,120,80,1,1,0,0,1,41,23.87543252595156,0,Stage-1
1,152,57.0,100,80,1,1,0,0,1,50,24.67105263157895,0,Stage-1
2,171,67.0,175,95,2,1,0,0,1,62,22.91303307000445,1,Stage-2
1,158,65.0,120,80,1,1,0,0,0,41,26.037493991347535,0,Stage-1
1,150,65.0,130,80,1,1,0,0,1,58,28.88888888888889,0,Stage-1
1,158,60.0,120,80,1,1,0,0,1,52,24.034609838166958,0,Stage-1
1,156,85.0,160,90,1,1,0,0,1,61,34.927679158448385,1,Stage-2
1,172,104.0,120,80,3,1,0,0,1,51,35.154137371552196,1,Stage-1
2,169,73.0,120,70,1,1,0,0,1,47,25.55932915514163,0,Elevated
1,152,55.0,100,60,1,1,0,0,1,43,23.80540166204986,0,Normal
2,167,108.0,140,100,3,1,1,0,1,57,38.72494531894295,1,Stage-2
1,166,60.0,120,80,2,1,0,0,1,50,21.773842357381334,0,Stage-1
1,157,52.0,100,60,1,1,0,0,1,56,21.096190514828187,0,Normal
1,145,55.0,120,80,2,1,0,0,0,54,26.159334126040427,0,Stage-1
1,170,67.0,120,80,2,1,0,0,1,56,23.18339100346021,1,Stage-1
2,164,68.0,140,90,1,1,0,0,0,43,25.282569898869724,1,Stage-2
1,167,103.0,150,100,2,2,0,0,1,46,36.9321237763993,1,Stage-2
2,165,60.0,130,90,1,1,0,0,1,53,22.03856749311295,1,Stage-2
1,160,98.0,120,80,1,1,0,0,1,47,38.28124999999999,0,Stage-1
1,152,74.0,120,80,1,1,0,0,1,42,32.029085872576175,0,Stage-1
1,156,74.0,120,80,1,1,0,0,1,62,30.407626561472714,1,Stage-1
1,158,64.0,120,80,1,1,0,0,1,48,25.63691716071142,1,Stage-1
1,167,69.0,130,90,1,1,0,0,0,51,24.740937287102444,1,Stage-2
2,160,61.0,120,80,1,1,0,0,1,58,23.828124999999996,0,Stage-1
1,160,73.0,130,90,1,1,0,0,0,56,28.515624999999993,0,Stage-2
2,172,95.0,140,80,3,3,0,0,1,62,32.11195240670633,1,Stage-2
2,173,94.0,140,90,2,1,0,0,1,41,31.40766480670921,1,Stage-2
1,154,76.0,110,70,1,1,0,0,1,49,32.04587620172036,0,Normal
1,166,79.0,140,90,1,1,0,0,1,53,28.668892437218755,1,Stage-2
1,159,120.0,120,80,1,1,0,0,1,59,47.46647680075946,1,Stage-1
1,163,67.0,140,80,1,1,0,0,0,52,25.21735857578381,1,Stage-2
1,160,57.0,110,70,1,1,0,0,1,44,22.265624999999996,0,Normal
1,165,78.0,130,80,1,1,0,0,1,53,28.650137741046834,0,Stage-1
1,163,65.0,120,80,1,1,0,0,1,58,24.46460160337235,0,Stage-1
2,161,61.0,109,67,1,1,0,0,1,61,23.533042706685695,0,Normal
1,152,65.0,115,77,1,1,0,0,1,50,28.133656509695292,0,Normal
1,163,83.0,120,80,1,1,0,0,1,49,31.239414355075468,1,Stage-1
1,156,88.0,120,70,1,1,0,0,0,53,36.160420775805385,1,Elevated
1,162,61.0,140,90,2,2,0,0,1,56,23.243408017070564,1,Stage-2
1,150,50.0,120,80,1,1,0,0,1,54,22.22222222222222,1,Stage-1
1,162,60.0,100,70,1,1,0,0,1,52,22.86236854138088,0,Normal
1,178,65.0,120,80,1,1,0,0,0,43,20.515086478979924,1,Stage-1
1,151,57.0,100,70,1,1,0,0,1,52,24.998903556861542,0,Normal
2,182,130.0,140,80,1,2,1,1,1,39,39.24646781789639,0,Stage-2
1,164,69.0,130,80,2,1,0,0,1,54,25.654372397382513,0,Stage-1
1,170,68.0,100,80,1,1,0,0,0,56,23.529411764705884,0,Stage-1
2,170,60.0,120,80,1,1,0,0,1,50,20.761245674740486,1,Stage-1
2,156,75.0,170,110,3,3,0,0,1,56,30.818540433925047,1,Stage-2
1,170,72.0,160,100,1,1,0,0,1,56,24.913494809688583,1,Stage-2
2,156,60.0,140,90,1,1,0,0,1,63,24.654832347140037,1,Stage-2
1,164,75.0,140,90,3,1,0,0,1,45,27.885187388459254,0,Stage-2
1,154,62.0,140,80,1,1,0,0,0,55,26.14268848035082,1,Stage-2
2,172,89.0,140,90,1,1,0,0,1,42,30.08382909680909,1,Stage-2
2,174,106.0,110,80,1,1,1,1,0,45,35.01123001717532,1,Stage-1
1,165,78.0,130,70,1,1,0,0,1,53,28.650137741046834,1,Stage-1
2,168,79.0,115,70,1,1,0,0,1,60,27.99036281179139,0,Normal
1,170,64.0,110,80,1,1,0,0,1,62,22.145328719723185,0,Stage-1
1,167,75.0,100,70,1,1,0,0,1,47,26.89232313815483,0,Normal
2,172,62.0,110,80,1,1,0,1,1,53,20.9572742022715,0,Stage-1
1,164,85.0,110,70,1,1,0,0,1,51,31.603212373587155,0,Normal
1,158,55.0,100,80,1,1,0,0,1,41,22.031725684986377,0,Stage-1
1,165,65.0,120,79,2,2,0,0,0,49,23.875114784205696,0,Elevated
1,158,48.0,110,70,1,1,0,0,1,63,19.227687870533565,0,Normal
1,160,60.0,120,80,1,1,0,0,1,59,23.437499999999996,0,Stage-1
1,160,56.0,130,90,1,1,0,0,1,52,21.874999999999996,1,Stage-2
2,180,83.0,110,70,1,1,0,0,1,54,25.61728395061728,0,Normal
1,170,70.0,110,70,1,1,0,0,0,47,24.221453287197235,0,Normal
2,171,70.0,120,80,1,1,0,0,1,46,23.938989774631512,1,Stage-1
1,164,62.0,150,100,1,2,0,0,0,50,23.051754907792983,1,Stage-2
2,168,65.0,120,80,1,1,0,0,1,49,23.030045351473927,0,Stage-1
1,157,85.0,130,80,3,1,0,1,1,59,34.484157572315304,0,Stage-1
2,165,86.0,120,60,1,1,0,0,1,44,31.58861340679523,0,Elevated
1,158,68.0,120,90,1,1,0,0,0,47,27.239224483255885,0,Stage-2
1,166,90.0,130,90,1,1,0,0,1,52,32.660763536072004,0,Stage-2
2,174,85.0,140,90,1,1,0,0,1,42,28.075042938300964,1,Stage-2
1,162,87.0,150,80,1,1,0,0,1,53,33.15043438500228,1,Stage-2
1,157,87.0,120,80,1,1,0,0,0,63,35.295549515193315,1,Stage-1
1,168,74.0,140,90,1,1,0,0,1,61,26.218820861678008,1,Stage-2
1,170,68.0,120,80,1,1,0,0,1,60,23.529411764705884,0,Stage-1
2,175,98.0,120,80,1,1,0,0,1,47,32.0,0,Stage-1
1,164,84.0,110,70,2,1,0,0,1,58,31.231409875074366,0,Normal
2,177,69.0,120,80,1,1,0,0,1,48,22.024322512687924,0,Stage-1
1,153,74.0,130,80,1,1,0,0,1,52,31.611773249604852,0,Stage-1
1,170,81.0,120,80,1,1,0,0,1,39,28.027681660899656,1,Stage-1
2,175,75.0,110,70,1,1,0,0,1,50,24.489795918367346,1,Normal
2,158,68.0,120,80,1,1,1,0,1,41,27.239224483255885,0,Stage-1
1,160,98.0,130,90,1,1,0,0,1,49,38.28124999999999,1,Stage-2
1,161,79.0,120,80,2,3,0,0,1,50,30.477219243084754,0,Stage-1
2,176,83.0,110,80,1,1,0,0,1,53,26.794938016528928,0,Stage-1
1,168,70.0,120,80,1,1,0,0,1,54,24.801587301587304,1,Stage-1
1,153,83.0,120,80,1,1,0,0,0,55,35.45644837455679,0,Stage-1
1,158,66.0,110,70,1,1,0,0,1,40,26.43807082198365,0,Normal
2,170,75.0,120,70,1,1,0,0,1,57,25.95155709342561,1,Elevated
2,174,65.0,120,80,1,1,0,0,1,50,21.469150482230148,1,Stage-1
2,176,86.0,100,60,1,1,0,0,1,40,27.763429752066116,0,Normal
1,164,63.0,140,90,3,1,0,0,1,48,23.423557406305775,1,Stage-2
2,172,58.0,160,90,1,1,0,0,1,50,19.60519199567334,0,Stage-2
2,163,73.0,180,140,3,1,1,0,1,57,27.475629493018182,1,Stage-2
1,165,86.0,115,75,1,1,0,0,1,49,31.58861340679523,0,Normal
2,172,70.0,130,90,3,1,0,0,1,55,23.661438615467823,1,Stage-2
1,158,55.0,120,80,1,1,0,0,1,41,22.031725684986377,0,Stage-1
1,169,59.0,110,90,1,1,0,0,0,61,20.65754000210077,1,Stage-2
2,167,77.0,120,90,1,1,0,0,1,49,27.60945175517229,0,Stage-2
2,174,87.0,100,80,1,1,1,0,1,49,28.735632183908045,0,Stage-1
1,165,76.0,160,90,1,1,0,0,1,56,27.915518824609737,1,Stage-2
1,160,73.0,120,80,1,1,0,0,0,57,28.515624999999993,1,Stage-1
1,178,95.0,120,80,1,1,0,0,0,51,29.983587930816814,0,Stage-1
2,168,68.0,110,70,1,1,0,0,0,58,24.092970521541954,0,Normal
2,176,70.0,120,70,1,1,0,0,1,56,22.59814049586777,0,Elevated
1,156,71.0,130,70,1,1,0,0,0,60,29.17488494411571,1,Stage-1
1,162,65.0,140,80,1,1,0,0,1,42,24.76756591982929,1,Stage-2
1,150,85.0,150,90,1,1,0,0,1,48,37.77777777777778,1,Stage-2
1,164,50.0,120,80,1,2,1,0,1,53,18.590124925639504,0,Stage-1
2,163,67.0,120,80,1,1,0,0,1,64,25.21735857578381,1,Stage-1
2,170,70.0,100,70,1,1,0,0,1,61,24.221453287197235,0,Normal
1,168,60.0,110,80,2,1,0,0,1,50,21.258503401360546,0,Stage-1
2,168,68.0,120,80,1,1,0,0,1,54,24.092970521541954,0,Stage-1
1,161,101.0,110,80,1,1,0,0,0,42,38.96454612090582,0,Stage-1
1,155,55.0,110,77,1,1,0,0,1,58,22.892819979188342,0,Normal
1,160,60.0,130,80,3,1,0,0,1,60,23.437499999999996,0,Stage-1
1,160,62.0,140,90,3,1,0,0,1,64,24.218749999999996,1,Stage-2
2,170,74.0,110,70,1,1,1,0,1,39,25.605536332179934,0,Normal
2,180,67.0,160,100,1,1,1,1,0,61,20.679012345679013,1,Stage-2
2,176,75.0,100,70,1,1,1,0,1,50,24.212293388429753,0,Normal
1,160,60.0,120,80,1,1,0,0,1,52,23.437499999999996,0,Stage-1
1,157,54.0,130,80,1,1,0,0,1,59,21.907582457706194,0,Stage-1
2,170,70.0,130,90,1,1,0,0,1,62,24.221453287197235,1,Stage-2
1,151,110.0,120,80,1,1,0,0,0,62,48.243498092188936,0,Stage-1
2,171,53.0,110,70,1,1,1,0,1,41,18.125235115078144,0,Normal
1,160,65.0,160,90,1,1,0,0,1,57,25.390624999999996,1,Stage-2
2,178,85.0,140,80,2,1,1,0,0,59,26.82742078020452,1,Stage-2
1,163,88.0,109,80,1,1,0,0,1,50,33.12130678610411,0,Stage-1
1,168,99.0,130,80,3,1,0,1,1,59,35.0765306122449,0,Stage-1
1,160,65.0,110,80,1,1,0,0,1,52,25.390624999999996,0,Stage-1
2,174,65.0,160,80,1,1,0,0,1,51,21.469150482230148,1,Stage-2
2,169,100.0,170,100,1,1,1,0,0,63,35.01277966457757,1,Stage-2
1,178,78.0,80,60,1,1,0,0,0,60,24.61810377477591,1,Normal
2,171,82.0,160,90,1,1,0,0,0,47,28.042816593139772,1,Stage-2
2,172,94.0,120,80,1,1,1,0,1,54,31.77393185505679,0,Stage-1
1,162,73.0,120,80,3,1,0,0,1,56,27.815881725346742,1,Stage-1
1,156,62.0,120,80,1,1,0,0,1,46,25.476660092044707,1,Stage-1
1,150,50.0,150,80,1,1,0,0,0,40,22.22222222222222,0,Stage-2
1,154,59.0,130,70,1,1,0,0,1,60,24.87771968291449,1,Stage-1
1,168,66.0,140,80,1,1,0,0,1,60,23.384353741496604,1,Stage-2
2,175,63.0,120,80,1,1,0,0,1,59,20.571428571428573,0,Stage-1
1,164,77.0,160,100,3,1,0,0,1,51,28.628792385484836,1,Stage-2
2,166,74.0,120,80,1,1,0,0,1,59,26.854405574103644,0,Stage-1
1,157,53.0,120,80,1,1,0,0,1,63,21.50188648626719,1,Stage-1
1,169,81.0,140,90,1,1,0,0,1,43,28.360351528307834,1,Stage-2
2,181,67.0,120,60,2,1,1,1,1,41,20.45114617990904,0,Elevated
1,164,65.0,120,80,2,1,0,0,1,50,24.167162403331353,0,Stage-1
1,165,70.0,130,80,1,1,1,0,1,61,25.71166207529844,1,Stage-1
1,169,62.0,120,80,1,1,0,0,1,58,21.707923392038097,0,Stage-1
1,166,62.0,120,75,1,1,0,1,1,55,22.49963710262738,0,Elevated
1,158,75.0,150,80,2,1,0,0,1,55,30.043262297708697,1,Stage-2
1,157,83.0,130,90,2,1,0,0,0,56,33.6727656294373,0,Stage-2
1,162,65.0,120,80,1,1,0,0,1,48,24.76756591982929,0,Stage-1
2,169,67.0,120,80,1,1,0,0,0,45,23.458562375266975,0,Stage-1
2,164,78.0,130,90,1,1,0,0,0,49,29.000594883997625,1,Stage-2
2,165,77.0,120,80,1,1,1,1,1,52,28.282828282828287,0,Stage-1
2,160,67.0,130,90,1,1,0,0,1,62,26.171874999999996,1,Stage-2
1,156,115.0,160,100,2,1,0,0,1,57,47.255095332018406,1,Stage-2
1,163,92.0,110,80,1,1,0,0,1,40,34.62682073092702,0,Stage-1
2,158,74.0,110,70,2,1,0,0,0,55,29.642685467072578,1,Normal
1,171,82.0,120,80,1,1,0,0,1,55,28.042816593139772,0,Stage-1
1,155,103.0,170,100,1,1,0,0,0,51,42.872008324661806,1,Stage-2
2,170,80.0,130,90,1,1,0,0,1,41,27.68166089965398,1,Stage-2
1,171,139.0,140,90,1,1,0,0,1,54,47.535993981054006,1,Stage-2
1,164,67.0,120,80,1,1,0,0,1,63,24.910767400356935,0,Stage-1
1,160,75.0,110,70,2,1,0,0,0,50,29.296874999999993,0,Normal
1,168,91.0,140,80,1,1,0,0,1,52,32.242063492063494,0,Stage-2
1,152,45.0,110,70,2,1,0,0,1,64,19.47714681440443,0,Normal
1,161,59.0,120,75,1,1,0,0,1,53,22.76146753597469,0,Elevated
2,167,65.0,120,80,1,1,0,0,1,51,23.306680053067517,1,Stage-1
2,176,86.0,160,100,1,1,0,0,1,55,27.763429752066116,1,Stage-2
1,166,65.0,110,80,1,1,0,0,0,53,23.588329220496444,0,Stage-1
2,165,65.0,120,80,1,1,0,0,0,64,23.875114784205696,0,Stage-1
2,168,81.0,130,80,1,2,0,0,1,58,28.69897959183674,0,Stage-1
1,165,64.0,140,90,1,1,0,0,1,63,23.507805325987146,1,Stage-2
1,172,68.0,120,80,2,1,0,0,1,50,22.985397512168742,1,Stage-1
1,168,74.0,120,80,1,1,0,0,0,57,26.218820861678008,0,Stage-1
1,153,100.0,160,100,3,1,0,1,1,55,42.71861249946602,1,Stage-2
1,161,101.0,140,90,2,1,0,0,1,51,38.96454612090582,1,Stage-2
1,160,73.0,140,80,1,1,0,0,1,40,28.515624999999993,1,Stage-2
1,154,62.0,110,70,1,1,0,0,1,56,26.14268848035082,0,Normal
1,166,76.0,120,80,3,3,0,0,1,62,27.58020031934969,1,Stage-1
2,158,72.0,120,80,1,1,0,0,1,55,28.841531805800347,0,Stage-1
2,168,68.0,130,80,1,1,0,0,1,60,24.092970521541954,1,Stage-1
2,168,69.0,120,90,2,1,1,0,1,52,24.44727891156463,1,Stage-2
2,170,80.0,120,80,3,1,0,0,1,49,27.68166089965398,1,Stage-1
1,168,75.0,120,80,1,1,0,0,1,59,26.573129251700685,0,Stage-1
1,165,65.0,110,80,1,1,0,0,1,58,23.875114784205696,1,Stage-1
1,182,105.0,150,90,1,1,0,0,0,51,31.69907016060862,1,Stage-2
1,165,69.0,110,80,1,1,0,0,1,50,25.344352617079892,0,Stage-1
1,165,85.0,140,90,1,1,0,0,1,60,31.22130394857668,0,Stage-2
2,165,98.0,145,90,1,1,0,0,1,54,35.99632690541782,1,Stage-2
1,155,75.0,140,90,3,1,0,0,1,61,31.217481789802285,0,Stage-2
1,156,114.0,120,80,1,1,0,0,1,49,46.84418145956607,1,Stage-1
2,178,91.0,120,90,1,1,0,0,1,48,28.721121070571897,1,Stage-2
2,174,110.0,120,80,2,1,0,0,1,39,36.332408508389484,0,Stage-1
1,170,65.0,110,90,1,1,0,0,1,57,22.49134948096886,0,Stage-2
1,163,75.0,120,80,1,1,0,0,1,52,28.228386465429637,1,Stage-1
1,157,60.0,110,90,1,1,0,0,1,39,24.341758286340216,0,Stage-2
1,160,97.0,150,97,1,1,0,1,1,54,37.89062499999999,0,Stage-2
1,164,89.0,120,80,3,1,0,0,1,51,33.09042236763832,1,Stage-1
1,158,85.0,150,80,1,1,0,0,1,57,34.049030604069856,1,Stage-2
2,166,76.0,160,90,3,3,0,0,1,60,27.58020031934969,1,Stage-2
1,166,62.0,130,80,1,1,0,0,1,56,22.49963710262738,0,Stage-1
1,174,75.0,120,80,1,1,0,0,1,45,24.772096710265558,0,Stage-1
1,163,68.0,110,70,1,1,0,0,1,55,25.59373706198954,0,Normal
1,158,73.0,90,60,1,1,0,0,0,40,29.242108636436463,0,Normal
2,170,60.0,120,80,2,1,0,0,1,44,20.761245674740486,1,Stage-1
2,152,70.0,120,80,1,1,0,0,1,50,30.297783933518005,0,Stage-1
1,163,62.0,120,80,1,1,0,0,1,58,23.335466144755166,0,Stage-1
1,158,78.0,130,90,1,1,0,0,1,56,31.244992789617044,1,Stage-2
1,165,77.0,110,70,1,1,0,0,1,54,28.282828282828287,0,Normal
1,165,65.0,120,79,1,2,0,0,0,59,23.875114784205696,0,Elevated
1,175,95.0,100,60,1,1,0,0,1,39,31.020408163265305,0,Normal
1,165,80.0,120,80,1,1,0,0,1,56,29.384756657483933,0,Stage-1
1,153,59.0,130,80,2,2,0,0,1,56,25.20398137468495,0,Stage-1
1,155,57.0,130,80,2,1,0,0,1,60,23.725286160249738,1,Stage-1
1,174,78.0,120,80,1,1,0,0,0,64,25.762980578676178,0,Stage-1
1,158,71.0,130,80,3,1,0,0,1,54,28.44095497516423,1,Stage-1
2,171,67.8,145,85,1,1,1,0,1,53,23.186621524571663,1,Stage-2
1,168,68.0,140,90,1,1,0,0,1,44,24.092970521541954,1,Stage-2
1,156,77.0,110,70,2,1,0,0,1,62,31.640368178829714,1,Normal
2,179,85.0,110,70,2,1,0,0,0,61,26.528510346119035,0,Normal
2,167,61.0,120,80,1,1,0,0,1,57,21.872422819032593,1,Stage-1
2,166,70.0,110,70,1,1,1,0,1,43,25.402816083611555,0,Normal
2,178,78.0,130,70,1,1,1,0,1,62,24.61810377477591,1,Stage-1
2,173,88.0,130,80,2,2,1,0,1,56,29.402920244578837,0,Stage-1
2,178,76.0,120,80,1,1,0,0,1,58,23.98687034465345,0,Stage-1
1,161,78.0,120,80,1,1,0,0,1,50,30.091431657729252,0,Stage-1
2,170,69.0,120,80,1,3,1,1,0,47,23.87543252595156,1,Stage-1
1,163,95.0,125,80,2,1,0,0,1,49,35.75595618954421,0,Stage-1
2,165,59.0,140,90,2,1,0,1,1,53,21.6712580348944,1,Stage-2
1,152,71.0,140,70,3,3,0,0,1,59,30.730609418282548,0,Stage-2
1,140,100.0,140,100,1,1,0,0,1,42,51.020408163265316,1,Stage-2
2,175,81.0,120,80,1,3,0,1,1,52,26.448979591836736,1,Stage-1
1,160,70.0,120,80,2,1,0,0,1,59,27.343749999999996,1,Stage-1
1,165,61.0,100,60,1,1,0,0,1,41,22.4058769513315,0,Normal
2,176,77.0,135,105,2,1,1,0,1,50,24.857954545454547,1,Stage-2
1,156,79.0,140,80,2,1,0,0,1,53,32.462195923734384,1,Stage-2
1,162,72.0,130,80,2,1,0,0,1,49,27.43484224965706,0,Stage-1
1,168,69.0,110,70,2,2,0,0,0,41,24.44727891156463,0,Normal
1,173,65.0,110,80,1,1,0,0,1,51,21.71806608974573,0,Stage-1
1,156,80.0,120,80,1,1,0,0,1,61,32.87310979618672,0,Stage-1
1,163,70.0,110,70,1,1,0,0,1,46,26.346494034400994,0,Normal
2,167,87.0,130,90,1,1,0,0,1,54,31.1950948402596,0,Stage-2
1,159,64.0,120,80,1,1,0,0,1,43,25.315454293738377,0,Stage-1
2,162,78.0,140,90,1,1,0,0,1,48,29.721079103795148,0,Stage-2
1,155,56.0,120,80,1,1,0,0,1,59,23.309053069719038,1,Stage-1
1,167,117.0,140,80,1,1,0,0,1,44,41.95202409552153,1,Stage-2
1,167,70.0,140,90,1,1,0,0,1,51,25.099501595611173,1,Stage-2
1,142,40.0,135,90,2,1,0,0,1,56,19.837333862328904,1,Stage-2
1,166,83.0,130,80,2,2,1,0,1,44,30.120481927710845,0,Stage-1
1,150,55.0,120,70,2,2,0,0,0,45,24.444444444444443,1,Elevated
1,163,67.0,120,80,1,1,0,0,1,43,25.21735857578381,0,Stage-1
1,168,71.0,140,80,1,1,0,0,1,43,25.15589569160998,1,Stage-2
2,170,68.0,120,80,3,3,0,0,1,53,23.529411764705884,1,Stage-1
1,158,98.0,120,80,1,1,0,0,1,46,39.25652940233936,0,Stage-1
2,168,85.0,120,80,1,1,1,0,0,57,30.116213151927443,0,Stage-1
2,170,76.0,125,70,3,3,0,0,0,60,26.29757785467128,1,Elevated
1,161,66.0,140,80,1,2,0,0,0,58,25.461980633463213,1,Stage-2
1,156,60.0,120,90,1,1,0,0,1,53,24.654832347140037,0,Stage-2
1,158,92.0,120,80,2,1,0,0,1,54,36.85306841852267,1,Stage-1
1,163,65.0,120,80,1,1,0,0,0,48,24.46460160337235,0,Stage-1
1,155,86.0,110,80,2,1,0,0,1,51,35.796045785639954,0,Stage-1
1,163,63.0,120,80,3,3,0,0,1,60,23.711844630960897,0,Stage-1
1,150,65.0,120,80,1,1,0,0,1,53,28.88888888888889,0,Stage-1
1,165,70.0,130,100,1,1,0,0,1,64,25.71166207529844,1,Stage-2
2,168,99.0,130,80,2,2,1,1,1,59,35.0765306122449,0,Stage-1
1,166,78.0,130,80,1,1,0,0,1,53,28.305995064595734,1,Stage-1
2,175,70.0,150,90,1,1,0,0,1,55,22.857142857142858,1,Stage-2
2,170,70.0,120,80,1,1,1,0,0,54,24.221453287197235,0,Stage-1
2,163,72.0,140,70,2,1,0,0,1,57,27.09925100681245,1,Stage-2
1,178,61.0,120,80,2,1,0,0,0,50,19.252619618735007,1,Stage-1
2,172,75.0,170,100,2,1,0,0,1,45,25.351541373715524,1,Stage-2
2,172,95.0,135,96,1,1,0,0,1,56,32.11195240670633,0,Stage-2
1,157,75.0,120,80,3,1,0,0,1,59,30.427197857925268,1,Stage-1
2,170,61.0,150,100,1,1,0,0,0,57,21.107266435986162,1,Stage-2
1,168,63.0,110,70,2,1,0,0,0,39,22.321428571428577,0,Normal
2,169,84.0,120,80,1,1,0,0,1,47,29.410734918245165,1,Stage-1
1,160,70.0,140,90,1,1,0,0,1,63,27.343749999999996,1,Stage-2
1,145,67.0,120,80,1,1,0,0,1,64,31.86682520808561,1,Stage-1
1,162,78.0,120,80,1,1,0,0,1,57,29.721079103795148,0,Stage-1
2,179,79.0,120,80,1,1,0,0,1,58,24.65590961580475,0,Stage-1
2,173,96.0,130,100,1,1,1,1,0,43,32.075912994086,1,Stage-2
1,161,88.0,110,70,3,3,1,0,1,55,33.94930751128428,1,Normal
1,164,82.0,172,77,3,1,0,0,1,58,30.487804878048784,1,Stage-2
1,165,66.0,110,70,1,1,0,0,1,51,24.242424242424246,0,Normal
1,158,59.0,110,70,1,1,0,0,1,49,23.634033007530842,0,Normal
2,176,90.0,130,90,1,1,1,0,1,39,29.054752066115704,0,Stage-2
1,160,82.0,140,90,2,1,0,0,0,55,32.03124999999999,1,Stage-2
1,175,76.0,120,80,1,1,0,0,1,46,24.816326530612244,0,Stage-1
2,156,62.0,140,90,3,1,1,1,1,61,25.476660092044707,1,Stage-2
1,181,87.0,120,80,1,1,0,0,1,56,26.555965935105768,0,Stage-1
1,169,77.0,140,90,3,3,0,0,1,59,26.959840341724732,1,Stage-2
1,165,62.0,120,80,1,1,0,0,1,54,22.77318640955005,0,Stage-1
1,172,76.0,130,80,3,1,0,0,1,63,25.689561925365066,1,Stage-1
1,168,65.0,120,70,1,1,0,0,1,52,23.030045351473927,0,Elevated
2,159,74.0,120,80,1,1,0,0,1,63,29.270994027135,0,Stage-1
2,172,90.0,120,80,1,1,0,0,1,50,30.42184964845863,0,Stage-1
2,162,70.0,100,80,3,1,0,1,1,51,26.672763298277697,1,Stage-1
1,165,63.0,140,90,1,2,0,0,1,60,23.140495867768596,0,Stage-2
2,162,64.0,120,70,1,1,0,0,1,40,24.38652644413961,0,Elevated
1,168,58.0,90,60,1,1,0,0,1,39,20.549886621315196,0,Normal
1,163,62.0,120,80,2,1,0,0,1,42,23.335466144755166,1,Stage-1
2,161,66.0,120,80,1,1,0,0,1,45,25.461980633463213,0,Stage-1
1,154,52.0,120,80,1,1,0,0,1,53,21.926125822229718,0,Stage-1
2,167,79.0,120,80,1,1,1,1,1,52,28.326580372189753,0,Stage-1
1,163,74.0,150,80,2,2,0,0,1,48,27.85200797922391,1,Stage-2
2,147,54.0,120,80,2,1,0,0,0,52,24.989587671803417,1,Stage-1
2,170,65.0,130,90,3,1,1,0,1,57,22.49134948096886,1,Stage-2
2,165,65.0,120,80,1,1,0,0,0,40,23.875114784205696,0,Stage-1
1,165,60.0,120,80,1,1,0,0,1,57,22.03856749311295,1,Stage-1
1,163,70.0,140,100,1,1,0,0,1,61,26.346494034400994,1,Stage-2
1,155,52.0,120,80,1,1,0,0,1,60,21.64412070759625,0,Stage-1
1,164,59.0,110,60,3,3,0,0,1,61,21.936347412254616,1,Normal
1,170,81.0,130,80,1,1,0,0,1,39,28.027681660899656,0,Stage-1
2,162,84.0,180,90,1,1,1,0,1,61,32.00731595793324,1,Stage-2
2,165,70.0,120,80,1,1,0,0,1,45,25.71166207529844,0,Stage-1
1,151,94.0,130,80,1,1,0,0,1,48,41.226262006052366,1,Stage-1
2,172,81.0,120,90,1,1,0,0,1,46,27.379664683612766,0,Stage-2
1,159,57.0,120,80,1,1,0,0,1,60,22.54657648036074,1,Stage-1
1,158,65.0,120,80,2,1,0,0,1,43,26.037493991347535,0,Stage-1
1,157,61.0,110,70,1,1,0,0,1,40,24.747454257779218,0,Normal
2,170,84.0,160,90,1,1,0,0,0,62,29.065743944636683,1,Stage-2
1,161,68.0,100,70,1,1,0,0,1,43,26.23355580417422,0,Normal
2,178,93.0,120,80,3,3,1,1,1,41,29.352354500694357,1,Stage-1
1,158,76.0,100,60,1,1,0,0,1,63,30.443839128344813,1,Normal
1,158,62.0,130,80,1,1,0,0,1,60,24.83576349943919,1,Stage-1
1,153,43.0,90,60,1,1,0,0,1,40,18.369003374770386,0,Normal
2,169,72.0,120,80,1,1,0,0,0,55,25.209201358495854,1,Stage-1
2,172,102.0,170,100,1,1,1,1,1,64,34.47809626825311,1,Stage-2
1,157,51.0,100,70,2,1,0,0,1,43,20.690494543389182,1,Normal
1,160,83.0,110,70,3,3,0,0,1,45,32.42187499999999,0,Normal
1,159,55.0,110,70,2,1,0,0,0,53,21.75546853368142,0,Normal
2,168,92.0,150,100,1,1,0,0,1,52,32.596371882086174,1,Stage-2
1,178,75.0,140,90,1,1,0,0,1,63,23.671253629592222,1,Stage-2
1,165,60.0,120,80,1,1,0,0,0,60,22.03856749311295,0,Stage-1
1,154,52.0,120,80,3,1,0,0,1,57,21.926125822229718,1,Stage-1
1,156,52.0,130,80,1,1,0,0,0,60,21.367521367521366,0,Stage-1
1,165,65.0,120,80,1,1,0,0,1,60,23.875114784205696,1,Stage-1
1,167,58.0,120,80,1,1,0,0,0,46,20.796729893506402,0,Stage-1
2,178,113.0,150,100,1,1,1,0,1,44,35.66468880191895,1,Stage-2
2,176,81.0,150,90,1,1,1,1,1,62,26.149276859504134,1,Stage-2
2,169,71.0,120,90,1,1,1,0,1,45,24.859073561850078,0,Stage-2
1,170,75.0,120,60,1,1,0,0,0,48,25.95155709342561,0,Elevated
2,165,65.0,120,80,1,1,0,0,1,55,23.875114784205696,0,Stage-1
2,170,69.0,140,90,1,1,0,0,1,62,23.87543252595156,1,Stage-2
1,159,79.0,150,90,2,2,0,0,0,61,31.24876389383331,1,Stage-2
2,168,85.0,120,80,1,1,1,1,0,56,30.116213151927443,1,Stage-1
2,162,73.0,140,80,1,1,0,0,1,60,27.815881725346742,1,Stage-2
1,158,74.0,120,90,1,1,0,0,1,59,29.642685467072578,0,Stage-2
1,147,61.0,170,120,1,1,0,0,1,64,28.228978666296452,1,Stage-2
2,167,69.0,130,90,1,1,0,0,1,62,24.740937287102444,0,Stage-2
1,165,71.0,140,80,2,1,0,0,1,62,26.07897153351699,1,Stage-2
1,165,78.0,110,70,1,1,0,0,0,41,28.650137741046834,0,Normal
1,167,64.0,120,80,1,1,0,0,0,50,22.948115744558788,0,Stage-1
1,156,54.0,110,70,1,1,0,0,1,59,22.189349112426033,0,Normal
1,177,72.0,170,100,2,1,0,0,1,44,22.981901752370007,0,Stage-2
1,161,78.0,190,110,1,1,0,0,1,57,30.091431657729252,0,Stage-2
2,175,78.0,120,100,3,3,0,0,1,51,25.46938775510204,1,Stage-2
1,162,70.0,140,80,3,3,0,0,1,55,26.672763298277697,1,Stage-2
1,167,80.0,110,70,1,1,0,0,1,39,28.685144680698485,0,Normal
1,150,72.0,120,80,1,1,0,0,1,51,32.0,0,Stage-1
2,168,82.0,140,90,1,1,0,0,1,49,29.053287981859416,1,Stage-2
1,159,51.0,110,70,1,1,0,0,1,59,20.17325264032277,0,Normal
1,170,80.0,120,80,1,1,0,0,0,45,27.68166089965398,0,Stage-1
1,162,79.0,120,80,2,1,0,0,1,51,30.102118579484827,1,Stage-1
1,156,60.0,120,80,1,1,0,0,0,41,24.654832347140037,0,Stage-1
1,162,64.0,130,90,1,1,0,0,1,53,24.38652644413961,0,Stage-2
1,165,63.0,120,80,1,1,0,0,1,57,23.140495867768596,0,Stage-1
1,165,68.0,120,80,1,1,0,0,1,46,24.977043158861342,0,Stage-1
2,170,80.0,140,90,1,1,1,1,1,62,27.68166089965398,1,Stage-2
1,165,75.0,150,90,1,1,0,0,1,62,27.548209366391188,0,Stage-2
1,160,60.0,100,60,1,1,0,0,1,51,23.437499999999996,0,Normal
1,164,67.0,130,70,3,1,0,0,1,57,24.910767400356935,1,Stage-1
1,154,55.0,110,70,1,1,0,0,1,56,23.19109461966605,0,Normal
2,178,65.0,120,80,1,1,1,0,1,49,20.515086478979924,0,Stage-1
1,166,109.0,130,90,1,1,0,0,1,39,39.55581361590942,0,Stage-2
2,172,78.0,120,80,1,1,0,0,1,50,26.365603028664147,0,Stage-1
1,160,60.0,110,70,1,1,0,0,1,57,23.437499999999996,0,Normal
2,161,68.0,160,100,1,1,1,0,1,45,26.23355580417422,1,Stage-2
2,172,93.0,120,90,1,1,0,0,1,51,31.435911303407252,0,Stage-2
2,162,78.0,135,85,1,1,1,0,1,55,29.721079103795148,0,Stage-1
2,168,78.0,140,80,3,3,1,0,1,51,27.636054421768712,1,Stage-2
1,147,65.0,120,80,1,1,0,0,1,57,30.080059234578187,1,Stage-1
2,163,78.0,120,80,1,1,0,0,1,62,29.357521924046825,1,Stage-1
1,160,62.0,110,60,1,1,0,0,1,60,24.218749999999996,0,Normal
1,158,61.0,110,80,1,1,0,0,1,46,24.435186668803073,0,Stage-1
2,174,96.0,120,80,1,2,0,0,1,45,31.708283789139912,1,Stage-1
1,162,76.0,120,80,1,1,0,0,1,48,28.959000152415786,0,Stage-1
1,165,90.0,135,100,1,1,0,0,0,45,33.057851239669425,1,Stage-2
1,168,64.0,120,80,1,1,0,0,1,58,22.67573696145125,0,Stage-1
2,169,94.0,120,80,1,1,0,0,1,56,32.91201288470292,0,Stage-1
1,168,65.0,120,80,1,1,0,0,1,44,23.030045351473927,1,Stage-1
1,147,50.0,100,70,2,1,0,0,1,56,23.138507103521682,0,Normal
1,157,75.0,120,80,1,1,0,0,1,55,30.427197857925268,1,Stage-1
1,165,65.0,120,80,3,3,0,0,1,62,23.875114784205696,1,Stage-1
2,174,77.0,130,80,1,1,0,0,1,54,25.43268595587264,0,Stage-1
2,172,83.0,120,79,1,2,1,0,1,48,28.055705786911847,0,Elevated
1,177,74.0,130,80,3,3,0,0,0,50,23.620287912158062,0,Stage-1
1,172,68.0,120,60,1,1,0,0,0,55,22.985397512168742,1,Elevated
1,156,76.0,120,80,1,1,0,0,1,60,31.22945430637738,0,Stage-1
1,153,62.0,110,70,3,3,0,0,1,63,26.48553974966893,0,Normal
1,149,55.0,120,80,1,1,0,0,0,53,24.77365884419621,0,Stage-1
2,175,82.0,200,110,1,1,1,0,1,46,26.775510204081634,1,Stage-2
1,165,85.0,156,85,1,1,0,0,1,62,31.22130394857668,1,Stage-2
1,170,80.0,140,100,1,1,0,0,1,39,27.68166089965398,1,Stage-2
1,165,102.0,140,90,1,1,0,0,1,59,37.46556473829202,1,Stage-2
2,171,70.0,140,90,1,1,0,0,1,64,23.938989774631512,0,Stage-2
1,163,69.0,140,90,1,1,0,0,1,54,25.970115548195267,1,Stage-2
1,169,68.0,160,90,1,1,0,0,0,56,23.80869017191275,0,Stage-2
1,161,67.0,120,80,2,1,0,0,1,52,25.847768218818715,0,Stage-1
2,167,95.0,140,90,2,2,0,0,0,62,34.06360930832945,0,Stage-2
2,184,87.0,140,100,1,1,1,1,1,60,25.697069943289225,1,Stage-2
2,173,80.0,150,90,1,1,1,0,1,62,26.729927495071667,1,Stage-2
1,156,66.0,141,71,3,1,0,0,1,63,27.12031558185404,1,Stage-2
2,175,72.0,120,80,1,1,0,0,1,46,23.510204081632654,0,Stage-1
2,161,63.0,140,90,1,1,0,0,1,51,24.3046178773967,1,Stage-2
1,168,82.0,140,80,2,1,0,0,1,59,29.053287981859416,0,Stage-2
1,151,65.0,140,90,1,1,0,0,1,54,28.507521599929827,1,Stage-2
1,154,75.0,130,80,3,2,0,0,1,61,31.624219935908247,1,Stage-1
2,178,77.0,160,90,2,2,1,0,0,59,24.302487059714682,1,Stage-2
2,162,65.0,120,80,2,1,0,0,1,58,24.76756591982929,0,Stage-1
1,169,74.0,110,80,1,1,0,0,1,55,25.909456951787405,0,Stage-1
2,175,79.0,140,80,1,1,1,0,1,50,25.79591836734694,1,Stage-2
2,165,74.0,130,70,1,1,0,0,0,62,27.180899908172638,0,Stage-1
1,160,65.0,120,80,1,1,0,0,1,55,25.390624999999996,1,Stage-1
2,162,60.0,120,70,1,1,0,0,1,45,22.86236854138088,0,Elevated
1,165,87.0,160,90,3,1,0,0,1,54,31.95592286501378,1,Stage-2
2,176,72.0,120,80,1,1,0,0,1,50,23.243801652892564,0,Stage-1
1,170,72.0,120,80,3,1,0,0,1,51,24.913494809688583,1,Stage-1
2,182,69.0,150,90,1,1,0,1,1,45,20.830817534114235,1,Stage-2
1,163,90.0,140,89,3,3,0,0,1,59,33.87406375851557,0,Stage-2
1,157,59.0,150,100,1,1,0,0,1,49,23.93606231490121,1,Stage-2
1,155,77.0,90,60,1,1,0,0,1,42,32.04994797086368,0,Normal
1,150,82.0,120,80,3,1,0,0,1,59,36.44444444444444,1,Stage-1
1,155,80.0,130,90,2,2,0,0,1,55,33.29864724245577,1,Stage-2
1,168,74.0,120,80,1,1,0,0,1,63,26.218820861678008,1,Stage-1
2,159,68.0,110,80,1,1,0,0,1,62,26.897670187097027,1,Stage-1
2,177,82.0,110,80,1,1,1,1,1,39,26.173832551310287,0,Stage-1
2,165,75.0,140,90,1,1,0,0,0,58,27.548209366391188,1,Stage-2
1,164,67.0,150,100,2,1,0,0,1,56,24.910767400356935,1,Stage-2
2,165,61.0,150,90,1,1,0,0,1,56,22.4058769513315,1,Stage-2
1,161,123.0,160,90,2,2,0,0,1,63,47.4518729987269,0,Stage-2
1,155,91.0,120,80,1,1,0,0,1,52,37.87721123829344,0,Stage-1
1,164,72.0,130,80,3,3,0,0,1,59,26.769779892920884,0,Stage-1
1,156,70.0,130,80,1,1,0,0,1,55,28.763971071663377,1,Stage-1
1,149,78.0,120,80,2,1,0,0,1,57,35.13355254267826,1,Stage-1
1,168,77.0,120,80,2,1,0,0,0,49,27.281746031746035,1,Stage-1
1,164,80.0,130,90,3,1,0,0,1,47,29.744199881023206,1,Stage-2
1,155,78.0,126,73,2,1,0,0,1,52,32.46618106139438,0,Elevated
2,177,90.0,120,80,1,1,0,0,1,43,28.72737719046251,0,Stage-1
2,176,82.0,110,70,1,1,0,0,1,48,26.47210743801653,1,Normal
1,157,80.0,110,80,1,1,0,0,0,55,32.45567771512029,0,Stage-1
1,161,65.0,120,70,1,1,0,0,0,50,25.076193048107708,0,Elevated
1,156,78.0,110,80,1,1,0,0,1,51,32.05128205128205,0,Stage-1
2,171,85.0,120,80,1,1,0,0,1,43,29.06877329776684,0,Stage-1
2,169,68.0,137,89,1,1,0,0,1,46,23.80869017191275,0,Stage-1
1,164,59.0,120,80,1,1,0,0,1,40,21.936347412254616,0,Stage-1
2,164,67.0,130,80,1,1,0,0,1,39,24.910767400356935,0,Stage-1
2,169,81.0,110,80,1,1,0,0,1,44,28.360351528307834,0,Stage-1
1,165,85.0,150,90,1,1,0,0,1,61,31.22130394857668,1,Stage-2
1,162,100.0,150,100,2,2,0,0,0,63,38.10394756896814,0,Stage-2
1,150,90.0,130,80,1,1,0,0,1,55,40.0,1,Stage-1
2,172,83.0,140,100,1,1,0,0,1,59,28.055705786911847,0,Stage-2
1,152,72.0,110,65,1,1,0,0,1,55,31.16343490304709,0,Normal
1,163,78.0,130,90,1,1,0,0,1,56,29.357521924046825,0,Stage-2
2,160,93.0,120,80,1,1,0,0,1,47,36.32812499999999,0,Stage-1
2,172,95.0,190,100,1,1,0,0,1,62,32.11195240670633,1,Stage-2
1,160,80.0,120,80,1,1,0,0,1,41,31.249999999999993,0,Stage-1
1,160,73.0,110,70,1,1,0,0,1,55,28.515624999999993,0,Normal
2,175,110.0,140,90,3,3,1,0,1,43,35.91836734693877,1,Stage-2
2,170,84.0,130,90,1,1,0,0,1,40,29.065743944636683,1,Stage-2
1,164,52.0,130,80,1,1,0,0,1,50,19.333729922665082,1,Stage-1
2,168,67.0,110,69,2,1,0,0,1,41,23.738662131519277,0,Normal
1,167,60.0,100,60,2,1,0,0,1,53,21.513858510523864,0,Normal
2,186,128.0,130,80,1,2,0,0,1,45,36.99849693606197,1,Stage-1
1,169,65.0,120,80,1,1,0,0,1,45,22.758306781975424,0,Stage-1
1,143,81.0,130,90,3,1,0,0,1,58,39.61073891143822,1,Stage-2
1,160,58.0,120,80,1,1,0,0,1,56,22.656249999999996,1,Stage-1
1,160,72.0,130,90,1,3,0,0,1,55,28.124999999999993,0,Stage-2
1,163,75.0,140,80,1,1,0,0,1,53,28.228386465429637,1,Stage-2
1,165,70.0,120,80,1,1,0,0,1,49,25.71166207529844,0,Stage-1
1,158,79.0,130,80,1,1,0,0,1,60,31.64556962025316,0,Stage-1
1,164,68.0,120,80,1,1,0,0,1,48,25.282569898869724,0,Stage-1
1,160,58.0,120,80,1,1,0,0,1,56,22.656249999999996,0,Stage-1
1,168,96.0,120,80,1,1,0,0,1,39,34.013605442176875,0,Stage-1
2,166,87.0,120,80,1,1,0,0,1,43,31.572071418202935,0,Stage-1
1,168,77.0,120,80,1,1,0,0,0,50,27.281746031746035,1,Stage-1
1,156,46.0,120,80,3,1,0,0,1,53,18.902038132807363,1,Stage-1
1,160,72.0,150,90,1,1,0,0,1,60,28.124999999999993,1,Stage-2
1,146,44.0,120,80,1,1,0,0,0,52,20.64177143929443,0,Stage-1
2,169,70.0,130,100,3,3,0,0,1,63,24.508945765204302,0,Stage-2
1,157,80.0,120,80,1,1,0,0,1,55,32.45567771512029,0,Stage-1
1,165,80.0,120,80,1,1,0,0,1,60,29.384756657483933,0,Stage-1
2,166,58.0,100,70,1,1,1,0,1,58,21.04804761213529,1,Normal
1,156,56.0,120,80,1,1,0,0,0,54,23.011176857330703,0,Stage-1
1,163,79.0,110,80,1,1,0,0,1,63,29.733900410252552,0,Stage-1
1,157,89.0,150,90,1,1,0,0,1,61,36.10694145807132,1,Stage-2
1,168,71.0,120,90,1,1,0,0,1,54,25.15589569160998,0,Stage-2
1,152,48.0,110,80,1,2,0,0,1,59,20.775623268698062,0,Stage-1
1,163,62.0,150,80,1,1,0,0,0,42,23.335466144755166,1,Stage-2
2,175,80.0,120,80,1,1,0,0,1,64,26.122448979591837,1,Stage-1
1,156,68.0,120,80,1,1,0,0,1,60,27.94214332675871,0,Stage-1
2,171,76.0,100,60,1,2,1,0,1,48,25.990903183885642,0,Normal
2,175,84.0,120,80,1,1,0,0,1,53,27.428571428571427,0,Stage-1
2,169,77.0,120,80,1,1,0,0,0,43,26.959840341724732,0,Stage-1
2,160,80.0,120,80,1,1,0,0,1,62,31.249999999999993,1,Stage-1
2,169,79.0,120,80,1,1,0,0,0,54,27.660095935016283,1,Stage-1
1,168,76.0,130,80,1,1,0,0,1,51,26.92743764172336,1,Stage-1
1,168,68.0,120,80,3,3,0,0,1,54,24.092970521541954,0,Stage-1
1,161,56.0,120,80,1,1,0,0,1,45,21.60410477990818,0,Stage-1
1,156,96.0,130,90,1,1,0,0,1,57,39.44773175542406,1,Stage-2
1,160,95.0,120,80,1,1,0,0,1,56,37.10937499999999,1,Stage-1
1,158,93.0,135,90,3,3,0,0,1,55,37.25364524915878,1,Stage-2
2,185,82.0,120,80,1,1,0,0,0,41,23.959094229364496,0,Stage-1
1,152,91.0,140,90,1,1,0,0,1,62,39.387119113573405,1,Stage-2
2,176,87.0,110,70,1,2,0,0,1,50,28.08626033057851,0,Normal
1,168,90.0,140,90,1,3,0,0,1,55,31.88775510204082,1,Stage-2
1,171,80.0,110,60,1,2,1,1,1,39,27.358845456721728,0,Normal
1,155,65.0,120,80,1,1,0,0,1,57,27.055150884495315,0,Stage-1
2,169,65.0,120,70,1,1,0,0,1,42,22.758306781975424,0,Elevated
2,171,70.0,140,90,2,1,0,0,1,59,23.938989774631512,1,Stage-2
1,156,70.0,110,70,1,2,0,0,1,61,28.763971071663377,0,Normal
1,162,86.0,110,80,2,2,0,0,1,58,32.769394909312595,0,Stage-1
1,174,75.0,110,80,1,1,0,0,0,41,24.772096710265558,0,Stage-1
1,160,60.0,120,80,1,1,0,0,1,53,23.437499999999996,0,Stage-1
2,168,64.0,120,80,1,1,0,0,1,54,22.67573696145125,0,Stage-1
1,156,82.0,120,70,1,1,0,0,1,59,33.694937541091385,1,Elevated
2,174,65.0,110,70,1,1,0,0,1,45,21.469150482230148,0,Normal
1,158,94.0,120,80,1,1,0,0,1,57,37.6542220797949,1,Stage-1
1,165,65.0,120,80,1,1,0,0,1,54,23.875114784205696,0,Stage-1
2,174,103.0,130,80,1,1,0,0,0,50,34.020346148764695,0,Stage-1
1,169,65.0,110,70,1,1,0,0,0,51,22.758306781975424,1,Normal
1,162,60.0,130,80,1,1,0,0,1,49,22.86236854138088,0,Stage-1
2,166,84.0,130,80,3,1,0,0,1,54,30.48337930033387,0,Stage-1
1,152,62.0,120,80,1,1,0,0,1,54,26.83518005540166,1,Stage-1
2,160,65.0,120,80,1,1,0,0,0,46,25.390624999999996,0,Stage-1
2,174,65.0,140,80,3,1,0,0,1,58,21.469150482230148,1,Stage-2
1,176,140.0,110,80,1,1,1,0,1,55,45.19628099173554,0,Stage-1
2,174,90.0,130,70,3,1,0,0,1,49,29.72651605231867,1,Stage-1
1,157,56.0,120,80,2,1,0,0,1,57,22.7189744005842,1,Stage-1
2,170,68.0,130,80,3,1,0,0,1,57,23.529411764705884,1,Stage-1
2,180,92.0,120,90,1,1,1,1,1,42,28.39506172839506,0,Stage-2
2,170,69.0,120,80,1,1,0,0,1,45,23.87543252595156,0,Stage-1
1,156,77.0,130,90,1,1,0,0,0,57,31.640368178829714,1,Stage-2
1,168,70.0,120,80,3,3,0,0,1,58,24.801587301587304,1,Stage-1
1,164,64.0,120,80,1,1,0,0,1,57,23.795359904818564,0,Stage-1
1,155,95.0,160,90,2,1,0,0,1,57,39.54214360041623,1,Stage-2
2,169,84.0,120,80,1,1,0,0,1,49,29.410734918245165,0,Stage-1
2,170,80.0,140,70,1,1,0,1,1,53,27.68166089965398,1,Stage-2
1,155,72.0,120,70,1,1,0,0,1,63,29.968782518210194,1,Elevated
1,156,79.0,110,80,1,2,0,0,1,54,32.462195923734384,0,Stage-1
1,163,95.0,160,100,3,3,0,0,1,59,35.75595618954421,1,Stage-2
2,168,82.0,110,80,3,1,1,0,1,61,29.053287981859416,0,Stage-1
1,160,95.0,130,80,2,3,0,0,1,61,37.10937499999999,0,Stage-1
1,164,81.0,130,80,1,1,0,0,1,53,30.116002379535995,1,Stage-1
2,172,88.0,120,80,2,1,0,0,1,52,29.745808545159548,1,Stage-1
1,165,65.0,150,90,2,1,0,0,1,64,23.875114784205696,1,Stage-2
2,165,68.0,120,80,1,1,0,0,1,49,24.977043158861342,0,Stage-1
1,178,80.0,150,90,1,1,0,0,1,56,25.24933720489837,1,Stage-2
1,165,68.0,120,80,1,1,0,0,0,54,24.977043158861342,0,Stage-1
2,160,85.0,130,90,2,1,1,0,0,60,33.20312499999999,1,Stage-2
2,170,75.0,120,80,1,1,0,0,1,58,25.95155709342561,1,Stage-1
2,171,84.0,140,100,1,1,1,0,1,58,28.726787729557817,1,Stage-2
1,175,68.0,120,80,1,1,0,0,1,41,22.20408163265306,1,Stage-1
2,163,70.0,150,90,1,1,1,0,1,64,26.346494034400994,1,Stage-2
1,174,86.0,120,80,1,1,0,0,1,59,28.405337561104506,1,Stage-1
2,160,79.0,160,90,1,1,0,0,1,57,30.859374999999993,0,Stage-2
1,158,60.0,120,80,1,1,0,0,1,59,24.034609838166958,1,Stage-1
2,167,92.0,160,120,2,1,0,0,0,54,32.987916382803256,1,Stage-2
1,146,54.0,160,80,1,1,0,0,1,61,25.333083130043164,1,Stage-2
1,169,88.0,130,90,3,3,0,0,1,57,30.811246104828268,1,Stage-2
1,165,87.0,130,100,1,1,0,0,1,58,31.95592286501378,1,Stage-2
2,178,77.0,110,70,1,1,0,0,1,51,24.302487059714682,0,Normal
1,161,89.0,160,100,1,2,0,0,1,55,34.33509509663978,1,Stage-2
2,164,61.0,160,100,1,2,0,0,1,59,22.679952409280194,1,Stage-2
1,160,64.0,130,90,1,1,0,0,1,53,24.999999999999996,1,Stage-2
1,173,66.0,100,70,2,2,0,1,1,43,22.052190183434128,1,Normal
1,160,65.0,170,100,1,1,0,0,1,61,25.390624999999996,1,Stage-2
1,159,76.0,110,70,3,1,0,0,1,61,30.062101973814325,1,Normal
2,164,66.0,120,75,1,1,0,0,1,62,24.538964901844146,0,Elevated
2,177,114.0,130,80,1,1,0,0,1,43,36.388011107919176,1,Stage-1
2,178,102.0,110,70,1,2,0,0,1,50,32.19290493624542,1,Normal
1,161,75.0,120,80,1,1,0,0,1,62,28.93406890166274,1,Stage-1
1,165,65.0,120,80,1,1,0,0,1,40,23.875114784205696,0,Stage-1
1,164,72.0,120,80,1,1,0,0,1,53,26.769779892920884,0,Stage-1
1,175,78.0,120,80,1,1,0,0,1,60,25.46938775510204,1,Stage-1
2,183,97.0,140,90,1,1,0,0,1,58,28.964734689002356,1,Stage-2
1,156,53.0,120,80,3,3,0,0,1,53,21.7784352399737,0,Stage-1
2,170,66.0,110,70,1,1,0,0,1,54,22.837370242214536,0,Normal
2,167,70.0,170,80,1,1,1,1,1,59,25.099501595611173,1,Stage-2
1,159,64.0,115,80,1,2,0,0,1,46,25.315454293738377,0,Stage-1
1,156,61.0,110,75,1,1,0,0,1,60,25.06574621959237,0,Normal
2,168,70.0,110,60,1,1,0,0,1,45,24.801587301587304,0,Normal
1,165,72.0,120,80,1,1,0,0,1,46,26.44628099173554,0,Stage-1
2,171,89.0,120,80,1,1,0,0,1,45,30.436715570602924,1,Stage-1
1,171,82.0,120,80,1,1,0,0,1,57,28.042816593139772,0,Stage-1
1,168,48.0,110,60,1,1,0,0,1,51,17.006802721088437,0,Normal
1,160,88.0,140,90,1,1,0,0,1,58,34.37499999999999,1,Stage-2
1,159,40.0,100,60,1,1,0,0,1,41,15.822158933586486,0,Normal
2,155,59.0,120,80,1,1,0,0,0,61,24.55775234131113,0,Stage-1
1,173,82.0,120,80,1,1,0,0,1,50,27.39817568244846,0,Stage-1
1,158,85.0,140,90,1,2,0,0,0,57,34.049030604069856,1,Stage-2
2,165,75.0,120,80,1,1,1,0,1,64,27.548209366391188,0,Stage-1
1,160,64.0,100,60,1,1,0,0,1,55,24.999999999999996,0,Normal
1,162,82.0,140,80,1,1,0,0,0,42,31.24523700655387,1,Stage-2
1,160,47.0,110,70,1,1,0,0,1,49,18.359374999999996,0,Normal
1,170,70.0,120,80,1,1,0,0,1,41,24.221453287197235,0,Stage-1
1,160,67.0,120,80,1,1,1,1,1,51,26.171874999999996,0,Stage-1
1,168,68.0,120,80,1,1,0,0,1,54,24.092970521541954,0,Stage-1
2,174,80.0,140,80,2,2,0,0,1,63,26.42356982428326,0,Stage-2
2,175,97.0,110,70,1,2,0,0,1,64,31.6734693877551,0,Normal
1,168,74.0,120,80,1,1,0,0,1,55,26.218820861678008,0,Stage-1
1,165,95.0,160,90,1,1,0,0,1,49,34.894398530762174,1,Stage-2
2,155,78.0,140,70,1,1,0,0,1,53,32.46618106139438,1,Stage-2
1,166,68.0,120,80,1,1,0,0,1,58,24.677021338365513,0,Stage-1
1,160,60.0,120,80,1,1,0,0,1,63,23.437499999999996,0,Stage-1
1,163,95.0,100,70,2,1,0,0,1,42,35.75595618954421,1,Normal
1,162,63.0,120,80,1,1,0,0,1,50,24.005486968449926,0,Stage-1
2,154,54.0,120,80,1,1,0,0,1,50,22.76943835385394,0,Stage-1
1,158,65.0,110,70,1,1,0,0,0,49,26.037493991347535,0,Normal
2,163,66.0,120,80,1,1,0,0,1,48,24.840980089578082,0,Stage-1
1,158,71.0,120,80,2,2,0,0,1,50,28.44095497516423,0,Stage-1
1,156,75.0,120,80,1,1,0,0,1,61,30.818540433925047,1,Stage-1
1,160,96.0,120,83,1,1,0,0,0,58,37.49999999999999,1,Stage-1
2,176,74.0,150,90,2,2,0,0,1,64,23.889462809917354,0,Stage-2
1,168,83.0,160,90,1,1,0,0,1,64,29.40759637188209,1,Stage-2
1,161,74.0,120,80,1,1,0,0,1,53,28.54828131630724,1,Stage-1
2,174,62.0,120,80,2,2,0,0,1,40,20.478266613819528,0,Stage-1
2,180,92.0,110,70,2,1,0,0,0,60,28.39506172839506,0,Normal
2,165,65.0,120,90,1,1,0,0,1,61,23.875114784205696,1,Stage-2
1,150,60.0,120,80,1,1,0,0,0,51,26.666666666666668,0,Stage-1
1,162,113.0,180,100,3,3,0,0,1,61,43.057460752934,1,Stage-2
1,165,76.0,120,80,2,2,0,0,1,61,27.915518824609737,1,Stage-1
1,160,87.0,120,80,1,1,0,0,1,53,33.98437499999999,0,Stage-1
1,150,89.0,140,90,3,3,0,0,1,51,39.55555555555556,0,Stage-2
1,165,67.0,120,80,1,1,0,0,1,49,24.609733700642796,0,Stage-1
2,171,69.0,110,60,1,2,1,1,1,39,23.59700420642249,0,Normal
1,165,70.0,120,90,1,1,0,1,1,57,25.71166207529844,0,Stage-2
2,172,87.0,120,70,1,1,0,0,1,58,29.40778799351001,0,Elevated
1,168,82.0,120,70,1,2,0,0,1,39,29.053287981859416,1,Elevated
1,165,76.0,120,70,1,1,0,0,1,47,27.915518824609737,0,Elevated
2,175,94.0,150,90,1,1,0,0,1,59,30.693877551020407,1,Stage-2
1,165,66.0,120,80,1,1,0,0,1,49,24.242424242424246,0,Stage-1
1,170,70.0,140,80,1,1,0,0,1,50,24.221453287197235,0,Stage-2
1,170,65.0,138,80,1,1,0,0,0,45,22.49134948096886,1,Stage-1
1,165,64.0,140,80,1,1,0,0,1,42,23.507805325987146,1,Stage-2
1,163,78.0,130,90,1,1,0,0,1,43,29.357521924046825,0,Stage-2
1,165,59.0,120,80,1,1,0,0,0,46,21.6712580348944,0,Stage-1
1,160,75.0,120,70,1,1,0,0,0,57,29.296874999999993,0,Elevated
1,149,57.0,120,70,1,1,0,0,1,41,25.674519165803343,0,Elevated
1,160,95.0,130,90,1,1,0,0,0,63,37.10937499999999,0,Stage-2
2,177,93.0,110,70,1,1,0,0,1,55,29.68495643014459,0,Normal
1,167,66.0,140,90,1,1,0,0,1,49,23.66524436157625,1,Stage-2
2,168,75.0,120,80,1,1,0,0,1,58,26.573129251700685,1,Stage-1
1,174,85.0,130,90,1,1,0,0,1,60,28.075042938300964,1,Stage-2
2,164,66.0,120,80,1,1,0,0,0,55,24.538964901844146,1,Stage-1
2,176,93.0,160,89,1,1,1,1,1,53,30.023243801652892,0,Stage-2
2,176,80.0,160,80,1,1,1,1,1,56,25.826446280991735,1,Stage-2
1,158,76.0,130,90,3,2,0,0,0,63,30.443839128344813,0,Stage-2
1,160,70.0,140,90,1,2,0,0,0,60,27.343749999999996,1,Stage-2
1,160,60.0,120,80,1,1,0,0,1,51,23.437499999999996,0,Stage-1
1,167,78.0,120,80,1,1,0,0,1,64,27.968016063681024,1,Stage-1
1,158,56.0,110,70,1,1,0,0,1,55,22.432302515622492,0,Normal
1,157,57.0,150,90,3,3,0,0,1,56,23.124670372023203,1,Stage-2
1,166,90.0,120,80,2,1,0,0,1,63,32.660763536072004,0,Stage-1
1,160,75.0,120,80,1,1,0,0,1,55,29.296874999999993,0,Stage-1
2,164,66.0,120,80,1,1,1,1,1,48,24.538964901844146,0,Stage-1
1,158,69.0,90,60,1,1,0,0,1,55,27.639801313892,0,Normal
2,163,60.0,110,70,2,1,1,0,1,60,22.582709172343712,1,Normal
1,167,74.0,120,80,1,1,0,0,1,49,26.533758829646096,0,Stage-1
2,164,70.0,120,80,3,3,0,0,1,64,26.026174895895306,0,Stage-1
2,172,75.0,110,80,1,1,0,0,1,49,25.351541373715524,0,Stage-1
1,170,69.0,110,70,2,2,0,0,0,64,23.87543252595156,1,Normal
1,166,66.0,120,80,1,1,0,0,1,56,23.95122659311947,1,Stage-1
2,179,85.0,120,80,1,1,1,0,0,61,26.528510346119035,1,Stage-1
2,168,77.0,170,100,3,1,0,0,1,40,27.281746031746035,0,Stage-2
1,160,86.0,140,90,3,1,1,0,1,63,33.59374999999999,0,Stage-2
2,179,72.0,120,80,1,1,0,0,1,59,22.47120876377142,0,Stage-1
1,168,72.0,120,80,3,3,0,0,1,56,25.510204081632658,0,Stage-1
1,162,70.0,105,65,1,2,0,0,1,39,26.672763298277697,0,Normal
1,154,70.0,150,80,1,1,0,0,1,53,29.515938606847698,1,Stage-2
1,175,60.0,120,80,1,1,0,0,1,43,19.591836734693878,0,Stage-1
1,156,80.0,130,80,3,3,0,0,1,49,32.87310979618672,1,Stage-1
2,168,49.0,110,70,1,1,0,0,1,52,17.361111111111114,0,Normal
1,156,70.0,120,80,2,1,0,0,1,57,28.763971071663377,1,Stage-1
1,175,80.0,120,80,1,1,0,0,1,54,26.122448979591837,0,Stage-1
1,156,68.0,150,90,2,2,0,0,1,55,27.94214332675871,0,Stage-2
1,158,69.0,120,80,1,1,0,0,1,55,27.639801313892,0,Stage-1
1,168,68.0,140,80,1,1,0,0,1,62,24.092970521541954,1,Stage-2
2,171,94.0,160,90,1,2,1,0,1,58,32.14664341164803,1,Stage-2
1,168,89.0,130,80,1,1,0,0,1,58,31.533446712018144,0,Stage-1
2,176,83.0,170,120,3,1,0,0,1,62,26.794938016528928,1,Stage-2
2,169,107.0,128,81,1,1,0,0,0,59,37.463674241098005,0,Stage-1
2,165,69.0,140,90,2,1,0,0,1,50,25.344352617079892,1,Stage-2
1,158,72.0,120,80,1,1,0,0,1,50,28.841531805800347,0,Stage-1
2,160,66.0,120,80,1,1,0,0,1,63,25.781249999999996,1,Stage-1
1,169,78.0,120,80,1,1,0,0,0,63,27.309968138370508,1,Stage-1
2,153,65.0,140,90,1,1,0,0,1,45,27.76709812465291,1,Stage-2
1,165,125.0,130,80,1,1,0,0,0,61,45.91368227731865,1,Stage-1
1,169,66.0,90,60,1,1,0,0,1,49,23.1084345786212,0,Normal
2,174,76.0,120,80,1,1,0,0,1,41,25.102391333069097,0,Stage-1
1,151,93.0,140,90,3,1,0,0,1,54,40.78768475066883,1,Stage-2
1,167,77.0,110,70,1,1,0,0,1,43,27.60945175517229,0,Normal
1,168,88.0,130,80,1,1,0,0,1,59,31.17913832199547,0,Stage-1
1,158,76.0,120,80,1,1,0,0,1,64,30.443839128344813,1,Stage-1
1,152,67.0,140,90,2,1,0,0,1,46,28.999307479224377,0,Stage-2
1,174,94.0,140,90,3,2,0,0,1,49,31.04769454353283,0,Stage-2
1,167,75.0,130,100,1,1,0,0,1,39,26.89232313815483,0,Stage-2
2,160,61.0,120,80,2,2,1,1,1,51,23.828124999999996,0,Stage-1
2,174,78.0,120,80,1,1,0,0,1,54,25.762980578676178,0,Stage-1
2,174,115.0,160,70,1,1,0,0,1,58,37.98388162240719,1,Stage-2
1,163,51.0,120,80,1,1,0,0,1,51,19.195302796492154,0,Stage-1
2,164,90.0,140,100,1,1,0,0,1,48,33.462224866151104,1,Stage-2
1,168,69.0,120,80,1,1,0,0,0,51,24.44727891156463,0,Stage-1
1,174,85.0,140,90,1,1,0,0,0,60,28.075042938300964,0,Stage-2
1,165,70.0,110,70,1,1,0,0,1,63,25.71166207529844,1,Normal
1,152,60.0,110,70,1,1,0,0,1,41,25.969529085872576,0,Normal
1,158,67.0,100,70,1,1,0,0,1,43,26.83864765261977,0,Normal
1,164,89.0,140,90,2,2,0,0,1,55,33.09042236763832,1,Stage-2
2,169,104.0,140,80,1,1,1,1,0,56,36.41329085116068,1,Stage-2
2,168,68.0,120,80,1,1,0,0,1,49,24.092970521541954,0,Stage-1
2,183,101.0,190,110,3,3,1,1,1,59,30.15915673803338,1,Stage-2
1,155,76.0,130,80,2,1,0,0,0,63,31.63371488033298,1,Stage-1
2,160,59.0,130,80,3,1,0,0,1,56,23.046874999999996,1,Stage-1
2,195,125.0,145,80,3,3,0,0,1,59,32.87310979618672,1,Stage-2
1,164,92.0,120,70,1,1,0,0,1,63,34.20582986317669,0,Elevated
2,174,94.0,140,90,2,3,0,0,1,54,31.04769454353283,1,Stage-2
2,168,72.0,140,90,1,1,0,0,0,50,25.510204081632658,1,Stage-2
2,167,64.0,120,80,1,1,0,0,1,49,22.948115744558788,1,Stage-1
1,154,98.0,120,80,1,1,0,0,1,57,41.32231404958678,0,Stage-1
1,164,79.0,120,80,1,1,1,1,1,53,29.372397382510414,0,Stage-1
1,164,89.0,160,90,1,1,0,0,1,53,33.09042236763832,1,Stage-2
2,165,62.0,120,80,1,1,0,0,1,53,22.77318640955005,0,Stage-1
1,165,69.0,110,70,1,1,0,0,1,46,25.344352617079892,0,Normal
1,151,51.0,110,70,2,1,1,0,1,42,22.367440024560327,0,Normal
1,166,66.0,120,70,3,3,0,0,1,58,23.95122659311947,1,Elevated
1,132,70.0,110,70,1,2,0,0,1,53,40.17447199265381,1,Normal
1,161,91.0,90,60,3,1,0,0,1,57,35.10667026735079,1,Normal
1,166,85.0,160,90,3,1,0,0,1,49,30.84627667295689,1,Stage-2
1,168,69.0,120,80,2,2,0,0,1,49,24.44727891156463,1,Stage-1
2,168,74.0,110,70,1,1,0,0,1,41,26.218820861678008,0,Normal
2,168,70.0,140,90,1,1,0,0,1,49,24.801587301587304,0,Stage-2
2,171,69.0,120,80,1,1,0,0,1,57,23.59700420642249,0,Stage-1
1,169,79.0,150,90,3,1,0,0,1,56,27.660095935016283,1,Stage-2
1,163,68.0,140,90,1,1,0,0,1,63,25.59373706198954,1,Stage-2
2,166,65.0,120,70,1,1,0,0,1,55,23.588329220496444,1,Elevated
1,160,78.0,140,90,1,2,0,0,1,56,30.468749999999993,0,Stage-2
1,160,64.0,90,60,2,1,0,0,1,39,24.999999999999996,1,Normal
1,166,103.0,140,90,3,3,0,0,1,55,37.37842938017129,0,Stage-2
1,157,76.0,100,60,1,1,0,0,1,53,30.832893829364274,0,Normal
1,155,70.0,170,100,1,1,0,0,1,59,29.1363163371488,1,Stage-2
1,165,78.0,120,70,2,1,0,0,0,46,28.650137741046834,0,Elevated
1,161,58.0,140,90,1,2,0,0,1,58,22.375679950619187,1,Stage-2
2,168,66.0,110,80,1,1,1,0,0,40,23.384353741496604,0,Stage-1
1,159,58.0,120,80,1,1,0,0,1,39,22.942130453700404,0,Stage-1
1,159,91.0,150,95,2,1,1,0,0,63,35.99541157390926,1,Stage-2
1,173,82.0,120,80,1,1,0,0,1,51,27.39817568244846,0,Stage-1
1,164,75.0,130,90,2,1,0,0,1,49,27.885187388459254,0,Stage-2
1,156,71.0,120,80,1,1,0,0,1,44,29.17488494411571,0,Stage-1
1,158,56.0,130,90,1,1,0,0,1,47,22.432302515622492,0,Stage-2
1,156,101.0,150,100,2,1,0,0,1,53,41.50230111768573,0,Stage-2
2,170,75.0,150,90,1,1,0,0,1,54,25.95155709342561,1,Stage-2
1,166,78.0,140,80,2,2,0,0,0,43,28.305995064595734,1,Stage-2
1,178,78.0,120,70,1,1,0,0,1,59,24.61810377477591,0,Elevated
2,180,89.0,120,80,1,1,0,0,1,51,27.469135802469133,1,Stage-1
2,176,64.0,120,80,1,1,0,0,1,61,20.66115702479339,0,Stage-1
1,156,67.0,120,70,3,3,0,0,1,61,27.531229454306374,1,Elevated
2,180,76.0,120,80,1,1,1,0,1,64,23.456790123456788,1,Stage-1
2,162,55.0,130,90,1,1,0,0,0,60,20.957171162932475,1,Stage-2
2,174,75.0,120,80,1,1,0,0,0,63,24.772096710265558,0,Stage-1
2,169,102.0,160,100,2,2,1,1,1,61,35.71303525786913,1,Stage-2
1,160,66.0,120,80,2,1,0,0,1,61,25.781249999999996,1,Stage-1
1,160,60.0,120,79,1,1,0,0,1,59,23.437499999999996,0,Elevated
1,162,84.0,130,80,1,1,0,0,0,61,32.00731595793324,1,Stage-1
2,180,75.0,200,120,1,1,1,1,1,56,23.148148148148145,1,Stage-2
1,162,85.0,140,80,1,1,0,0,1,57,32.38835543362292,0,Stage-2
1,159,64.0,120,80,1,1,0,0,1,50,25.315454293738377,0,Stage-1
2,173,80.0,140,90,2,1,1,0,1,55,26.729927495071667,1,Stage-2
1,157,60.0,110,75,1,2,0,0,0,39,24.341758286340216,1,Normal
1,144,62.0,120,80,1,1,0,0,0,60,29.899691358024693,0,Stage-1
1,160,70.0,130,80,2,1,0,0,0,64,27.343749999999996,1,Stage-1
1,156,72.0,120,80,1,1,0,0,1,44,29.585798816568044,1,Stage-1
1,154,96.0,130,90,1,1,0,0,1,51,40.47900151796256,1,Stage-2
1,153,64.0,120,80,3,1,0,0,0,64,27.339911999658252,1,Stage-1
1,154,48.0,110,80,1,1,0,0,0,48,20.23950075898128,1,Stage-1
2,160,70.0,140,90,3,3,0,0,0,57,27.343749999999996,1,Stage-2
1,170,68.0,120,80,1,1,0,0,0,50,23.529411764705884,0,Stage-1
1,154,61.0,160,80,1,1,0,0,1,63,25.72103221453871,1,Stage-2
1,167,66.0,100,70,1,1,0,0,1,45,23.66524436157625,0,Normal
1,157,56.0,110,80,1,1,0,0,1,53,22.7189744005842,0,Stage-1
2,173,75.0,110,70,1,1,0,0,1,44,25.05930702662969,0,Normal
2,175,103.0,120,80,2,1,0,0,1,49,33.63265306122449,0,Stage-1
1,157,78.0,160,100,3,1,0,0,0,63,31.64428577224228,1,Stage-2
1,151,69.0,120,70,3,3,0,0,0,64,30.26183062146397,1,Elevated
2,160,69.0,160,90,3,1,0,0,1,57,26.953124999999996,1,Stage-2
2,160,88.0,130,90,3,1,0,1,1,49,34.37499999999999,1,Stage-2
1,165,58.0,140,80,1,1,0,0,0,45,21.30394857667585,1,Stage-2
2,174,86.0,120,80,1,1,1,0,0,62,28.405337561104506,1,Stage-1
2,165,67.0,120,80,1,1,0,0,1,64,24.609733700642796,0,Stage-1
2,162,63.0,100,60,2,1,1,0,0,61,24.005486968449926,1,Normal
1,169,85.0,120,80,2,1,0,0,1,50,29.76086271489094,0,Stage-1
2,168,74.0,130,90,1,1,0,0,0,63,26.218820861678008,0,Stage-2
2,161,59.0,150,80,1,1,0,0,1,57,22.76146753597469,0,Stage-2
1,166,66.0,100,60,1,1,0,1,1,59,23.95122659311947,0,Normal
1,160,72.0,120,110,1,1,0,0,1,56,28.124999999999993,1,Stage-2
1,152,101.0,150,100,1,1,0,1,0,45,43.71537396121884,1,Stage-2
1,162,69.0,130,80,3,3,0,0,1,64,26.291723822588015,0,Stage-1
2,164,75.0,120,80,1,1,0,0,0,57,27.885187388459254,0,Stage-1
2,180,81.0,120,80,1,1,1,1,1,43,25.0,0,Stage-1
1,158,83.0,160,100,1,1,0,0,1,59,33.247876942797625,1,Stage-2
1,153,70.0,140,90,1,1,0,0,1,63,29.903028749626213,0,Stage-2
2,171,70.0,150,70,1,1,0,0,1,52,23.938989774631512,1,Stage-2
1,158,73.0,120,70,1,1,0,0,1,43,29.242108636436463,0,Elevated
1,159,73.0,110,80,1,1,0,0,1,49,28.875440053795337,0,Stage-1
1,165,120.0,120,80,1,1,0,0,1,41,44.0771349862259,0,Stage-1
1,158,74.0,120,80,1,1,0,1,1,58,29.642685467072578,1,Stage-1
1,163,65.0,120,80,1,1,0,0,1,54,24.46460160337235,0,Stage-1
1,156,101.0,120,80,1,1,0,0,1,58,41.50230111768573,1,Stage-1
1,145,61.0,150,100,3,3,0,0,1,59,29.01307966706302,1,Stage-2
1,154,44.0,100,80,1,1,0,0,1,39,18.55287569573284,0,Stage-1
2,178,89.0,130,80,1,1,0,0,0,62,28.089887640449437,1,Stage-1
1,162,60.0,160,100,1,1,0,0,1,61,22.86236854138088,1,Stage-2
2,170,69.0,120,80,1,1,0,0,1,57,23.87543252595156,0,Stage-1
1,170,104.0,140,90,2,1,0,0,1,58,35.98615916955018,1,Stage-2
1,170,69.0,130,80,1,1,0,1,1,51,23.87543252595156,1,Stage-1
2,170,64.0,150,80,1,1,1,0,1,58,22.145328719723185,1,Stage-2
1,162,76.0,140,90,1,3,0,0,1,54,28.959000152415786,1,Stage-2
1,157,59.0,130,80,3,1,0,0,1,61,23.93606231490121,1,Stage-1
1,167,75.0,130,90,1,1,0,0,0,58,26.89232313815483,1,Stage-2
1,175,85.0,140,70,1,1,0,0,1,53,27.755102040816325,1,Stage-2
1,165,65.0,120,80,1,1,0,0,0,56,23.875114784205696,0,Stage-1
1,157,67.0,110,70,1,1,0,0,0,59,27.18163008641324,1,Normal
2,170,78.0,150,90,3,3,1,0,1,58,26.989619377162633,1,Stage-2
1,165,58.0,140,80,1,1,0,0,1,60,21.30394857667585,1,Stage-2
1,160,63.0,130,80,1,1,0,0,1,58,24.609374999999996,1,Stage-1
1,165,75.0,120,80,1,1,0,0,0,54,27.548209366391188,1,Stage-1
1,164,73.0,120,80,1,1,1,1,1,39,27.141582391433676,1,Stage-1
2,171,82.0,130,80,1,3,0,0,1,52,28.042816593139772,0,Stage-1
1,163,63.0,120,80,3,3,0,0,0,60,23.711844630960897,1,Stage-1
1,160,80.0,120,80,1,1,0,0,1,52,31.249999999999993,1,Stage-1
2,170,76.0,120,80,1,1,1,0,1,52,26.29757785467128,0,Stage-1
2,157,69.0,110,70,1,1,1,1,1,50,27.993022029291247,0,Normal
1,150,92.0,140,80,1,1,0,0,1,60,40.888888888888886,1,Stage-2
1,156,82.0,140,80,3,3,0,0,0,63,33.694937541091385,1,Stage-2
1,155,66.0,120,80,1,1,0,0,1,51,27.47138397502601,0,Stage-1
1,152,55.0,120,80,1,1,0,0,1,55,23.80540166204986,1,Stage-1
2,166,77.0,145,70,1,1,0,0,1,62,27.94309769197271,1,Stage-2
2,172,94.0,120,80,1,1,0,0,1,44,31.77393185505679,1,Stage-1
1,166,69.0,120,80,1,1,0,0,1,53,25.039918710988534,0,Stage-1
1,154,70.0,120,80,1,1,0,0,0,50,29.515938606847698,0,Stage-1
2,175,75.0,150,80,2,1,0,0,1,63,24.489795918367346,1,Stage-2
1,162,63.0,120,80,1,2,0,0,1,41,24.005486968449926,0,Stage-1
1,160,77.0,120,80,1,1,0,0,1,52,30.078124999999993,0,Stage-1
1,154,115.0,120,80,1,1,0,0,1,60,48.490470568392645,0,Stage-1
1,156,55.0,90,60,1,1,0,0,1,53,22.600262984878366,0,Normal
1,168,66.0,120,90,1,1,0,0,1,56,23.384353741496604,0,Stage-2
2,165,58.0,120,80,1,1,1,0,1,63,21.30394857667585,0,Stage-1
1,157,90.0,160,100,2,1,0,0,1,56,36.51263742951032,1,Stage-2
1,164,97.0,140,60,1,1,0,0,1,48,36.06484235574064,1,Stage-2
1,157,70.0,120,80,1,1,1,0,1,58,28.398718000730252,0,Stage-1
2,160,75.0,120,80,1,1,0,0,0,43,29.296874999999993,0,Stage-1
1,165,80.0,130,110,1,1,0,0,1,52,29.384756657483933,1,Stage-2
1,152,84.0,130,80,1,1,0,0,1,39,36.35734072022161,0,Stage-1
2,174,95.0,130,80,1,1,1,0,1,43,31.37798916633637,1,Stage-1
2,165,62.0,130,80,1,1,0,0,1,63,22.77318640955005,1,Stage-1
2,172,98.0,140,90,1,1,1,0,0,64,33.12601406165495,1,Stage-2
1,160,90.0,140,80,1,1,0,0,1,64,35.15624999999999,1,Stage-2
1,174,135.0,140,90,1,1,0,0,0,59,44.589774078478,1,Stage-2
2,164,82.0,140,90,2,1,0,0,1,42,30.487804878048784,1,Stage-2
2,163,66.0,110,70,1,1,0,0,1,39,24.840980089578082,0,Normal
1,167,60.0,120,80,2,2,0,0,1,55,21.513858510523864,1,Stage-1
1,162,76.0,130,70,1,1,0,0,1,55,28.959000152415786,0,Stage-1
1,156,74.0,120,80,1,1,0,0,1,55,30.407626561472714,0,Stage-1
1,150,60.0,140,90,1,1,0,0,1,57,26.666666666666668,0,Stage-2
1,155,97.0,100,70,1,2,0,0,1,41,40.37460978147762,0,Normal
1,160,72.0,130,80,3,1,0,0,1,57,28.124999999999993,1,Stage-1
1,160,83.0,140,90,2,1,0,0,0,55,32.42187499999999,1,Stage-2
1,166,68.0,120,70,1,1,0,0,1,58,24.677021338365513,1,Elevated
1,168,60.0,120,79,1,1,0,0,0,58,21.258503401360546,1,Elevated
1,156,93.0,140,80,3,1,0,0,1,63,38.21499013806706,1,Stage-2
2,160,68.0,120,80,1,1,0,0,1,56,26.562499999999996,1,Stage-1
1,158,56.0,140,80,3,1,0,0,1,61,22.432302515622492,1,Stage-2
2,170,79.0,120,80,2,2,0,0,1,51,27.33564013840831,0,Stage-1
1,170,104.0,173,103,3,1,0,0,1,50,35.98615916955018,1,Stage-2
2,166,86.0,120,80,1,1,1,0,1,57,31.20917404557991,0,Stage-1
1,163,63.0,110,70,1,1,0,0,1,60,23.711844630960897,0,Normal
1,152,79.0,130,90,1,1,0,0,1,53,34.193213296398895,1,Stage-2
1,152,50.0,120,80,1,1,0,0,0,58,21.641274238227147,0,Stage-1
2,174,74.0,120,80,1,1,0,0,1,61,24.441802087462015,1,Stage-1
1,164,86.0,150,100,3,3,1,0,1,49,31.975014872099948,1,Stage-2
1,156,70.0,110,70,1,2,0,0,1,45,28.763971071663377,0,Normal
1,164,78.0,120,80,1,1,0,0,1,52,29.000594883997625,1,Stage-1
1,157,84.0,120,80,2,1,0,0,1,59,34.0784616008763,0,Stage-1
1,163,64.0,120,70,1,1,0,1,1,53,24.088223117166624,0,Elevated
1,166,92.0,100,70,1,1,0,1,1,42,33.386558281318045,0,Normal
1,162,55.0,120,80,1,1,0,0,0,47,20.957171162932475,0,Stage-1
1,170,65.0,120,80,1,1,0,0,1,49,22.49134948096886,1,Stage-1
1,155,88.0,160,90,1,1,0,0,1,55,36.628511966701346,1,Stage-2
1,166,78.0,130,80,1,1,0,0,1,46,28.305995064595734,0,Stage-1
2,167,69.0,150,100,2,2,0,0,1,49,24.740937287102444,1,Stage-2
2,165,80.0,155,99,1,1,0,0,1,54,29.384756657483933,1,Stage-2
1,152,66.0,110,70,3,1,0,0,0,46,28.566481994459835,0,Normal
1,165,65.0,160,70,1,1,0,0,1,50,23.875114784205696,1,Stage-2
2,162,60.0,150,90,1,1,0,1,1,63,22.86236854138088,0,Stage-2
2,172,68.0,120,80,1,1,0,0,1,61,22.985397512168742,0,Stage-1
2,176,86.0,160,100,1,1,0,0,1,62,27.763429752066116,1,Stage-2
2,171,67.0,100,60,2,2,1,1,1,41,22.91303307000445,1,Normal
2,170,90.0,120,80,1,1,0,0,0,47,31.14186851211073,1,Stage-1
2,179,85.0,120,80,1,1,1,0,1,47,26.528510346119035,0,Stage-1
1,156,64.0,120,80,1,1,0,0,1,50,26.298487836949374,1,Stage-1
1,148,46.0,160,70,1,1,0,0,1,47,21.00073046018992,1,Stage-2
2,174,96.0,140,90,2,1,0,0,0,49,31.708283789139912,1,Stage-2
1,164,72.0,120,70,1,3,0,0,0,51,26.769779892920884,0,Elevated
1,158,62.0,110,80,1,1,0,0,1,50,24.83576349943919,0,Stage-1
1,155,80.0,120,80,2,1,0,0,1,55,33.29864724245577,1,Stage-1
1,163,68.0,120,80,1,1,0,0,0,56,25.59373706198954,0,Stage-1
2,171,85.0,120,80,1,1,0,0,1,54,29.06877329776684,0,Stage-1
1,156,65.0,110,80,1,1,0,0,1,40,26.709401709401707,0,Stage-1
1,168,65.0,120,80,1,1,0,0,0,46,23.030045351473927,1,Stage-1
1,164,105.0,125,80,2,1,0,0,1,53,39.03926234384296,0,Stage-1
1,164,77.0,120,80,1,1,0,0,1,53,28.628792385484836,0,Stage-1
1,159,60.0,110,70,1,1,1,0,1,58,23.73323840037973,0,Normal
1,168,79.0,140,70,2,1,0,0,1,48,27.99036281179139,1,Stage-2
1,173,75.0,130,80,1,1,0,0,1,50,25.05930702662969,1,Stage-1
1,165,75.0,120,80,1,1,0,0,1,40,27.548209366391188,1,Stage-1
2,178,75.0,130,90,1,1,1,0,1,47,23.671253629592222,0,Stage-2
1,171,95.0,170,100,3,1,0,0,1,50,32.488628979857054,1,Stage-2
2,173,78.0,120,80,1,1,0,0,0,48,26.061679307694877,1,Stage-1
1,165,66.0,110,75,2,1,0,0,1,55,24.242424242424246,1,Normal
1,172,69.0,120,80,1,1,0,0,1,61,23.323418063818284,0,Stage-1
1,162,92.0,120,80,1,3,0,0,1,53,35.055631763450684,0,Stage-1
2,182,115.0,130,90,1,1,0,0,1,49,34.71802922352373,1,Stage-2
1,175,80.0,160,90,1,1,0,0,1,45,26.122448979591837,1,Stage-2
1,149,72.0,160,100,1,2,0,0,1,58,32.43097157785685,1,Stage-2
1,168,76.0,110,80,1,1,0,0,1,59,26.92743764172336,0,Stage-1
2,178,80.0,130,90,1,1,0,0,1,55,25.24933720489837,0,Stage-2
1,156,87.0,160,90,3,3,0,0,1,61,35.74950690335305,1,Stage-2
1,163,60.0,120,80,1,1,0,0,1,50,22.582709172343712,0,Stage-1
1,165,85.0,136,86,3,1,0,0,1,62,31.22130394857668,1,Stage-1
1,167,63.0,120,80,2,1,0,0,1,59,22.589551436050055,0,Stage-1
1,165,54.0,120,80,1,1,0,0,1,60,19.834710743801654,0,Stage-1
2,164,76.0,120,90,1,1,0,0,1,64,28.256989886972047,1,Stage-2
1,165,60.0,130,80,1,1,0,0,1,49,22.03856749311295,1,Stage-1
2,168,67.0,120,80,1,1,0,0,1,52,23.738662131519277,0,Stage-1
1,163,84.0,140,100,1,1,0,0,1,52,31.615792841281195,1,Stage-2
1,169,72.0,120,90,1,1,0,1,0,48,25.209201358495854,0,Stage-2
1,155,62.0,120,80,1,1,0,0,1,64,25.806451612903224,0,Stage-1
2,171,78.0,139,80,1,1,1,0,1,46,26.674874320303687,1,Stage-1
1,152,61.0,180,100,2,2,0,0,1,57,26.40235457063712,1,Stage-2
1,162,64.0,120,80,1,1,0,0,1,40,24.38652644413961,0,Stage-1
1,178,85.0,120,60,1,1,0,0,1,63,26.82742078020452,0,Elevated
1,175,84.0,120,80,3,3,0,0,0,50,27.428571428571427,1,Stage-1
2,162,71.0,130,80,1,1,0,0,1,54,27.053802773967377,1,Stage-1
1,165,69.0,140,90,3,1,0,0,1,57,25.344352617079892,1,Stage-2
2,176,109.0,120,80,1,1,1,1,1,55,35.18853305785124,1,Stage-1
2,170,80.0,120,80,1,2,0,0,1,57,27.68166089965398,0,Stage-1
2,176,82.0,115,70,2,1,1,0,1,50,26.47210743801653,0,Normal
1,174,65.0,120,80,1,1,0,0,1,62,21.469150482230148,1,Stage-1
2,174,98.0,140,90,2,2,0,0,1,48,32.368873034747,1,Stage-2
1,158,59.0,140,90,1,1,0,0,1,50,23.634033007530842,1,Stage-2
1,158,82.0,120,80,2,1,0,0,0,59,32.847300112161506,1,Stage-1
1,159,55.0,110,70,1,1,0,0,1,47,21.75546853368142,0,Normal
2,171,65.0,100,60,1,1,0,0,1,61,22.229061933586404,0,Normal
2,175,76.0,120,80,1,1,0,0,1,47,24.816326530612244,1,Stage-1
1,168,86.0,130,80,1,3,0,0,1,50,30.470521541950117,0,Stage-1
1,149,56.0,150,90,1,1,0,0,1,64,25.224089004999776,1,Stage-2
1,165,97.0,120,80,1,1,0,0,1,45,35.62901744719927,0,Stage-1
1,157,76.0,110,70,1,1,0,0,1,43,30.832893829364274,0,Normal
1,163,76.0,130,80,2,1,0,0,0,61,28.604764951635367,1,Stage-1
2,175,96.0,125,100,1,2,0,0,1,41,31.346938775510203,1,Stage-2
1,165,70.0,130,80,1,1,0,0,0,54,25.71166207529844,0,Stage-1
1,167,75.0,120,80,1,1,0,0,0,49,26.89232313815483,1,Stage-1
2,183,90.0,130,70,1,1,0,0,1,62,26.874496103198062,0,Stage-1
1,162,96.0,130,90,3,1,0,0,1,54,36.579789666209415,1,Stage-2
1,173,56.0,160,80,1,1,0,0,1,53,18.710949246550168,0,Stage-2
1,169,80.0,150,85,3,1,0,1,1,51,28.01022373166206,1,Stage-2
1,161,102.0,150,90,1,2,0,0,0,42,39.35033370626133,1,Stage-2
1,157,69.0,150,90,3,1,0,0,1,59,27.993022029291247,1,Stage-2
2,166,100.0,120,80,1,1,0,0,1,57,36.289737262302225,0,Stage-1
1,160,83.0,140,80,1,1,0,0,0,57,32.42187499999999,0,Stage-2
1,164,90.0,130,80,3,1,0,0,1,61,33.462224866151104,0,Stage-1
1,163,65.0,120,70,1,1,0,0,0,50,24.46460160337235,1,Elevated
1,168,74.0,140,100,3,1,0,0,1,64,26.218820861678008,1,Stage-2
1,160,88.0,110,70,1,1,0,0,1,56,34.37499999999999,0,Normal
1,160,72.0,145,100,2,1,0,0,1,57,28.124999999999993,1,Stage-2
1,166,70.0,120,80,1,1,0,0,1,49,25.402816083611555,1,Stage-1
1,164,65.0,120,70,1,1,0,0,1,45,24.167162403331353,0,Elevated
1,154,69.0,124,76,1,1,0,0,1,49,29.094282341035587,0,Elevated
1,165,55.0,120,80,1,1,0,0,1,55,20.202020202020204,0,Stage-1
1,158,56.0,130,95,1,1,0,0,1,61,22.432302515622492,1,Stage-2
1,165,82.0,110,70,1,1,0,0,0,39,30.119375573921033,0,Normal
1,149,55.0,120,70,3,1,0,0,1,64,24.77365884419621,1,Elevated
2,170,85.0,140,95,3,1,0,0,1,58,29.411764705882355,1,Stage-2
1,168,71.0,110,70,2,1,0,0,1,60,25.15589569160998,1,Normal
1,153,62.0,110,70,1,1,0,0,0,53,26.48553974966893,0,Normal
1,170,70.0,120,70,1,1,0,0,0,50,24.221453287197235,0,Elevated
2,173,90.0,130,90,2,1,0,0,1,42,30.071168431955627,1,Stage-2
1,158,58.0,100,70,2,1,0,0,1,57,23.233456176894723,0,Normal
1,158,55.0,120,80,1,1,0,0,1,53,22.031725684986377,0,Stage-1
2,157,80.0,120,80,1,1,1,0,1,48,32.45567771512029,0,Stage-1
1,149,76.0,120,80,3,3,0,0,1,49,34.232692221071126,1,Stage-1
1,169,70.0,120,80,1,1,0,0,1,54,24.508945765204302,0,Stage-1
2,170,75.0,130,100,1,1,0,0,0,57,25.95155709342561,0,Stage-2
2,162,62.0,120,80,2,1,0,0,1,52,23.624447492760247,0,Stage-1
1,158,60.0,110,70,1,1,1,0,1,55,24.034609838166958,0,Normal
2,172,81.0,120,80,1,1,0,0,1,39,27.379664683612766,0,Stage-1
2,160,90.0,160,90,2,1,0,0,1,61,35.15624999999999,1,Stage-2
1,172,75.0,120,80,3,3,0,0,1,58,25.351541373715524,0,Stage-1
1,151,74.0,120,90,1,1,0,0,1,49,32.45471689838165,0,Stage-2
2,175,95.0,130,70,1,1,0,0,0,40,31.020408163265305,1,Stage-1
2,160,63.0,120,80,1,1,0,0,1,60,24.609374999999996,1,Stage-1
1,157,66.0,100,70,1,1,0,0,1,46,26.775934114974238,0,Normal
1,165,81.0,120,80,1,1,0,0,1,46,29.752066115702483,0,Stage-1
1,161,56.0,100,70,1,1,0,0,1,52,21.60410477990818,0,Normal
2,167,80.0,160,110,2,1,0,0,1,60,28.685144680698485,1,Stage-2
1,152,71.0,130,80,3,3,0,0,1,40,30.730609418282548,0,Stage-1
1,167,74.0,120,80,1,1,0,0,1,52,26.533758829646096,0,Stage-1
1,163,75.0,120,69,1,1,0,1,1,41,28.228386465429637,0,Elevated
1,160,67.0,160,90,1,1,0,0,1,55,26.171874999999996,1,Stage-2
2,176,90.0,120,90,2,1,0,0,1,42,29.054752066115704,1,Stage-2
1,169,75.0,120,80,1,1,0,0,1,49,26.25958474843318,0,Stage-1
2,170,75.0,120,80,1,1,1,0,1,52,25.95155709342561,0,Stage-1
1,167,87.0,130,80,1,1,0,0,1,55,31.1950948402596,1,Stage-1
1,154,58.0,120,90,1,1,0,0,1,47,24.456063417102378,0,Stage-2
1,164,70.0,120,80,1,1,0,0,1,54,26.026174895895306,1,Stage-1
1,170,80.0,150,90,2,1,0,0,0,64,27.68166089965398,1,Stage-2
1,164,74.0,110,70,2,1,0,0,1,58,27.513384889946465,0,Normal
1,158,73.0,120,80,1,1,0,0,0,56,29.242108636436463,0,Stage-1
1,155,62.0,120,80,1,1,0,0,1,59,25.806451612903224,0,Stage-1
2,165,70.0,170,110,1,1,0,0,0,52,25.71166207529844,1,Stage-2
2,168,72.0,120,80,1,1,0,0,1,57,25.510204081632658,0,Stage-1
1,167,73.0,100,70,1,1,0,0,0,46,26.175194521137367,0,Normal
1,158,65.0,120,80,1,3,0,0,1,56,26.037493991347535,0,Stage-1
2,170,90.0,140,90,1,1,1,0,1,46,31.14186851211073,1,Stage-2
1,162,61.0,120,80,1,1,0,0,0,48,23.243408017070564,1,Stage-1
1,156,56.0,130,90,2,2,0,0,1,39,23.011176857330703,0,Stage-2
1,151,76.0,120,60,1,1,0,0,1,52,33.33187140914872,1,Elevated
1,158,97.0,120,80,1,1,0,0,0,45,38.85595257170325,0,Stage-1
1,170,61.0,110,70,1,1,0,0,1,45,21.107266435986162,0,Normal
2,169,69.0,120,80,3,3,0,0,1,60,24.158817968558527,0,Stage-1
1,156,55.0,110,80,1,1,0,0,1,57,22.600262984878366,1,Stage-1
1,164,64.0,120,80,1,1,0,0,1,58,23.795359904818564,0,Stage-1
2,172,82.0,120,80,2,1,0,0,1,51,27.717685235262305,1,Stage-1
1,180,69.0,140,100,1,1,0,0,0,49,21.296296296296294,0,Stage-2
1,162,46.0,110,70,1,1,0,0,1,61,17.527815881725342,0,Normal
2,175,72.0,120,80,1,1,1,1,1,43,23.510204081632654,1,Stage-1
2,168,65.0,130,90,1,1,0,0,1,62,23.030045351473927,1,Stage-2
2,176,104.0,140,80,1,1,1,1,0,42,33.574380165289256,1,Stage-2
1,161,91.0,100,80,2,1,0,0,1,57,35.10667026735079,0,Stage-1
2,176,90.0,110,80,1,1,0,0,0,50,29.054752066115704,0,Stage-1
1,163,75.0,110,70,1,1,0,0,1,57,28.228386465429637,1,Normal
2,172,76.0,120,80,1,1,0,0,1,55,25.689561925365066,1,Stage-1
1,168,68.0,130,90,1,1,0,0,0,60,24.092970521541954,1,Stage-2
1,163,93.0,130,80,2,1,0,0,1,55,35.00319921713275,1,Stage-1
1,154,59.0,110,80,2,1,0,0,0,51,24.87771968291449,0,Stage-1
2,171,97.0,130,80,1,1,1,0,1,52,33.1726001162751,1,Stage-1
2,164,76.0,120,80,1,1,0,0,1,58,28.256989886972047,0,Stage-1
2,159,57.0,120,80,1,3,0,0,1,59,22.54657648036074,1,Stage-1
1,161,62.0,120,80,1,1,0,0,1,54,23.9188302920412,0,Stage-1
2,175,64.0,150,100,3,3,1,0,1,56,20.897959183673468,0,Stage-2
2,161,58.0,120,70,1,1,0,0,1,62,22.375679950619187,0,Elevated
1,160,96.0,130,90,1,1,0,0,1,62,37.49999999999999,0,Stage-2
2,160,105.0,130,80,3,3,0,0,1,55,41.01562499999999,0,Stage-1
2,165,54.0,110,80,1,1,0,0,1,40,19.834710743801654,0,Stage-1
1,153,50.0,110,70,1,1,0,0,1,40,21.35930624973301,1,Normal
2,175,78.0,120,60,1,1,0,0,1,50,25.46938775510204,0,Elevated
1,171,86.0,120,80,1,1,0,0,0,52,29.410758865975858,1,Stage-1
1,153,73.0,140,100,1,1,0,0,1,55,31.184587124610193,1,Stage-2
1,152,53.0,150,90,3,3,1,0,1,61,22.939750692520775,1,Stage-2
2,169,70.0,145,60,1,1,1,1,0,55,24.508945765204302,1,Stage-2
1,164,57.0,90,60,1,1,0,0,1,60,21.192742415229034,0,Normal
1,155,57.0,120,70,1,1,0,0,1,53,23.725286160249738,0,Elevated
1,167,65.0,110,70,3,3,0,0,1,42,23.306680053067517,0,Normal
1,160,92.0,140,90,1,1,0,0,1,51,35.93749999999999,1,Stage-2
2,165,63.0,120,80,1,1,0,0,1,47,23.140495867768596,0,Stage-1
2,170,75.0,120,80,1,1,0,0,1,43,25.95155709342561,1,Stage-1
1,161,63.0,100,70,1,1,0,0,1,57,24.3046178773967,0,Normal
1,168,71.0,120,80,1,1,0,0,1,48,25.15589569160998,0,Stage-1
1,158,59.0,120,80,2,1,0,0,1,41,23.634033007530842,1,Stage-1
1,163,72.0,110,70,1,1,0,0,0,57,27.09925100681245,0,Normal
2,170,65.0,140,80,2,1,1,1,1,48,22.49134948096886,0,Stage-2
1,165,65.0,120,80,1,1,0,0,1,52,23.875114784205696,1,Stage-1
2,174,65.0,120,80,1,1,0,0,1,56,21.469150482230148,1,Stage-1
1,168,75.0,120,80,2,2,0,0,0,54,26.573129251700685,0,Stage-1
2,157,62.0,155,85,1,1,0,0,0,50,25.153150229218223,1,Stage-2
1,156,61.0,90,70,1,1,0,0,1,46,25.06574621959237,0,Normal
2,163,65.0,120,80,1,1,0,0,0,52,24.46460160337235,0,Stage-1
1,179,66.0,120,80,2,1,0,0,0,57,20.598608033457133,1,Stage-1
2,170,72.0,125,80,1,1,0,0,1,62,24.913494809688583,0,Stage-1
2,171,69.0,110,79,1,1,0,0,1,47,23.59700420642249,0,Normal
1,170,75.0,130,80,1,1,0,0,1,52,25.95155709342561,0,Stage-1
1,174,100.0,120,80,1,1,0,0,1,59,33.029462280354075,0,Stage-1
1,170,77.0,120,80,1,1,0,0,1,51,26.643598615916957,0,Stage-1
1,157,73.0,120,80,1,2,0,0,1,52,29.61580591504726,0,Stage-1
1,164,64.0,120,70,1,1,0,0,0,60,23.795359904818564,0,Elevated
1,166,73.0,110,70,1,1,0,0,1,41,26.491508201480624,0,Normal
1,168,70.0,110,70,1,1,0,0,0,52,24.801587301587304,1,Normal
2,186,85.0,110,70,1,1,0,0,1,54,24.56931437160365,0,Normal
1,165,55.0,120,60,1,1,0,0,0,54,20.202020202020204,0,Elevated
1,162,62.0,120,80,1,1,0,0,1,57,23.624447492760247,1,Stage-1
1,160,80.0,120,80,1,1,0,0,1,47,31.249999999999993,0,Stage-1
2,167,78.0,140,80,1,1,0,0,1,61,27.968016063681024,1,Stage-2
2,170,69.0,120,79,1,1,0,0,0,58,23.87543252595156,1,Elevated
1,155,56.0,140,90,1,1,0,0,1,60,23.309053069719038,1,Stage-2
2,176,79.0,130,80,1,1,0,0,1,61,25.50361570247934,1,Stage-1
1,164,90.0,120,80,1,1,0,0,1,62,33.462224866151104,0,Stage-1
1,172,70.0,130,80,1,1,0,0,1,49,23.661438615467823,0,Stage-1
2,168,68.0,120,80,1,1,0,0,1,53,24.092970521541954,0,Stage-1
2,165,70.0,120,70,1,1,0,0,1,55,25.71166207529844,0,Elevated
2,185,82.0,110,70,3,1,1,0,1,51,23.959094229364496,1,Normal
1,165,93.0,130,90,2,1,0,0,0,49,34.159779614325075,1,Stage-2
1,163,61.0,120,80,1,1,0,0,1,60,22.95908765854944,1,Stage-1
2,162,74.0,150,80,1,1,0,0,0,57,28.19692120103642,1,Stage-2
2,178,78.0,120,80,1,1,0,0,1,58,24.61810377477591,0,Stage-1
2,170,90.0,140,90,1,1,0,0,1,53,31.14186851211073,1,Stage-2
1,160,75.0,120,80,1,1,0,0,1,50,29.296874999999993,0,Stage-1
1,162,70.0,120,80,1,1,0,0,1,59,26.672763298277697,1,Stage-1
1,166,101.0,150,100,2,3,0,0,1,55,36.65263463492524,1,Stage-2
2,183,89.0,120,80,1,1,0,0,1,51,26.575890590940304,0,Stage-1
1,164,50.0,110,80,1,1,0,0,1,50,18.590124925639504,0,Stage-1
1,169,65.0,120,80,1,2,0,0,1,57,22.758306781975424,0,Stage-1
1,160,69.0,130,90,3,1,0,0,1,47,26.953124999999996,1,Stage-2
1,158,70.0,110,70,1,1,0,0,1,45,28.040378144528116,0,Normal
1,150,60.0,150,100,1,1,0,0,0,64,26.666666666666668,1,Stage-2
1,159,91.0,140,80,3,3,0,0,1,48,35.99541157390926,1,Stage-2
1,162,112.0,120,80,3,3,0,0,1,61,42.676421277244316,0,Stage-1
1,151,69.0,140,80,2,1,0,0,1,45,30.26183062146397,0,Stage-2
2,176,83.0,120,80,1,3,1,0,1,58,26.794938016528928,1,Stage-1
1,168,74.0,120,80,1,1,0,0,0,53,26.218820861678008,0,Stage-1
1,160,54.0,120,80,2,1,0,0,1,58,21.093749999999996,0,Stage-1
1,156,62.0,110,70,1,1,0,0,1,45,25.476660092044707,0,Normal
2,170,69.0,130,70,1,1,0,0,1,42,23.87543252595156,1,Stage-1
1,155,110.0,135,69,3,3,0,0,0,55,45.785639958376684,0,Stage-1
2,170,80.0,120,80,1,1,0,0,1,41,27.68166089965398,0,Stage-1
1,168,70.0,125,80,1,1,0,1,1,59,24.801587301587304,0,Stage-1
1,153,57.0,120,70,1,1,0,0,1,39,24.34960912469563,0,Elevated
1,162,58.0,90,60,1,1,0,0,0,53,22.10028959000152,0,Normal
1,164,62.0,100,60,1,1,0,0,1,54,23.051754907792983,0,Normal
2,167,91.0,120,80,1,1,1,0,1,46,32.62935207429452,0,Stage-1
1,161,71.0,120,80,1,1,0,0,1,47,27.390918560240728,1,Stage-1
2,165,50.0,100,60,1,1,0,0,1,42,18.36547291092746,0,Normal
1,166,79.0,130,79,3,2,0,0,1,61,28.668892437218755,1,Stage-1
1,160,60.0,120,80,1,1,0,0,1,53,23.437499999999996,0,Stage-1
2,171,79.0,130,90,1,1,1,0,1,49,27.01685988851271,0,Stage-2
1,170,110.0,140,90,2,1,0,0,1,59,38.062283737024224,0,Stage-2
1,170,78.0,120,80,1,1,0,0,1,64,26.989619377162633,1,Stage-1
2,175,95.0,140,80,1,1,0,0,1,61,31.020408163265305,1,Stage-2
1,147,63.0,120,80,1,1,0,0,1,49,29.15451895043732,1,Stage-1
1,168,72.0,110,70,1,1,0,0,1,44,25.510204081632658,0,Normal
1,163,66.0,110,70,1,1,0,0,1,59,24.840980089578082,0,Normal
1,157,84.0,160,100,3,1,0,0,1,63,34.0784616008763,0,Stage-2
1,160,83.0,110,80,1,1,0,0,0,49,32.42187499999999,0,Stage-1
2,165,62.0,130,90,1,1,0,0,1,60,22.77318640955005,1,Stage-2
2,170,62.0,120,80,1,1,1,0,1,43,21.453287197231838,0,Stage-1
1,157,86.0,140,80,1,1,0,0,1,47,34.889853543754306,0,Stage-2
2,170,85.0,130,90,1,3,0,0,1,48,29.411764705882355,1,Stage-2
2,167,75.0,120,80,1,1,0,0,0,60,26.89232313815483,0,Stage-1
2,175,70.0,140,80,1,1,0,0,1,48,22.857142857142858,1,Stage-2
2,163,71.0,120,80,3,1,0,0,1,48,26.722872520606725,1,Stage-1
2,156,55.0,130,80,1,1,0,0,1,60,22.600262984878366,1,Stage-1
1,168,64.0,130,90,1,1,0,0,1,49,22.67573696145125,0,Stage-2
1,158,80.0,120,80,1,1,0,0,1,40,32.046146450889275,0,Stage-1
1,151,100.0,150,100,3,3,0,1,1,53,43.857725538353584,0,Stage-2
1,161,68.0,130,80,1,1,0,0,1,46,26.23355580417422,1,Stage-1
2,160,70.0,110,80,1,1,0,0,0,51,27.343749999999996,0,Stage-1
1,169,62.0,120,80,3,3,0,0,1,58,21.707923392038097,1,Stage-1
1,159,62.0,120,80,1,1,0,0,1,43,24.524346347059055,0,Stage-1
2,176,70.0,120,79,1,1,0,0,1,46,22.59814049586777,1,Elevated
1,166,68.0,110,70,3,1,0,0,1,54,24.677021338365513,1,Normal
1,150,67.0,120,80,3,3,0,0,0,55,29.77777777777778,1,Stage-1
2,170,88.0,150,90,2,3,0,0,1,60,30.449826989619382,1,Stage-2
1,164,80.0,130,80,1,1,0,0,1,55,29.744199881023206,1,Stage-1
1,159,49.0,120,70,1,1,0,0,1,45,19.382144693643447,0,Elevated
1,170,68.0,120,80,1,1,0,0,1,57,23.529411764705884,0,Stage-1
1,169,76.0,120,80,2,2,0,0,0,41,26.609712545078956,0,Stage-1
1,156,68.0,120,80,1,1,0,0,1,59,27.94214332675871,1,Stage-1
2,181,62.0,120,80,1,1,0,0,0,47,18.924941241109856,0,Stage-1
2,172,92.0,120,80,1,1,0,0,1,64,31.09789075175771,1,Stage-1
1,157,64.0,120,80,1,1,0,0,1,39,25.96454217209623,0,Stage-1
2,176,127.0,130,90,2,2,1,1,1,46,40.999483471074385,1,Stage-2
1,149,52.0,125,80,2,1,0,0,1,57,23.422368361785505,1,Stage-1
1,164,70.0,120,80,2,1,0,0,1,63,26.026174895895306,0,Stage-1
2,168,63.0,120,70,1,1,0,0,1,58,22.321428571428577,1,Elevated
2,162,60.0,120,80,1,1,0,0,1,53,22.86236854138088,0,Stage-1
2,168,69.0,140,100,1,1,0,0,1,64,24.44727891156463,1,Stage-2
2,173,76.0,110,80,1,1,0,0,0,63,25.393431120318084,1,Stage-1
2,169,63.0,115,70,1,1,1,1,1,49,22.058051188683873,0,Normal
2,173,83.0,130,80,1,1,0,0,1,47,27.732299776136855,1,Stage-1
2,169,75.0,120,80,1,1,0,0,1,61,26.25958474843318,0,Stage-1
1,172,135.0,160,90,2,1,0,0,1,40,45.63277447268794,1,Stage-2
1,170,68.0,120,80,1,1,0,0,1,59,23.529411764705884,1,Stage-1
1,161,86.0,110,70,2,1,0,0,1,58,33.17773234057328,0,Normal
2,165,74.0,110,70,1,1,0,0,1,49,27.180899908172638,0,Normal
2,163,82.0,140,90,1,1,0,1,1,59,30.863035868869737,0,Stage-2
2,178,82.0,140,90,1,1,0,0,1,44,25.88057063502083,1,Stage-2
1,156,67.0,124,84,1,1,0,0,0,59,27.531229454306374,0,Stage-1
2,180,85.0,160,90,1,2,0,0,1,41,26.234567901234566,1,Stage-2
1,155,97.0,140,90,1,2,0,0,1,60,40.37460978147762,1,Stage-2
2,163,68.0,110,70,1,1,0,0,1,57,25.59373706198954,0,Normal
1,161,90.0,142,85,3,2,0,0,1,55,34.72088268199529,1,Stage-2
2,174,65.0,120,80,1,1,0,0,1,53,21.469150482230148,0,Stage-1
1,154,63.0,140,90,1,1,0,0,0,58,26.564344746162927,1,Stage-2
2,170,68.0,120,80,1,2,0,0,1,48,23.529411764705884,0,Stage-1
1,157,52.0,120,70,1,1,0,0,1,46,21.096190514828187,0,Elevated
1,168,103.0,110,70,1,1,0,0,0,51,36.49376417233561,1,Normal
1,167,89.0,90,60,2,1,0,0,1,47,31.912223457277065,0,Normal
1,166,71.0,120,80,1,1,0,0,1,52,25.76571345623458,0,Stage-1
1,155,69.0,120,80,3,3,0,0,1,40,28.720083246618103,0,Stage-1
2,165,70.0,120,80,1,1,0,0,1,50,25.71166207529844,0,Stage-1
1,152,70.0,110,80,1,3,0,0,1,45,30.297783933518005,0,Stage-1
2,152,73.0,140,90,1,1,0,0,1,60,31.596260387811633,1,Stage-2
1,155,71.0,130,70,1,1,0,0,0,56,29.552549427679498,0,Stage-1
1,162,109.0,134,89,1,1,0,1,1,53,41.53330285017527,1,Stage-1
1,165,85.0,130,80,1,1,0,0,1,63,31.22130394857668,1,Stage-1
1,165,69.0,120,80,1,1,0,0,0,59,25.344352617079892,1,Stage-1
1,160,84.0,100,80,1,1,0,0,0,53,32.81249999999999,0,Stage-1
1,170,61.0,120,80,1,1,0,0,1,44,21.107266435986162,0,Stage-1
2,169,73.0,120,80,2,2,1,0,0,53,25.55932915514163,1,Stage-1
1,165,73.0,100,70,1,1,0,0,1,44,26.813590449954088,0,Normal
2,170,95.0,120,80,1,1,0,0,1,54,32.871972318339104,1,Stage-1
1,159,68.0,120,90,1,1,0,0,1,64,26.897670187097027,0,Stage-2
1,162,60.0,120,80,1,1,0,0,1,63,22.86236854138088,0,Stage-1
1,162,91.0,110,80,1,1,0,0,1,57,34.67459228776101,0,Stage-1
1,165,65.0,140,90,1,2,0,0,0,58,23.875114784205696,1,Stage-2
1,153,53.0,150,103,1,1,0,0,1,50,22.64086462471699,1,Stage-2
2,168,67.0,120,80,1,1,0,0,1,59,23.738662131519277,1,Stage-1
1,156,82.0,130,80,1,1,0,0,1,51,33.694937541091385,1,Stage-1
1,156,65.0,110,70,2,1,0,0,1,43,26.709401709401707,1,Normal
1,165,94.0,110,70,1,1,0,0,1,49,34.527089072543625,0,Normal
1,170,90.0,180,100,2,2,0,0,1,45,31.14186851211073,1,Stage-2
1,165,75.0,120,80,1,1,0,0,1,58,27.548209366391188,0,Stage-1
1,156,78.0,120,80,3,3,0,0,1,53,32.05128205128205,1,Stage-1
1,168,65.0,120,80,1,1,0,0,0,54,23.030045351473927,0,Stage-1
2,174,70.0,120,70,1,1,0,0,1,46,23.120623596247853,1,Elevated
2,160,52.0,120,80,1,1,0,0,1,52,20.312499999999996,0,Stage-1
1,170,60.0,110,80,1,1,0,0,1,49,20.761245674740486,0,Stage-1
2,176,69.0,120,80,2,1,0,0,1,49,22.275309917355372,0,Stage-1
2,172,93.0,120,80,1,1,0,0,1,61,31.435911303407252,1,Stage-1
1,167,75.0,125,75,2,1,0,0,0,56,26.89232313815483,0,Elevated
2,170,99.0,130,70,1,1,0,0,1,51,34.256055363321806,1,Stage-1
2,179,82.0,120,70,1,1,0,0,0,61,25.592209980961893,0,Elevated
1,165,63.0,90,70,1,1,0,0,0,49,23.140495867768596,0,Normal
1,168,65.0,120,80,3,3,0,0,0,58,23.030045351473927,1,Stage-1
1,160,83.0,130,80,2,1,0,0,0,60,32.42187499999999,1,Stage-1
1,174,70.0,110,70,1,1,0,0,1,54,23.120623596247853,0,Normal
1,152,99.0,130,90,3,1,0,0,1,59,42.84972299168975,1,Stage-2
1,150,54.0,130,90,1,1,0,0,0,59,24.0,1,Stage-2
1,175,110.0,140,90,3,3,0,0,0,62,35.91836734693877,1,Stage-2
1,155,110.0,140,90,3,2,0,0,0,63,45.785639958376684,1,Stage-2
1,157,68.0,120,80,1,1,0,0,1,57,27.587326057852245,1,Stage-1
2,178,74.0,120,80,1,1,1,1,1,39,23.355636914530994,0,Stage-1
2,176,67.0,100,70,1,1,1,0,1,47,21.62964876033058,0,Normal
2,162,79.0,140,90,1,1,1,0,0,48,30.102118579484827,1,Stage-2
2,149,83.0,130,90,1,1,0,0,0,62,37.3857033466961,0,Stage-2
1,160,60.0,120,80,1,1,0,0,1,45,23.437499999999996,1,Stage-1
1,159,66.0,123,77,1,1,0,0,1,51,26.106562240417702,0,Elevated
2,169,68.0,110,70,1,1,1,0,1,64,23.80869017191275,0,Normal
1,160,125.0,120,90,1,2,0,0,0,53,48.82812499999999,0,Stage-2
2,161,64.0,100,70,1,1,1,0,1,58,24.690405462752206,0,Normal
1,158,65.0,110,70,1,1,0,0,1,61,26.037493991347535,0,Normal
2,170,76.0,120,70,1,1,0,0,1,49,26.29757785467128,0,Elevated
1,165,73.0,110,70,1,1,0,0,1,52,26.813590449954088,0,Normal
1,175,75.0,120,80,1,1,0,0,1,39,24.489795918367346,0,Stage-1
2,172,70.0,110,70,1,1,0,0,1,45,23.661438615467823,1,Normal
1,164,82.0,130,80,1,1,0,0,1,52,30.487804878048784,0,Stage-1
1,154,81.0,150,90,1,3,0,0,0,57,34.15415753078091,1,Stage-2
2,173,84.0,120,70,1,1,0,0,1,45,28.06642386982525,0,Elevated
2,171,57.0,150,80,2,2,0,0,1,62,19.493177387914233,1,Stage-2
2,164,67.0,140,90,1,1,0,0,1,62,24.910767400356935,1,Stage-2
1,166,92.0,120,80,1,1,0,0,1,56,33.386558281318045,0,Stage-1
2,173,70.0,110,70,1,1,0,0,1,46,23.38868655818771,0,Normal
1,168,72.0,120,70,1,1,0,0,0,58,25.510204081632658,1,Elevated
2,162,51.0,110,70,1,1,0,0,1,50,19.43301326017375,0,Normal
1,165,63.0,110,80,1,1,0,0,1,50,23.140495867768596,1,Stage-1
1,172,95.0,150,90,1,1,0,0,1,49,32.11195240670633,1,Stage-2
1,148,54.0,178,84,2,1,0,0,1,51,24.653031409788166,1,Stage-2
1,158,77.0,120,90,1,1,0,0,0,52,30.844415958980928,0,Stage-2
1,166,87.0,110,60,1,1,0,0,0,51,31.572071418202935,1,Normal
1,155,54.0,140,80,3,3,0,0,1,55,22.476586888657646,1,Stage-2
1,153,56.0,100,60,1,1,0,0,1,48,23.92242299970097,0,Normal
1,162,65.0,130,90,1,1,0,0,1,51,24.76756591982929,1,Stage-2
1,158,58.0,120,80,1,1,0,0,1,59,23.233456176894723,1,Stage-1
1,159,64.0,110,70,1,3,0,0,1,59,25.315454293738377,1,Normal
2,179,78.0,130,90,1,1,0,0,1,53,24.343809494085704,0,Stage-2
1,164,69.0,120,80,1,1,0,0,1,51,25.654372397382513,1,Stage-1
2,156,82.0,140,80,3,1,0,0,1,45,33.694937541091385,1,Stage-2
2,178,72.0,120,80,1,1,0,0,1,52,22.724403484408533,0,Stage-1
1,164,62.0,110,70,1,1,0,0,1,53,23.051754907792983,0,Normal
2,176,86.0,125,80,1,1,0,0,1,48,27.763429752066116,0,Stage-1
2,170,78.0,140,80,2,2,0,0,1,47,26.989619377162633,0,Stage-2
2,167,66.0,130,90,1,1,0,1,1,52,23.66524436157625,1,Stage-2
1,165,62.0,110,70,1,2,0,0,1,54,22.77318640955005,0,Normal
1,156,59.0,110,70,1,1,0,0,1,43,24.243918474687703,0,Normal
2,164,68.0,110,80,1,1,0,0,1,56,25.282569898869724,0,Stage-1
1,165,75.0,140,80,3,3,0,0,0,49,27.548209366391188,1,Stage-2
1,165,52.0,110,80,1,1,0,0,1,59,19.100091827364558,0,Stage-1
1,164,55.0,120,80,1,1,0,0,1,53,20.449137418203453,0,Stage-1
1,152,46.0,100,60,1,1,0,0,1,55,19.909972299168974,0,Normal
2,163,54.0,120,80,1,1,0,0,1,56,20.32443825510934,0,Stage-1
1,159,92.0,120,80,2,1,0,0,0,55,36.39096554724892,0,Stage-1
2,166,66.0,120,80,1,1,1,0,0,63,23.95122659311947,1,Stage-1
2,161,90.0,130,80,3,1,0,0,1,61,34.72088268199529,1,Stage-1
1,160,65.0,170,95,2,1,0,0,0,61,25.390624999999996,1,Stage-2
1,155,65.0,120,80,1,1,0,0,1,55,27.055150884495315,0,Stage-1
2,173,82.0,180,100,2,1,0,0,1,61,27.39817568244846,1,Stage-2
2,180,102.0,120,80,1,1,0,0,1,51,31.48148148148148,0,Stage-1
1,156,60.0,140,80,1,1,0,0,1,53,24.654832347140037,1,Stage-2
1,150,58.0,100,60,1,1,0,0,1,47,25.77777777777778,0,Normal
1,156,58.0,110,70,2,2,0,0,1,43,23.83300460223537,0,Normal
1,150,63.0,140,90,3,1,0,0,1,53,28.0,1,Stage-2
1,162,95.0,140,90,2,2,0,0,1,53,36.19875019051973,0,Stage-2
2,165,72.0,120,80,3,3,1,1,0,56,26.44628099173554,0,Stage-1
1,167,65.0,120,70,1,1,0,0,1,39,23.306680053067517,0,Elevated
1,158,90.0,140,90,3,1,0,0,0,54,36.05191475725044,0,Stage-2
1,158,80.0,110,70,1,1,0,0,1,56,32.046146450889275,0,Normal
2,166,57.0,110,70,1,1,0,0,1,42,20.685150239512268,0,Normal
1,160,106.0,120,90,3,3,0,0,1,61,41.40624999999999,1,Stage-2
2,174,78.0,120,80,1,1,0,0,0,51,25.762980578676178,0,Stage-1
1,175,70.0,120,80,1,1,0,0,1,63,22.857142857142858,1,Stage-1
1,169,58.0,120,80,1,1,0,0,1,49,20.307412205454995,0,Stage-1
2,175,84.0,120,80,1,3,0,0,1,45,27.428571428571427,0,Stage-1
1,160,98.0,160,110,3,3,0,0,1,57,38.28124999999999,0,Stage-2
2,174,70.0,110,70,1,1,0,0,1,58,23.120623596247853,0,Normal
2,172,113.0,130,100,1,1,0,0,0,59,38.196322336398055,0,Stage-2
2,182,73.0,120,80,1,1,0,0,1,48,22.03840115928028,0,Stage-1
1,160,82.0,110,70,1,1,0,0,1,54,32.03124999999999,1,Normal
1,163,69.0,120,80,2,1,0,0,1,54,25.970115548195267,1,Stage-1
1,159,75.0,110,70,1,1,0,0,1,49,29.666548000474663,0,Normal
1,162,92.0,130,90,1,1,0,0,1,56,35.055631763450684,1,Stage-2
1,160,70.0,130,90,1,1,0,0,1,46,27.343749999999996,1,Stage-2
1,168,74.0,130,90,1,1,0,0,1,59,26.218820861678008,1,Stage-2
1,159,60.0,110,70,1,1,0,0,1,39,23.73323840037973,0,Normal
1,154,89.0,120,80,1,1,0,0,0,50,37.52740765727779,1,Stage-1
1,155,74.0,120,80,1,1,0,0,1,51,30.80124869927159,0,Stage-1
1,165,68.0,140,90,1,1,0,0,1,60,24.977043158861342,0,Stage-2
2,165,69.0,140,100,1,1,0,0,1,41,25.344352617079892,1,Stage-2
2,170,74.0,120,80,1,1,0,0,1,60,25.605536332179934,1,Stage-1
2,175,81.0,140,80,3,3,1,1,1,55,26.448979591836736,1,Stage-2
1,161,65.0,120,70,1,1,0,0,0,42,25.076193048107708,0,Elevated
2,165,64.0,130,90,1,3,0,1,1,64,23.507805325987146,0,Stage-2
1,156,56.0,100,60,1,1,0,0,1,51,23.011176857330703,0,Normal
1,168,71.0,130,80,1,1,0,0,1,48,25.15589569160998,1,Stage-1
1,151,56.0,130,90,1,1,0,0,1,56,24.560326301478007,1,Stage-2
1,164,75.0,120,70,1,2,0,0,1,55,27.885187388459254,0,Elevated
1,170,74.0,130,80,1,1,0,0,1,57,25.605536332179934,0,Stage-1
1,168,64.0,120,80,1,1,0,0,0,50,22.67573696145125,1,Stage-1
1,159,79.0,120,80,1,1,0,0,1,59,31.24876389383331,1,Stage-1
2,166,58.0,110,70,1,1,0,0,1,41,21.04804761213529,0,Normal
2,172,73.0,120,80,1,1,0,0,1,64,24.675500270416443,0,Stage-1
1,164,65.0,110,70,1,1,0,0,1,44,24.167162403331353,0,Normal
2,178,105.0,130,80,3,1,1,0,1,57,33.13975508142911,1,Stage-1
2,182,90.0,130,80,3,1,0,0,1,61,27.17063156623596,1,Stage-1
2,175,89.0,120,80,1,1,0,0,1,49,29.06122448979592,0,Stage-1
1,168,81.0,120,80,1,1,0,0,0,47,28.69897959183674,0,Stage-1
1,158,59.0,120,80,1,1,0,0,1,39,23.634033007530842,0,Stage-1
1,167,65.0,130,70,3,3,0,0,1,61,23.306680053067517,1,Stage-1
1,170,85.0,120,80,1,1,0,0,1,45,29.411764705882355,1,Stage-1
1,156,57.0,110,70,1,1,0,0,1,52,23.422090729783037,0,Normal
1,165,75.0,120,80,3,3,0,0,0,51,27.548209366391188,0,Stage-1
1,174,69.0,120,80,2,1,0,0,1,41,22.79032897344431,0,Stage-1
1,156,59.0,130,70,1,1,0,0,0,50,24.243918474687703,1,Stage-1
1,165,80.0,120,80,1,1,0,0,1,39,29.384756657483933,0,Stage-1
2,172,70.0,120,80,1,1,0,0,1,40,23.661438615467823,0,Stage-1
2,166,72.0,110,70,1,1,1,0,1,45,26.1286108288576,0,Normal
1,164,60.0,120,70,1,1,0,0,1,50,22.308149910767405,0,Elevated
1,160,62.0,110,80,2,1,0,0,1,60,24.218749999999996,1,Stage-1
1,169,66.0,120,80,1,1,0,0,1,55,23.1084345786212,0,Stage-1
1,149,60.0,140,90,1,1,0,0,1,62,27.025809648214047,1,Stage-2
2,181,104.0,145,90,1,1,0,0,1,39,31.745062727022983,1,Stage-2
1,174,58.0,120,80,1,1,0,0,1,59,19.157088122605362,0,Stage-1
2,173,75.0,140,90,1,1,1,1,1,59,25.05930702662969,1,Stage-2
1,154,67.0,120,80,2,1,0,0,1,59,28.25096980941137,0,Stage-1
1,162,70.0,150,100,1,1,0,0,1,51,26.672763298277697,1,Stage-2
1,156,68.0,130,80,1,1,0,0,1,55,27.94214332675871,1,Stage-1
1,155,75.0,130,80,1,2,0,0,1,40,31.217481789802285,1,Stage-1
2,172,72.0,120,80,1,1,0,0,1,55,24.337479718766904,0,Stage-1
2,166,66.0,140,80,1,1,0,1,1,59,23.95122659311947,1,Stage-2
1,168,72.0,110,70,1,1,0,0,1,47,25.510204081632658,1,Normal
1,164,86.0,140,80,1,1,0,0,1,53,31.975014872099948,1,Stage-2
2,172,110.0,160,100,1,2,1,0,1,57,37.182260681449435,1,Stage-2
2,170,74.0,140,90,3,1,0,0,1,61,25.605536332179934,1,Stage-2
2,169,83.0,140,90,1,1,0,0,1,47,29.060607121599386,1,Stage-2
1,170,62.0,120,80,1,1,0,0,1,51,21.453287197231838,0,Stage-1
2,164,68.0,120,80,1,1,0,0,1,41,25.282569898869724,0,Stage-1
1,164,65.0,130,80,1,1,0,0,1,55,24.167162403331353,0,Stage-1
2,179,82.0,140,80,2,1,0,0,0,60,25.592209980961893,1,Stage-2
1,160,72.0,120,90,1,1,0,0,1,59,28.124999999999993,0,Stage-2
1,158,87.0,140,90,3,1,0,0,1,56,34.85018426534209,1,Stage-2
1,152,54.0,90,60,1,1,0,0,1,41,23.372576177285318,0,Normal
2,180,90.0,140,80,1,1,0,0,1,59,27.777777777777775,1,Stage-2
2,172,72.0,120,80,3,3,0,0,0,62,24.337479718766904,0,Stage-1
1,172,66.0,120,80,1,1,0,0,1,56,22.30935640886966,1,Stage-1
2,171,61.0,130,80,1,1,0,0,1,63,20.86111966075032,1,Stage-1
2,169,70.0,120,80,1,1,0,0,1,64,24.508945765204302,1,Stage-1
2,160,65.0,120,80,1,1,0,0,1,59,25.390624999999996,0,Stage-1
1,156,70.0,110,80,1,1,0,0,1,57,28.763971071663377,0,Stage-1
1,150,74.0,120,80,1,1,0,0,1,59,32.888888888888886,1,Stage-1
1,168,64.0,120,80,1,1,0,0,1,50,22.67573696145125,0,Stage-1
2,157,57.0,100,70,1,1,0,0,1,46,23.124670372023203,1,Normal
2,170,70.0,100,60,1,1,1,0,1,49,24.221453287197235,0,Normal
1,163,92.0,120,80,2,2,0,0,0,57,34.62682073092702,0,Stage-1
1,153,96.0,140,90,3,2,0,0,1,60,41.009867999487376,1,Stage-2
1,165,80.0,120,80,2,1,0,0,1,52,29.384756657483933,0,Stage-1
2,179,92.0,160,100,2,2,0,0,1,53,28.71321119815237,1,Stage-2
1,163,92.0,120,80,1,1,0,0,1,43,34.62682073092702,1,Stage-1
2,164,68.0,130,70,1,1,0,0,1,51,25.282569898869724,0,Stage-1
2,170,109.5,130,80,1,1,0,0,1,64,37.88927335640139,1,Stage-1
2,173,82.0,120,80,1,1,1,0,0,40,27.39817568244846,0,Stage-1
1,176,78.0,160,90,1,1,0,0,0,50,25.180785123966942,1,Stage-2
1,165,75.0,135,99,2,1,0,0,0,52,27.548209366391188,1,Stage-2
1,161,75.0,140,80,1,1,0,0,1,39,28.93406890166274,1,Stage-2
2,176,82.0,120,70,1,1,0,1,1,55,26.47210743801653,1,Elevated
2,177,101.0,140,90,1,1,1,0,1,56,32.23850106929682,1,Stage-2
1,166,82.0,120,80,1,1,0,0,1,50,29.757584555087824,0,Stage-1
1,156,52.0,120,80,1,1,0,0,1,50,21.367521367521366,1,Stage-1
2,160,78.0,110,70,1,3,1,1,1,56,30.468749999999993,0,Normal
1,162,85.0,120,80,1,1,0,0,1,42,32.38835543362292,0,Stage-1
1,159,74.0,110,70,1,1,0,0,1,60,29.270994027135,0,Normal
2,166,74.0,160,90,2,2,1,0,1,54,26.854405574103644,1,Stage-2
1,157,69.0,180,89,1,1,0,0,1,53,27.993022029291247,1,Stage-2
2,160,70.0,160,100,1,1,0,0,0,41,27.343749999999996,1,Stage-2
1,168,65.0,110,70,1,1,0,0,1,41,23.030045351473927,1,Normal
1,158,63.0,120,80,1,1,0,0,1,59,25.236340330075304,1,Stage-1
2,175,75.0,120,80,1,1,0,0,1,39,24.489795918367346,0,Stage-1
2,170,70.0,110,70,1,1,0,0,1,60,24.221453287197235,1,Normal
1,153,43.0,110,70,1,1,0,0,1,39,18.369003374770386,0,Normal
1,170,68.0,140,80,1,1,0,0,1,59,23.529411764705884,1,Stage-2
1,156,85.0,110,80,2,2,0,0,1,63,34.927679158448385,1,Stage-1
2,168,70.0,140,80,1,1,0,0,1,56,24.801587301587304,0,Stage-2
1,164,120.0,130,90,1,1,0,0,1,40,44.61629982153481,0,Stage-2
1,175,68.0,150,80,1,1,0,0,1,53,22.20408163265306,1,Stage-2
1,165,70.0,140,90,2,2,0,0,1,55,25.71166207529844,0,Stage-2
1,165,75.0,120,80,2,2,0,0,1,60,27.548209366391188,1,Stage-1
2,180,75.0,110,80,1,1,1,0,1,53,23.148148148148145,0,Stage-1
1,164,84.0,120,80,1,1,0,0,1,51,31.231409875074366,1,Stage-1
1,162,53.0,110,80,1,3,0,0,1,51,20.195092211553114,0,Stage-1
1,165,67.0,120,80,1,1,0,0,1,55,24.609733700642796,1,Stage-1
1,168,74.0,140,100,1,1,0,0,0,54,26.218820861678008,1,Stage-2
2,168,70.0,110,70,1,1,0,0,1,44,24.801587301587304,0,Normal
2,187,90.0,140,90,3,3,1,0,1,43,25.737081414967538,1,Stage-2
1,164,63.0,120,80,1,1,0,0,1,49,23.423557406305775,0,Stage-1
1,156,57.0,120,80,1,1,0,0,1,39,23.422090729783037,0,Stage-1
2,166,88.0,170,110,2,1,1,1,1,57,31.934968790825955,1,Stage-2
2,176,80.0,130,80,3,2,0,0,1,64,25.826446280991735,0,Stage-1
1,160,59.0,130,80,1,1,0,0,1,49,23.046874999999996,0,Stage-1
1,146,70.0,160,100,3,3,0,0,1,57,32.839181835241135,1,Stage-2
2,165,60.0,130,90,1,1,1,0,1,45,22.03856749311295,0,Stage-2
1,165,81.0,130,90,1,1,0,1,1,41,29.752066115702483,0,Stage-2
2,178,78.0,120,80,1,1,0,1,1,51,24.61810377477591,0,Stage-1
2,159,68.0,120,80,3,1,1,1,1,44,26.897670187097027,1,Stage-1
2,120,80.0,120,80,1,1,0,0,0,39,55.55555555555556,0,Stage-1
1,168,65.0,110,70,1,3,0,0,1,40,23.030045351473927,0,Normal
2,162,72.0,120,80,1,3,0,0,0,59,27.43484224965706,0,Stage-1
1,152,56.0,120,70,1,1,0,0,1,50,24.238227146814403,0,Elevated
1,167,56.0,120,80,2,2,0,0,1,56,20.07960127648894,0,Stage-1
1,172,89.0,130,90,1,1,0,0,1,54,30.08382909680909,1,Stage-2
2,169,114.0,140,90,1,1,0,0,0,61,39.91456881761844,1,Stage-2
1,166,80.0,120,90,1,1,0,0,1,44,29.03178980984178,0,Stage-2
1,165,65.0,120,80,1,1,0,0,0,55,23.875114784205696,1,Stage-1
2,151,57.0,120,80,1,1,0,0,1,55,24.998903556861542,0,Stage-1
1,159,65.0,120,80,1,1,0,0,0,52,25.71100826707804,0,Stage-1
2,172,92.0,120,80,1,1,0,0,1,48,31.09789075175771,0,Stage-1
2,172,79.0,120,70,1,1,0,0,1,40,26.703623580313685,0,Elevated
1,153,62.0,120,80,1,1,0,0,1,43,26.48553974966893,0,Stage-1
1,169,69.0,140,80,1,1,0,0,1,47,24.158817968558527,1,Stage-2
1,159,86.0,120,90,1,1,0,0,1,55,34.01764170721095,1,Stage-2
1,167,68.0,140,100,2,1,0,0,1,41,24.38237297859371,1,Stage-2
1,175,75.0,120,80,3,1,0,0,1,54,24.489795918367346,0,Stage-1
2,175,55.0,120,80,1,1,0,0,1,63,17.959183673469386,0,Stage-1
1,171,69.0,120,80,1,1,0,0,1,44,23.59700420642249,0,Stage-1
1,157,65.0,120,80,1,1,0,0,1,63,26.370238143535232,1,Stage-1
2,180,91.0,140,80,2,2,0,0,1,54,28.086419753086417,1,Stage-2
2,174,67.0,120,80,1,1,0,0,1,62,22.12973972783723,0,Stage-1
1,154,51.0,120,80,2,1,0,0,1,63,21.504469556417607,0,Stage-1
1,156,53.0,130,80,1,1,0,0,0,58,21.7784352399737,0,Stage-1
1,157,69.0,110,80,1,1,0,0,1,57,27.993022029291247,1,Stage-1
2,171,108.0,161,73,1,1,1,0,1,61,36.93444136657433,1,Stage-2
2,170,79.0,110,80,1,1,1,0,1,46,27.33564013840831,0,Stage-1
2,172,94.0,110,70,2,1,0,1,1,62,31.77393185505679,1,Normal
1,168,60.0,120,80,1,1,0,0,1,59,21.258503401360546,1,Stage-1
1,168,87.0,120,80,1,1,0,0,1,57,30.824829931972793,0,Stage-1
1,160,49.0,120,80,1,1,0,0,1,52,19.140624999999996,0,Stage-1
2,171,78.0,120,90,1,1,1,0,1,41,26.674874320303687,1,Stage-2
1,156,75.0,150,90,2,2,0,0,1,59,30.818540433925047,1,Stage-2
2,168,81.0,120,80,1,1,0,0,1,47,28.69897959183674,1,Stage-1
2,175,111.0,140,90,2,1,0,0,1,51,36.244897959183675,1,Stage-2
2,169,72.0,160,80,2,2,0,0,1,57,25.209201358495854,0,Stage-2
2,170,76.0,160,100,3,3,1,0,1,59,26.29757785467128,0,Stage-2
2,175,78.0,120,80,1,1,0,0,1,49,25.46938775510204,1,Stage-1
1,162,97.0,120,80,1,1,0,0,1,57,36.96082914189909,0,Stage-1
2,162,69.0,130,80,1,1,0,0,1,43,26.291723822588015,1,Stage-1
2,179,95.0,170,100,2,1,0,1,1,57,29.64951156330951,1,Stage-2
1,157,65.0,120,80,1,1,0,0,1,58,26.370238143535232,0,Stage-1
1,163,57.0,145,90,3,1,0,0,1,57,21.453573713726524,1,Stage-2
2,178,80.0,140,90,3,1,0,0,0,61,25.24933720489837,1,Stage-2
2,166,88.0,140,80,2,2,0,0,1,57,31.934968790825955,1,Stage-2
1,159,67.0,120,80,1,1,0,0,1,53,26.502116213757365,0,Stage-1
1,164,73.0,150,100,1,1,0,1,1,47,27.141582391433676,1,Stage-2
1,165,65.0,120,80,1,1,0,0,0,53,23.875114784205696,0,Stage-1
1,159,83.0,140,70,3,1,0,0,1,57,32.83097978719196,1,Stage-2
1,152,57.0,150,90,3,1,0,0,1,51,24.67105263157895,1,Stage-2
1,160,66.0,90,60,1,1,0,0,1,49,25.781249999999996,0,Normal
1,165,63.0,120,80,1,1,0,0,1,50,23.140495867768596,0,Stage-1
1,164,68.0,90,60,1,1,0,0,0,41,25.282569898869724,0,Normal
2,165,65.0,110,70,1,1,0,0,1,60,23.875114784205696,0,Normal
1,165,54.0,120,80,3,3,0,0,1,50,19.834710743801654,0,Stage-1
2,178,78.0,140,90,1,1,0,0,1,53,24.61810377477591,1,Stage-2
1,161,102.0,150,90,3,1,0,0,1,58,39.35033370626133,1,Stage-2
2,166,77.0,120,80,1,1,0,0,1,51,27.94309769197271,1,Stage-1
2,176,94.0,150,90,1,1,0,1,1,52,30.34607438016529,1,Stage-2
2,174,80.0,120,80,1,1,0,0,1,50,26.42356982428326,0,Stage-1
1,154,80.0,160,90,1,1,0,0,1,52,33.732501264968796,1,Stage-2
1,166,95.0,160,70,1,1,0,0,1,41,34.47525039918711,1,Stage-2
1,160,65.0,120,80,2,2,0,0,1,57,25.390624999999996,0,Stage-1
1,165,81.0,130,80,1,1,0,0,0,60,29.752066115702483,0,Stage-1
1,152,83.0,130,70,3,3,0,0,0,62,35.924515235457065,1,Stage-1
1,145,78.0,150,90,3,1,0,0,1,62,37.098692033293695,1,Stage-2
2,169,86.0,130,90,1,1,0,0,1,52,30.110990511536716,1,Stage-2
2,174,89.0,130,90,1,1,0,0,0,50,29.396221429515126,0,Stage-2
1,153,72.0,130,80,1,1,0,0,1,51,30.757400999615534,0,Stage-1
2,172,77.0,100,60,1,1,0,0,1,44,26.027582477014604,0,Normal
1,158,66.0,120,80,1,1,0,0,1,50,26.43807082198365,0,Stage-1
1,153,50.0,110,80,2,1,0,0,1,42,21.35930624973301,0,Stage-1
1,169,69.0,110,70,1,1,0,0,1,50,24.158817968558527,1,Normal
1,157,85.0,120,80,1,1,0,0,1,59,34.484157572315304,1,Stage-1
1,170,85.0,140,90,3,1,0,0,1,59,29.411764705882355,1,Stage-2
1,156,60.0,120,80,1,1,0,0,1,44,24.654832347140037,0,Stage-1
2,172,83.0,120,80,1,1,0,0,1,43,28.055705786911847,0,Stage-1
1,163,56.0,130,80,1,1,0,0,1,52,21.077195227520797,1,Stage-1
1,160,105.0,120,80,1,1,0,0,1,53,41.01562499999999,1,Stage-1
1,163,97.0,110,70,2,1,0,0,1,55,36.50871316195567,1,Normal
1,153,67.0,120,90,1,1,0,0,1,49,28.621470374642232,0,Stage-2
2,174,96.0,120,80,1,1,0,1,1,54,31.708283789139912,0,Stage-1
2,173,93.0,155,91,1,1,0,0,0,59,31.073540713020815,1,Stage-2
2,186,80.0,120,80,1,1,0,0,1,62,23.12406058503873,0,Stage-1
1,156,66.5,125,80,2,2,0,0,1,46,27.325772518080207,0,Stage-1
2,180,82.0,110,70,1,1,0,0,0,51,25.30864197530864,0,Normal
1,168,75.0,130,90,3,1,0,0,0,59,26.573129251700685,1,Stage-2
2,168,71.0,150,80,1,1,0,0,1,43,25.15589569160998,1,Stage-2
2,176,88.0,130,90,1,1,0,0,1,49,28.40909090909091,1,Stage-2
1,161,64.0,120,80,1,1,0,0,1,49,24.690405462752206,1,Stage-1
1,157,89.0,124,84,1,1,0,0,1,51,36.10694145807132,0,Stage-1
2,175,67.0,140,90,1,2,1,1,1,51,21.877551020408163,1,Stage-2
2,170,76.0,140,70,1,1,0,0,1,61,26.29757785467128,1,Stage-2
1,153,61.0,110,70,1,3,0,0,1,39,26.05835362467427,0,Normal
1,178,75.0,120,80,1,1,0,0,1,55,23.671253629592222,1,Stage-1
2,185,73.0,120,70,2,1,0,0,1,43,21.32943754565376,0,Elevated
1,158,68.0,190,100,2,1,0,0,0,57,27.239224483255885,1,Stage-2
1,162,60.0,120,80,2,1,0,0,0,49,22.86236854138088,0,Stage-1
2,168,89.0,130,80,3,3,0,0,1,61,31.533446712018144,1,Stage-1
1,157,61.0,90,50,2,1,0,0,1,39,24.747454257779218,1,Normal
1,156,82.0,130,80,1,1,0,0,1,61,33.694937541091385,0,Stage-1
1,158,60.0,150,100,2,1,0,0,1,47,24.034609838166958,1,Stage-2
2,167,73.0,110,70,3,1,1,0,0,46,26.175194521137367,1,Normal
2,165,67.0,120,80,1,1,0,0,1,61,24.609733700642796,0,Stage-1
1,163,82.0,140,90,1,1,0,0,1,59,30.863035868869737,0,Stage-2
1,160,60.0,140,70,1,1,0,0,0,55,23.437499999999996,1,Stage-2
1,156,76.0,120,80,1,1,0,0,1,46,31.22945430637738,0,Stage-1
2,165,65.0,120,80,1,1,0,0,0,60,23.875114784205696,1,Stage-1
2,170,80.0,120,90,1,1,0,0,1,44,27.68166089965398,1,Stage-2
1,159,62.0,120,80,1,1,0,0,1,50,24.524346347059055,0,Stage-1
1,167,53.0,120,80,1,1,0,0,1,48,19.003908350962746,0,Stage-1
1,160,65.0,110,70,1,1,0,0,1,44,25.390624999999996,1,Normal
2,180,78.0,120,90,1,1,0,0,1,55,24.074074074074073,0,Stage-2
2,160,60.0,120,80,1,1,0,0,1,58,23.437499999999996,0,Stage-1
2,176,81.0,140,100,2,2,0,1,1,54,26.149276859504134,1,Stage-2
1,174,79.0,120,60,1,1,0,0,1,51,26.09327520147972,0,Elevated
1,165,89.0,160,90,3,2,0,0,1,59,32.690541781450875,0,Stage-2
1,152,78.0,140,80,1,1,1,0,1,59,33.76038781163435,1,Stage-2
2,161,60.0,120,60,1,1,0,0,0,51,23.147255121330193,0,Elevated
1,165,68.0,120,80,1,1,0,0,0,51,24.977043158861342,1,Stage-1
1,160,76.0,140,90,1,1,0,0,1,42,29.687499999999993,1,Stage-2
2,162,85.0,120,80,1,1,0,0,1,62,32.38835543362292,1,Stage-1
2,169,115.0,120,80,1,1,0,0,0,56,40.26469661426421,1,Stage-1
1,157,72.0,130,90,1,1,0,0,1,63,29.21010994360826,1,Stage-2
1,163,77.0,110,80,1,1,0,0,1,58,28.981143437841094,0,Stage-1
1,169,98.0,160,110,2,2,0,0,1,60,34.31252407128602,0,Stage-2
1,157,61.0,168,100,1,1,0,0,1,54,24.747454257779218,1,Stage-2
2,169,64.0,120,80,1,1,0,0,0,63,22.40817898532965,1,Stage-1
2,165,53.0,140,90,1,1,1,1,1,51,19.467401285583104,0,Stage-2
2,170,89.0,140,80,1,1,0,0,0,60,30.795847750865054,1,Stage-2
1,167,72.0,180,100,1,1,0,0,1,59,25.816630212628635,0,Stage-2
1,161,62.0,120,80,1,1,0,0,1,39,23.9188302920412,0,Stage-1
2,165,50.0,120,80,1,1,0,0,1,53,18.36547291092746,1,Stage-1
1,165,65.0,120,80,3,3,0,0,0,60,23.875114784205696,1,Stage-1
1,160,85.0,140,80,3,1,0,0,1,57,33.20312499999999,1,Stage-2
1,151,52.0,180,90,2,2,0,0,0,45,22.806017279943863,0,Stage-2
1,164,72.0,110,70,1,1,0,0,1,44,26.769779892920884,0,Normal
1,150,54.0,160,90,2,2,0,0,1,62,24.0,1,Stage-2
1,158,87.0,120,80,1,1,0,0,0,55,34.85018426534209,1,Stage-1
1,160,76.0,120,80,1,1,0,0,1,47,29.687499999999993,1,Stage-1
2,173,102.0,150,100,1,2,1,0,0,48,34.08065755621638,1,Stage-2
1,165,85.0,120,80,1,2,0,0,0,49,31.22130394857668,0,Stage-1
1,172,86.0,120,70,1,1,0,0,1,47,29.069767441860467,1,Elevated
1,164,67.0,120,60,3,1,0,0,1,62,24.910767400356935,0,Elevated
1,149,67.0,120,80,1,1,0,0,1,53,30.178820773839018,1,Stage-1
2,172,75.0,110,80,1,1,0,0,0,47,25.351541373715524,0,Stage-1
2,157,61.0,120,80,1,1,0,0,1,57,24.747454257779218,0,Stage-1
2,177,105.0,130,80,1,1,0,0,1,55,33.51527338887293,0,Stage-1
1,165,68.0,120,80,1,1,0,0,1,56,24.977043158861342,0,Stage-1
1,151,87.0,140,100,3,1,0,0,0,64,38.15622121836761,1,Stage-2
1,160,57.0,100,60,1,1,0,0,0,48,22.265624999999996,0,Normal
1,174,74.0,120,80,1,1,0,0,1,56,24.441802087462015,1,Stage-1
2,175,83.0,130,90,1,1,0,0,1,47,27.102040816326532,1,Stage-2
1,156,60.0,120,80,3,3,0,0,1,54,24.654832347140037,0,Stage-1
1,160,93.0,130,90,1,1,0,0,1,51,36.32812499999999,1,Stage-2
1,158,63.0,120,80,1,1,0,0,1,50,25.236340330075304,0,Stage-1
1,155,59.0,120,80,1,1,0,0,1,48,24.55775234131113,0,Stage-1
1,174,69.0,120,80,1,1,0,1,1,58,22.79032897344431,1,Stage-1
2,167,88.0,140,80,1,1,0,0,0,64,31.553659148768332,1,Stage-2
1,169,91.0,110,70,1,2,0,0,1,47,31.861629494765594,0,Normal
2,174,88.0,120,80,2,2,0,0,0,53,29.065926806711587,0,Stage-1
1,160,93.0,120,80,3,1,0,0,1,55,36.32812499999999,1,Stage-1
1,154,79.0,130,90,1,1,0,0,1,61,33.310844999156686,1,Stage-2
1,150,40.0,110,70,1,1,0,0,1,60,17.77777777777778,1,Normal
1,157,83.0,160,100,3,3,0,0,1,59,33.6727656294373,1,Stage-2
1,168,70.0,120,80,1,1,0,0,1,44,24.801587301587304,1,Stage-1
1,162,92.0,140,90,1,1,0,0,1,52,35.055631763450684,0,Stage-2
1,168,78.0,120,90,1,1,0,0,0,59,27.636054421768712,0,Stage-2
1,163,93.0,160,90,1,1,0,0,1,58,35.00319921713275,1,Stage-2
1,175,92.0,130,80,2,1,0,0,1,63,30.040816326530614,1,Stage-1
1,165,69.0,140,90,1,3,0,0,1,48,25.344352617079892,1,Stage-2
2,176,78.0,140,100,1,1,0,0,1,41,25.180785123966942,1,Stage-2
1,163,109.0,130,80,3,3,0,0,1,60,41.02525499642441,1,Stage-1
1,156,58.0,120,80,1,1,0,0,1,50,23.83300460223537,0,Stage-1
2,171,82.0,120,80,2,1,1,1,1,48,28.042816593139772,1,Stage-1
1,149,65.0,130,90,2,1,0,0,0,61,29.27796045223188,0,Stage-2
1,161,58.0,130,90,1,1,0,0,1,56,22.375679950619187,0,Stage-2
2,170,69.0,130,90,1,1,0,0,1,59,23.87543252595156,1,Stage-2
1,171,73.0,110,70,1,3,0,0,1,48,24.96494647925858,1,Normal
1,161,82.0,130,90,3,1,0,0,1,47,31.634581999151262,1,Stage-2
1,165,95.0,130,90,1,1,0,0,1,51,34.894398530762174,1,Stage-2
1,159,59.0,120,80,3,1,0,0,1,55,23.337684427040067,1,Stage-1
2,168,86.0,120,70,3,3,0,0,1,54,30.470521541950117,1,Elevated
2,159,58.0,120,80,1,1,0,0,1,47,22.942130453700404,0,Stage-1
1,168,105.0,120,80,1,1,0,0,1,58,37.202380952380956,0,Stage-1
1,168,66.0,120,70,1,1,0,0,1,52,23.384353741496604,0,Elevated
2,169,56.0,120,90,1,1,0,0,1,44,19.607156612163443,1,Stage-2
1,168,66.0,120,80,1,1,0,0,1,54,23.384353741496604,0,Stage-1
1,158,93.0,120,79,1,1,0,0,1,59,37.25364524915878,0,Elevated
1,157,80.0,140,100,1,3,0,0,0,52,32.45567771512029,1,Stage-2
1,169,75.0,130,90,1,1,0,0,1,43,26.25958474843318,1,Stage-2
1,155,52.0,140,80,1,1,0,0,1,64,21.64412070759625,1,Stage-2
1,162,69.0,130,80,1,1,0,0,1,47,26.291723822588015,1,Stage-1
1,169,68.0,100,70,1,1,0,0,1,53,23.80869017191275,0,Normal
1,167,89.0,140,90,1,1,0,0,1,53,31.912223457277065,1,Stage-2
1,159,64.0,120,80,1,1,0,0,1,48,25.315454293738377,0,Stage-1
2,167,82.0,150,100,1,1,0,0,0,62,29.402273297715947,1,Stage-2
1,166,53.0,110,70,1,1,0,0,1,50,19.233560749020178,0,Normal
1,154,94.0,120,70,3,3,0,0,1,60,39.63568898633834,0,Elevated
1,153,54.0,100,70,1,1,0,0,0,41,23.06805074971165,0,Normal
1,155,80.0,120,80,1,1,0,0,0,53,33.29864724245577,0,Stage-1
1,165,61.0,120,80,1,1,0,0,1,55,22.4058769513315,0,Stage-1
2,174,72.0,120,80,1,2,0,0,1,62,23.781212841854934,0,Stage-1
1,160,76.0,110,80,1,1,0,0,0,56,29.687499999999993,0,Stage-1
1,157,55.0,100,70,1,1,0,0,1,45,22.313278429145196,0,Normal
1,154,79.0,130,80,1,1,0,0,1,64,33.310844999156686,0,Stage-1
2,168,72.0,110,70,1,1,0,0,1,55,25.510204081632658,0,Normal
1,166,70.0,140,90,3,3,0,0,1,56,25.402816083611555,1,Stage-2
1,155,73.0,140,100,1,1,0,0,0,55,30.38501560874089,0,Stage-2
2,162,64.0,160,100,1,1,0,0,0,52,24.38652644413961,1,Stage-2
2,178,80.0,120,70,1,1,0,0,1,49,25.24933720489837,0,Elevated
1,162,64.0,120,80,1,1,0,0,1,53,24.38652644413961,1,Stage-1
1,156,64.0,130,90,1,1,0,0,1,59,26.298487836949374,1,Stage-2
1,155,61.0,120,80,1,2,0,0,0,54,25.390218522372525,0,Stage-1
1,167,95.0,140,90,1,1,0,0,1,59,34.06360930832945,1,Stage-2
1,150,80.0,150,80,1,3,0,0,1,56,35.55555555555556,1,Stage-2
1,167,81.0,120,80,1,1,0,0,1,55,29.043708989207214,1,Stage-1
2,176,69.0,110,70,1,1,1,0,0,45,22.275309917355372,1,Normal
2,176,95.0,160,100,3,1,0,0,1,57,30.668904958677686,1,Stage-2
1,165,65.0,120,80,1,1,0,0,1,53,23.875114784205696,1,Stage-1
2,180,78.0,150,100,1,1,1,0,1,53,24.074074074074073,1,Stage-2
1,153,57.0,120,80,3,1,0,0,1,55,24.34960912469563,0,Stage-1
1,168,64.0,120,80,1,1,0,0,1,60,22.67573696145125,1,Stage-1
2,168,63.0,140,90,1,2,0,0,0,51,22.321428571428577,1,Stage-2
2,175,79.0,120,80,1,3,0,0,1,46,25.79591836734694,1,Stage-1
2,176,80.0,120,80,1,1,0,0,0,53,25.826446280991735,0,Stage-1
2,172,85.0,140,100,1,1,1,0,0,59,28.73174689021093,1,Stage-2
1,164,70.0,150,90,3,1,1,0,1,51,26.026174895895306,1,Stage-2
1,156,76.0,150,100,3,1,1,0,0,63,31.22945430637738,1,Stage-2
1,167,78.0,120,80,1,1,0,0,0,50,27.968016063681024,0,Stage-1
1,148,65.0,160,90,3,3,0,0,0,60,29.674945215485756,1,Stage-2
2,161,56.0,130,100,1,1,1,0,1,52,21.60410477990818,1,Stage-2
1,158,65.0,120,80,1,1,0,0,0,52,26.037493991347535,0,Stage-1
1,150,61.0,150,100,1,1,0,0,0,51,27.11111111111111,1,Stage-2
2,172,78.0,150,90,1,1,1,0,1,49,26.365603028664147,1,Stage-2
2,172,69.0,130,90,1,1,0,0,1,43,23.323418063818284,1,Stage-2
2,176,89.0,120,80,2,1,0,0,1,43,28.731921487603305,0,Stage-1
1,175,67.0,120,80,1,1,0,0,1,49,21.877551020408163,1,Stage-1
1,160,72.0,110,70,1,1,0,0,1,39,28.124999999999993,0,Normal
2,172,100.0,160,100,1,2,0,0,1,57,33.802055164954034,1,Stage-2
1,170,70.0,160,80,2,1,0,0,1,48,24.221453287197235,1,Stage-2
1,175,65.0,110,70,1,1,0,0,1,42,21.224489795918366,0,Normal
1,162,54.0,120,80,1,1,0,0,1,39,20.576131687242793,0,Stage-1
1,152,60.0,120,80,1,1,0,0,1,61,25.969529085872576,0,Stage-1
1,158,62.0,150,80,1,1,0,0,1,52,24.83576349943919,0,Stage-2
1,158,50.0,110,70,1,1,0,0,1,42,20.028841531805796,1,Normal
2,172,94.0,120,80,2,1,0,0,1,57,31.77393185505679,1,Stage-1
1,164,94.0,110,70,3,1,0,0,1,60,34.94943486020227,1,Normal
2,170,80.0,120,80,1,1,1,0,1,52,27.68166089965398,0,Stage-1
2,167,76.0,110,80,1,1,0,0,0,53,27.250887446663558,1,Stage-1
1,164,79.0,120,80,1,2,0,0,1,63,29.372397382510414,1,Stage-1
2,168,83.0,120,80,2,2,1,1,1,41,29.40759637188209,1,Stage-1
1,160,60.0,120,80,1,1,0,0,1,58,23.437499999999996,0,Stage-1
1,158,63.0,140,80,1,1,0,0,0,45,25.236340330075304,0,Stage-2
2,172,68.0,120,80,1,1,1,0,1,62,22.985397512168742,0,Stage-1
2,170,69.0,120,80,1,1,0,0,0,42,23.87543252595156,1,Stage-1
1,168,59.0,120,80,1,1,0,0,0,51,20.904195011337873,0,Stage-1
2,171,85.0,130,80,2,1,0,0,1,50,29.06877329776684,1,Stage-1
2,173,67.0,140,90,1,1,0,0,1,60,22.386314277122523,0,Stage-2
1,166,75.0,120,80,1,1,0,0,0,53,27.21730294672667,0,Stage-1
2,182,80.0,110,70,1,1,0,0,1,50,24.151672503320853,1,Normal
1,163,62.0,120,80,1,1,0,0,1,53,23.335466144755166,0,Stage-1
1,173,69.0,100,65,1,3,0,0,1,52,23.054562464499313,0,Normal
2,175,91.0,160,100,2,2,0,0,1,61,29.714285714285715,1,Stage-2
2,172,77.0,115,71,1,1,0,0,1,59,26.027582477014604,0,Normal
2,168,52.0,110,70,1,1,0,0,1,52,18.42403628117914,0,Normal
1,161,50.0,110,75,1,1,0,0,1,45,19.28937926777516,0,Normal
1,157,65.0,120,80,3,3,0,0,0,59,26.370238143535232,1,Stage-1
1,156,60.0,110,70,1,1,0,0,1,49,24.654832347140037,1,Normal
1,163,66.0,90,60,1,1,0,0,1,39,24.840980089578082,0,Normal
1,161,86.0,120,80,2,2,0,0,1,49,33.17773234057328,1,Stage-1
1,164,72.0,150,90,1,1,0,0,0,51,26.769779892920884,1,Stage-2
1,163,65.0,140,70,2,1,0,0,1,53,24.46460160337235,1,Stage-2
2,168,72.0,120,80,1,1,0,0,1,51,25.510204081632658,0,Stage-1
2,168,69.0,120,80,1,1,0,0,1,64,24.44727891156463,1,Stage-1
1,160,72.0,120,80,1,1,0,0,0,40,28.124999999999993,0,Stage-1
1,160,80.0,120,80,1,1,0,0,0,40,31.249999999999993,0,Stage-1
1,165,75.0,100,70,3,1,0,0,1,57,27.548209366391188,1,Normal
2,171,92.0,140,90,3,3,0,0,1,55,31.462672275229988,0,Stage-2
1,153,53.0,100,60,1,1,0,0,1,51,22.64086462471699,1,Normal
1,158,60.0,120,80,1,1,0,0,1,40,24.034609838166958,0,Stage-1
1,160,87.0,140,90,3,3,0,0,1,53,33.98437499999999,1,Stage-2
1,142,61.0,120,80,1,1,0,0,1,59,30.251934140051578,0,Stage-1
1,164,76.0,120,80,3,1,0,0,1,52,28.256989886972047,1,Stage-1
1,157,63.0,120,70,1,3,0,0,1,63,25.558846200657225,0,Elevated
1,156,65.0,150,90,3,1,0,0,1,59,26.709401709401707,1,Stage-2
1,160,90.0,110,80,1,1,0,0,1,58,35.15624999999999,0,Stage-1
2,162,68.0,150,90,1,1,0,0,1,56,25.910684346898332,1,Stage-2
1,170,54.0,120,80,1,1,0,0,1,55,18.68512110726644,0,Stage-1
2,170,72.0,120,80,1,1,0,0,1,56,24.913494809688583,0,Stage-1
2,175,85.0,120,80,1,1,0,0,0,61,27.755102040816325,1,Stage-1
2,178,72.0,120,80,1,3,1,0,1,44,22.724403484408533,0,Stage-1
2,185,76.0,100,70,1,1,0,0,1,43,22.205989773557338,0,Normal
1,161,66.0,110,70,1,1,0,0,1,41,25.461980633463213,0,Normal
1,145,47.0,130,100,1,1,0,0,1,59,22.35434007134364,1,Stage-2
1,156,70.0,150,90,3,3,0,0,1,62,28.763971071663377,1,Stage-2
1,158,66.0,150,80,2,3,0,0,1,50,26.43807082198365,1,Stage-2
1,163,72.0,110,80,1,1,0,0,0,45,27.09925100681245,0,Stage-1
1,157,76.0,145,92,2,2,0,1,1,50,30.832893829364274,1,Stage-2
2,160,60.0,120,80,1,1,0,0,1,52,23.437499999999996,0,Stage-1
2,175,100.0,120,80,1,1,0,0,1,56,32.6530612244898,1,Stage-1
1,156,77.0,120,80,1,1,0,0,1,59,31.640368178829714,1,Stage-1
1,174,71.0,120,80,2,1,0,0,1,45,23.450918219051392,0,Stage-1
1,160,65.0,100,80,1,1,1,0,1,52,25.390624999999996,1,Stage-1
1,155,55.0,110,80,1,1,0,0,1,39,22.892819979188342,0,Stage-1
2,168,75.0,120,80,1,1,0,0,0,63,26.573129251700685,1,Stage-1
2,170,77.0,110,90,1,1,0,0,0,52,26.643598615916957,0,Stage-2
2,171,65.0,120,80,1,1,0,0,0,53,22.229061933586404,0,Stage-1
2,164,75.0,150,90,1,1,0,0,1,62,27.885187388459254,1,Stage-2
1,165,97.0,140,90,1,1,0,0,0,51,35.62901744719927,1,Stage-2
1,161,78.0,140,90,1,2,0,0,1,58,30.091431657729252,1,Stage-2
2,165,53.0,150,100,2,1,1,0,1,41,19.467401285583104,1,Stage-2
1,162,68.0,100,70,2,1,0,1,1,41,25.910684346898332,0,Normal
2,175,90.0,120,80,1,1,0,0,1,53,29.387755102040817,0,Stage-1
2,167,67.0,125,75,1,1,1,0,1,51,24.023808670084982,0,Elevated
1,159,63.0,120,80,1,1,0,0,1,64,24.919900320398717,1,Stage-1
2,168,80.0,120,80,1,1,0,0,1,53,28.344671201814062,1,Stage-1
1,169,75.0,140,80,3,1,0,0,0,61,26.25958474843318,1,Stage-2
1,165,90.0,120,80,1,1,0,0,1,52,33.057851239669425,0,Stage-1
2,162,63.0,110,90,1,1,0,0,1,43,24.005486968449926,0,Stage-2
2,165,70.0,120,90,1,1,0,0,1,61,25.71166207529844,1,Stage-2
1,166,50.0,100,70,1,1,0,0,1,40,18.144868631151112,0,Normal
1,164,58.0,110,70,3,3,0,0,0,40,21.564544913741823,0,Normal
1,145,69.0,100,90,2,1,0,0,0,49,32.81807372175981,0,Stage-2
1,152,70.5,130,90,1,1,0,0,0,57,30.514196675900276,0,Stage-2
1,160,68.0,120,70,1,1,0,0,0,52,26.562499999999996,1,Elevated
1,173,71.0,110,70,1,1,0,0,1,48,23.722810651876106,1,Normal
1,168,66.0,120,80,1,1,0,0,1,59,23.384353741496604,1,Stage-1
2,168,62.0,110,70,1,1,0,0,1,41,21.9671201814059,0,Normal
1,165,53.0,110,79,3,3,0,0,1,57,19.467401285583104,0,Normal
1,165,62.0,110,70,2,1,0,0,1,59,22.77318640955005,1,Normal
1,168,80.0,140,80,1,1,0,0,1,57,28.344671201814062,1,Stage-2
1,159,68.0,120,80,1,1,0,0,1,56,26.897670187097027,0,Stage-1
2,170,68.0,120,80,1,1,0,0,1,45,23.529411764705884,0,Stage-1
2,180,103.0,120,80,3,1,0,0,1,55,31.79012345679012,1,Stage-1
2,174,78.0,120,80,1,1,0,0,1,61,25.762980578676178,0,Stage-1
1,153,75.0,110,70,2,2,0,0,1,55,32.038959374599514,1,Normal
2,175,129.0,170,100,1,1,0,0,0,49,42.12244897959184,1,Stage-2
2,177,98.0,135,90,3,1,0,1,1,49,31.28092182961473,1,Stage-2
1,154,62.0,150,90,2,1,0,0,1,43,26.14268848035082,1,Stage-2
2,165,70.0,150,80,2,1,0,0,1,43,25.71166207529844,0,Stage-2
1,165,72.0,130,90,1,1,0,0,0,60,26.44628099173554,1,Stage-2
2,172,78.0,140,90,2,1,0,0,1,43,26.365603028664147,1,Stage-2
2,170,65.0,120,80,1,1,0,0,0,58,22.49134948096886,0,Stage-1
1,165,70.0,120,90,1,1,0,0,0,42,25.71166207529844,0,Stage-2
2,160,69.0,120,80,1,1,0,0,1,57,26.953124999999996,0,Stage-1
2,169,68.0,120,80,1,1,0,0,1,54,23.80869017191275,0,Stage-1
1,160,62.0,120,80,1,1,0,0,1,42,24.218749999999996,0,Stage-1
2,168,78.0,130,80,3,1,0,0,1,64,27.636054421768712,1,Stage-1
1,160,70.0,130,80,1,1,0,0,1,52,27.343749999999996,0,Stage-1
1,155,71.0,160,100,2,1,0,0,0,55,29.552549427679498,1,Stage-2
1,156,77.0,130,90,1,1,0,0,1,61,31.640368178829714,0,Stage-2
1,163,90.0,120,80,1,1,0,0,0,48,33.87406375851557,0,Stage-1
1,154,46.0,110,80,1,1,0,0,1,49,19.396188227357058,0,Stage-1
1,163,86.0,140,80,3,1,0,0,1,53,32.36854981369265,1,Stage-2
2,167,121.3,180,100,2,1,0,1,1,54,43.49385062210907,1,Stage-2
1,174,91.0,180,100,1,1,0,0,1,57,30.056810675122207,0,Stage-2
2,175,72.0,110,70,1,3,0,1,1,41,23.510204081632654,0,Normal
2,170,96.0,120,80,1,1,0,0,1,56,33.21799307958478,0,Stage-1
1,167,88.0,120,80,1,1,0,0,1,41,31.553659148768332,1,Stage-1
1,160,75.0,120,80,1,1,0,0,1,58,29.296874999999993,1,Stage-1
1,158,70.0,110,70,3,1,0,0,1,59,28.040378144528116,1,Normal
1,167,68.0,120,80,1,1,0,0,1,48,24.38237297859371,0,Stage-1
1,170,61.0,110,70,1,1,0,0,1,49,21.107266435986162,0,Normal
2,165,65.0,140,90,3,2,1,0,1,61,23.875114784205696,1,Stage-2
1,168,70.0,140,90,3,3,0,0,1,52,24.801587301587304,0,Stage-2
1,185,80.0,120,80,1,1,0,0,1,39,23.37472607742878,0,Stage-1
1,156,56.0,135,90,3,1,0,0,1,49,23.011176857330703,1,Stage-2
1,162,74.0,120,80,1,1,0,0,1,48,28.19692120103642,0,Stage-1
1,163,68.0,120,80,3,1,0,0,1,64,25.59373706198954,1,Stage-1
1,170,58.0,120,80,1,1,0,0,1,43,20.06920415224914,0,Stage-1
2,179,62.0,140,90,1,1,0,0,1,60,19.350207546580943,0,Stage-2
1,165,67.0,120,80,1,1,0,0,1,49,24.609733700642796,0,Stage-1
2,179,84.0,150,110,2,1,1,0,1,52,26.216410224399986,1,Stage-2
1,159,61.0,140,100,1,1,0,0,1,54,24.128792373719392,1,Stage-2
2,167,90.0,130,80,1,1,0,0,1,49,32.2707877657858,0,Stage-1
1,165,61.0,120,70,1,1,0,0,1,60,22.4058769513315,0,Elevated
2,168,70.0,140,90,1,1,0,0,1,56,24.801587301587304,1,Stage-2
1,156,104.0,160,90,1,2,0,0,0,64,42.73504273504273,1,Stage-2
1,169,71.0,110,70,1,1,0,0,1,43,24.859073561850078,0,Normal
1,147,56.0,115,75,1,1,0,0,1,58,25.915127955944286,1,Normal
1,158,67.0,140,80,1,1,1,0,1,57,26.83864765261977,1,Stage-2
1,150,61.0,140,90,3,1,0,0,0,56,27.11111111111111,1,Stage-2
1,152,51.0,120,60,1,1,0,0,1,45,22.07409972299169,0,Elevated
1,148,71.0,170,90,1,2,0,0,1,62,32.414170927684445,0,Stage-2
2,174,85.0,140,90,1,1,0,0,1,50,28.075042938300964,1,Stage-2
1,162,65.0,110,70,1,1,0,0,0,48,24.76756591982929,0,Normal
1,159,68.0,160,100,2,1,0,0,1,52,26.897670187097027,1,Stage-2
1,161,65.0,120,80,3,3,0,0,1,52,25.076193048107708,1,Stage-1
2,163,63.0,120,80,1,1,0,0,1,46,23.711844630960897,0,Stage-1
2,156,59.0,120,80,1,1,1,0,1,49,24.243918474687703,0,Stage-1
1,167,83.0,160,100,1,1,0,0,1,50,29.760837606224676,1,Stage-2
1,164,83.0,150,90,2,2,0,0,1,49,30.859607376561577,1,Stage-2
2,171,73.0,120,80,1,1,0,0,0,40,24.96494647925858,0,Stage-1
2,165,60.0,140,80,1,1,0,0,1,54,22.03856749311295,0,Stage-2
2,172,80.0,160,100,2,2,0,0,1,63,27.041644131963228,1,Stage-2
1,154,73.0,140,90,1,1,0,0,0,59,30.78090740428403,1,Stage-2
1,178,75.0,120,90,1,1,0,0,0,61,23.671253629592222,1,Stage-2
2,179,96.0,120,80,1,1,0,0,1,49,29.961611685028558,0,Stage-1
2,173,74.0,110,80,1,1,0,0,1,63,24.725182932941294,0,Stage-1
2,167,88.0,130,80,3,1,0,0,1,49,31.553659148768332,1,Stage-1
1,149,84.0,100,60,1,1,0,0,1,51,37.83613350749966,0,Normal
2,170,85.0,120,80,1,1,0,0,1,58,29.411764705882355,0,Stage-1
1,163,68.0,120,80,1,1,0,0,0,43,25.59373706198954,1,Stage-1
1,172,102.0,130,90,3,1,1,0,0,45,34.47809626825311,1,Stage-2
1,164,85.0,130,80,2,1,0,0,1,55,31.603212373587155,0,Stage-1
1,170,95.0,130,79,3,1,0,0,0,57,32.871972318339104,1,Stage-1
1,160,60.0,100,60,2,2,0,0,1,50,23.437499999999996,0,Normal
1,165,84.0,120,70,1,1,0,0,1,57,30.85399449035813,0,Elevated
2,175,150.0,180,120,2,1,0,1,1,52,48.97959183673469,1,Stage-2
2,173,111.0,140,70,1,1,0,0,0,64,37.08777439941194,1,Stage-2
1,156,59.0,110,70,1,2,0,0,1,56,24.243918474687703,0,Normal
1,164,68.0,120,80,1,1,0,0,1,48,25.282569898869724,0,Stage-1
1,154,90.0,130,90,3,3,0,0,0,47,37.949063923089895,1,Stage-2
2,164,100.0,210,126,2,2,0,0,1,51,37.18024985127901,1,Stage-2
2,164,64.0,100,60,3,1,1,0,1,56,23.795359904818564,0,Normal
2,173,90.0,120,80,2,2,1,0,1,43,30.071168431955627,1,Stage-1
2,170,85.0,120,80,3,3,0,0,1,54,29.411764705882355,0,Stage-1
1,160,60.0,120,80,1,1,0,0,1,59,23.437499999999996,1,Stage-1
1,167,94.0,160,80,1,1,0,0,1,55,33.70504499982072,1,Stage-2
1,157,58.0,110,70,1,1,0,0,1,58,23.53036634346221,0,Normal
1,157,63.0,120,80,1,1,0,0,1,45,25.558846200657225,0,Stage-1
1,158,70.0,120,80,1,1,0,0,1,64,28.040378144528116,1,Stage-1
1,154,72.0,140,90,1,1,0,0,1,47,30.35925113847192,1,Stage-2
2,165,75.0,150,90,2,3,0,0,1,64,27.548209366391188,1,Stage-2
2,164,89.0,140,100,1,1,0,0,1,51,33.09042236763832,1,Stage-2
2,167,71.0,120,70,1,2,1,1,1,42,25.458065904119906,0,Elevated
2,178,88.0,140,90,2,2,1,0,0,62,27.77427092538821,1,Stage-2
2,165,69.0,120,80,1,1,0,0,1,64,25.344352617079892,0,Stage-1
1,154,55.0,120,80,1,3,0,0,1,51,23.19109461966605,0,Stage-1
1,145,66.0,160,80,2,1,0,0,1,64,31.391200951248514,1,Stage-2
1,159,63.0,110,70,1,1,0,0,1,50,24.919900320398717,1,Normal
2,180,99.0,120,80,1,1,1,1,1,59,30.555555555555554,0,Stage-1
2,169,79.0,120,80,1,1,0,0,0,57,27.660095935016283,0,Stage-1
1,158,53.0,120,80,1,1,0,0,1,49,21.230572023714146,0,Stage-1
2,175,62.0,130,90,1,1,0,0,1,63,20.244897959183675,1,Stage-2
1,156,58.0,130,80,1,2,0,0,1,57,23.83300460223537,1,Stage-1
2,171,70.0,120,80,1,1,0,0,1,43,23.938989774631512,0,Stage-1
1,167,74.0,140,90,3,1,0,0,1,63,26.533758829646096,1,Stage-2
1,165,76.0,140,90,3,3,0,0,1,48,27.915518824609737,0,Stage-2
2,176,74.0,120,80,2,1,0,0,1,62,23.889462809917354,0,Stage-1
1,160,62.0,110,70,2,1,0,0,1,56,24.218749999999996,0,Normal
1,168,85.0,110,70,1,1,0,0,1,41,30.116213151927443,0,Normal
1,159,67.0,100,65,1,1,0,0,1,48,26.502116213757365,0,Normal
1,163,89.0,120,80,1,1,0,0,0,53,33.49768527230984,0,Stage-1
1,152,65.0,110,80,2,1,0,0,1,53,28.133656509695292,0,Stage-1
1,158,61.0,120,80,3,3,0,0,1,45,24.435186668803073,1,Stage-1
1,168,65.0,120,80,1,1,0,0,1,40,23.030045351473927,0,Stage-1
2,172,64.0,120,80,1,1,0,0,1,54,21.63331530557058,0,Stage-1
1,163,63.0,120,80,3,3,0,0,1,56,23.711844630960897,0,Stage-1
2,189,89.0,110,70,1,1,0,0,1,58,24.915315920606925,0,Normal
1,163,59.0,140,80,1,1,0,0,1,56,22.20633068613798,0,Stage-2
1,156,80.0,100,80,1,1,0,0,1,53,32.87310979618672,0,Stage-1
1,168,69.0,120,80,1,1,0,0,1,50,24.44727891156463,0,Stage-1
2,177,85.0,110,80,1,1,0,0,1,51,27.13141179099237,1,Stage-1
2,175,90.0,130,80,1,1,1,0,1,63,29.387755102040817,1,Stage-1
2,170,84.0,140,90,3,1,0,0,1,58,29.065743944636683,1,Stage-2
1,150,69.0,127,75,3,1,0,0,1,55,30.666666666666668,1,Elevated
1,154,87.0,135,90,1,1,0,0,1,62,36.68409512565357,1,Stage-2
1,156,62.0,160,100,2,1,0,0,0,58,25.476660092044707,1,Stage-2
2,169,72.0,150,80,1,1,0,0,1,58,25.209201358495854,1,Stage-2
2,170,80.0,120,80,1,1,0,0,1,45,27.68166089965398,0,Stage-1
1,164,83.0,120,80,3,3,0,0,1,51,30.859607376561577,1,Stage-1
2,175,69.0,110,70,1,1,0,0,0,61,22.53061224489796,1,Normal
1,163,73.0,120,80,1,1,0,0,1,57,27.475629493018182,0,Stage-1
1,151,50.0,110,95,1,1,0,0,1,62,21.928862769176792,0,Stage-2
1,164,79.0,130,90,1,1,0,0,1,43,29.372397382510414,1,Stage-2
1,156,65.0,129,90,1,1,0,0,0,54,26.709401709401707,0,Stage-2
1,160,95.0,120,70,1,1,0,0,1,52,37.10937499999999,1,Elevated
2,165,58.0,110,70,1,1,1,0,1,40,21.30394857667585,0,Normal
1,155,70.0,110,60,1,1,0,0,0,54,29.1363163371488,0,Normal
2,167,76.0,120,80,1,1,0,0,1,55,27.250887446663558,0,Stage-1
2,166,62.0,140,90,3,3,0,0,1,53,22.49963710262738,1,Stage-2
1,151,59.0,140,80,2,1,0,0,1,57,25.876058067628612,1,Stage-2
1,161,83.0,190,80,2,1,0,0,1,61,32.02036958450677,1,Stage-2
1,160,82.0,160,100,1,1,0,0,1,57,32.03124999999999,1,Stage-2
2,170,86.0,120,80,1,1,0,0,0,52,29.75778546712803,0,Stage-1
2,165,69.0,120,80,1,1,0,0,1,55,25.344352617079892,0,Stage-1
2,168,78.0,110,70,1,1,1,0,1,52,27.636054421768712,1,Normal
2,169,104.0,120,80,1,1,0,0,1,51,36.41329085116068,0,Stage-1
1,169,70.0,120,80,1,1,0,0,1,44,24.508945765204302,1,Stage-1
1,169,95.0,120,80,1,1,0,0,1,56,33.2621406813487,0,Stage-1
1,165,65.0,120,80,1,1,0,0,1,53,23.875114784205696,1,Stage-1
1,156,65.0,120,80,1,1,0,0,1,47,26.709401709401707,0,Stage-1
2,164,78.0,120,80,1,1,0,0,1,57,29.000594883997625,0,Stage-1
1,161,84.0,120,80,1,1,0,0,1,49,32.40615716986227,0,Stage-1
1,153,68.0,110,60,1,1,0,0,1,52,29.04865649963689,0,Normal
1,156,83.0,150,90,1,1,0,0,0,60,34.10585141354372,1,Stage-2
1,170,98.0,140,79,2,1,0,0,0,48,33.91003460207613,1,Stage-2
2,170,65.0,120,80,1,1,0,0,1,63,22.49134948096886,1,Stage-1
2,179,70.0,120,80,1,1,0,0,1,48,21.847008520333322,0,Stage-1
1,171,73.0,125,70,1,1,0,0,1,43,24.96494647925858,1,Elevated
1,167,64.0,90,60,1,1,0,0,1,53,22.948115744558788,0,Normal
2,168,63.0,120,80,1,1,0,0,0,53,22.321428571428577,0,Stage-1
1,160,79.0,130,90,3,3,0,0,1,54,30.859374999999993,1,Stage-2
1,162,64.0,140,90,3,1,0,0,0,59,24.38652644413961,1,Stage-2
2,159,90.0,130,90,1,1,0,0,1,40,35.59985760056959,0,Stage-2
1,165,68.0,120,80,1,1,0,0,1,53,24.977043158861342,1,Stage-1
1,152,45.0,120,80,1,1,0,0,0,60,19.47714681440443,0,Stage-1
1,154,70.0,110,70,1,1,0,0,1,44,29.515938606847698,0,Normal
2,185,68.0,110,90,1,1,1,0,1,44,19.86851716581446,0,Stage-2
2,169,87.0,120,70,1,1,0,0,1,46,30.461118308182492,1,Elevated
2,160,62.0,120,80,1,1,0,0,1,40,24.218749999999996,0,Stage-1
2,176,116.0,150,90,2,1,1,1,1,53,37.44834710743802,1,Stage-2
1,160,58.0,120,80,1,1,0,0,1,55,22.656249999999996,0,Stage-1
1,161,80.0,110,80,1,1,0,0,1,63,30.86300682844026,1,Stage-1
2,166,104.0,140,80,3,1,0,0,1,43,37.741326752794315,1,Stage-2
2,170,106.0,140,90,1,1,0,1,0,63,36.67820069204153,0,Stage-2
2,168,81.0,120,80,1,1,0,0,0,62,28.69897959183674,0,Stage-1
1,145,48.0,100,80,1,1,0,0,1,50,22.829964328180736,0,Stage-1
2,170,72.0,130,90,1,1,0,0,1,60,24.913494809688583,0,Stage-2
2,165,65.0,120,80,1,1,0,0,1,52,23.875114784205696,0,Stage-1
2,170,80.0,120,80,2,1,1,1,1,47,27.68166089965398,0,Stage-1
1,156,68.0,130,80,3,3,0,0,1,58,27.94214332675871,1,Stage-1
1,162,74.0,110,70,1,1,0,0,0,56,28.19692120103642,0,Normal
1,161,78.0,140,90,1,1,0,0,1,56,30.091431657729252,1,Stage-2
1,162,99.0,130,79,2,2,0,0,1,64,37.722908093278456,0,Stage-1
1,156,100.0,140,90,3,2,0,0,0,59,41.0913872452334,1,Stage-2
1,168,63.0,120,80,1,1,0,0,1,56,22.321428571428577,1,Stage-1
1,160,60.0,140,90,1,1,0,0,1,46,23.437499999999996,1,Stage-2
2,160,86.0,120,70,3,1,0,0,1,61,33.59374999999999,1,Elevated
2,174,81.0,100,60,1,1,1,1,1,51,26.7538644470868,0,Normal
2,172,74.0,130,80,1,1,0,0,0,62,25.013520822065985,0,Stage-1
2,172,95.0,110,70,2,1,1,1,0,45,32.11195240670633,0,Normal
1,157,89.0,110,75,1,1,0,0,0,55,36.10694145807132,1,Normal
2,175,92.0,130,90,1,1,0,0,1,57,30.040816326530614,1,Stage-2
1,153,63.0,120,80,1,1,0,0,1,61,26.91272587466359,0,Stage-1
1,160,61.0,140,90,1,1,0,0,0,52,23.828124999999996,1,Stage-2
1,161,64.0,120,80,1,1,0,1,1,52,24.690405462752206,1,Stage-1
1,160,76.0,110,70,1,1,0,0,1,51,29.687499999999993,0,Normal
1,169,69.0,120,80,1,1,0,0,1,59,24.158817968558527,1,Stage-1
1,154,61.0,120,80,1,1,1,0,0,57,25.72103221453871,0,Stage-1
2,172,65.0,120,80,1,1,0,1,1,39,21.971335857220122,0,Stage-1
1,160,92.0,140,100,1,2,0,0,0,52,35.93749999999999,1,Stage-2
1,168,85.0,140,90,2,1,0,0,1,55,30.116213151927443,1,Stage-2
1,156,87.0,160,100,1,1,0,0,0,62,35.74950690335305,1,Stage-2
1,149,81.0,150,90,3,2,0,0,1,62,36.48484302508896,1,Stage-2
1,157,57.0,100,70,1,1,0,0,1,42,23.124670372023203,0,Normal
2,174,69.0,150,90,1,1,1,0,1,58,22.79032897344431,1,Stage-2
1,156,53.0,90,60,2,3,0,1,1,51,21.7784352399737,0,Normal
2,161,73.0,140,90,1,1,0,0,1,44,28.162493730951734,1,Stage-2
2,177,93.0,140,80,2,3,0,0,1,43,29.68495643014459,1,Stage-2
1,150,51.0,120,80,1,1,1,1,1,54,22.666666666666668,1,Stage-1
2,168,103.0,140,90,1,1,0,0,1,56,36.49376417233561,1,Stage-2
2,170,75.0,120,80,1,1,0,0,1,64,25.95155709342561,1,Stage-1
2,192,87.0,100,80,1,1,0,0,1,50,23.600260416666668,0,Stage-1
1,155,66.0,100,70,1,1,0,0,1,43,27.47138397502601,0,Normal
1,162,52.0,120,70,1,1,0,0,0,48,19.81405273586343,0,Elevated
1,154,68.0,110,80,1,1,0,0,1,53,28.67262607522348,0,Stage-1
1,156,52.0,110,70,1,1,0,0,0,50,21.367521367521366,0,Normal
1,158,50.0,120,80,1,1,0,0,0,49,20.028841531805796,0,Stage-1
1,168,77.0,140,90,2,1,0,0,0,60,27.281746031746035,1,Stage-2
1,180,69.0,150,100,2,1,0,0,0,43,21.296296296296294,1,Stage-2
2,168,78.0,120,80,1,1,0,0,1,54,27.636054421768712,0,Stage-1
2,171,82.0,120,80,1,1,0,0,1,55,28.042816593139772,0,Stage-1
1,163,72.5,130,80,1,2,0,0,1,48,27.287440249915317,0,Stage-1
1,148,83.0,140,100,1,1,0,0,1,43,37.892622352081816,1,Stage-2
1,160,67.0,120,60,1,1,0,0,1,43,26.171874999999996,0,Elevated
1,155,45.0,120,60,1,1,1,1,0,41,18.730489073881373,0,Elevated
1,153,80.0,95,80,1,1,0,0,0,50,34.17488999957281,0,Stage-1
1,159,52.0,128,80,1,1,0,0,1,49,20.56880661366243,0,Stage-1
1,160,93.0,120,80,1,1,0,0,1,63,36.32812499999999,1,Stage-1
2,166,70.0,140,90,1,1,0,0,1,52,25.402816083611555,1,Stage-2
1,165,100.0,140,90,3,1,0,0,1,63,36.73094582185492,1,Stage-2
1,156,49.0,110,70,1,1,0,0,1,50,20.134779750164363,0,Normal
2,175,65.0,110,70,1,1,1,0,1,39,21.224489795918366,0,Normal
2,166,64.0,150,100,1,1,1,0,1,46,23.225431847873423,1,Stage-2
2,174,110.0,130,90,3,1,0,0,1,40,36.332408508389484,1,Stage-2
1,163,74.0,120,80,1,1,0,0,1,58,27.85200797922391,1,Stage-1
1,155,71.0,130,80,1,1,0,0,0,55,29.552549427679498,1,Stage-1
2,178,76.0,120,80,1,1,0,0,1,52,23.98687034465345,0,Stage-1
1,160,60.0,120,80,1,1,0,0,1,50,23.437499999999996,0,Stage-1
1,163,105.0,120,90,1,1,0,0,1,45,39.51974105160149,0,Stage-2
1,154,54.0,110,70,1,1,0,0,1,53,22.76943835385394,0,Normal
1,145,50.0,110,70,1,1,0,0,1,64,23.781212841854934,1,Normal
2,168,64.0,120,80,1,1,0,0,1,40,22.67573696145125,0,Stage-1
2,180,72.0,130,80,2,1,1,0,1,49,22.22222222222222,1,Stage-1
2,164,68.0,140,100,1,1,0,0,1,55,25.282569898869724,1,Stage-2
1,171,71.0,120,80,1,1,0,0,1,43,24.280975342840534,0,Stage-1
1,154,87.0,130,80,3,1,0,0,0,57,36.68409512565357,1,Stage-1
2,170,88.0,150,90,1,1,0,0,1,61,30.449826989619382,0,Stage-2
1,158,60.0,90,60,2,1,0,0,1,49,24.034609838166958,0,Normal
1,166,78.2,120,80,1,1,0,0,1,50,28.37857453912034,0,Stage-1
1,155,78.0,130,90,1,1,0,0,1,50,32.46618106139438,1,Stage-2
1,168,66.0,140,70,1,1,0,0,1,51,23.384353741496604,1,Stage-2
1,154,76.0,120,80,2,1,0,0,1,57,32.04587620172036,0,Stage-1
1,164,57.0,120,80,1,1,0,0,1,51,21.192742415229034,1,Stage-1
1,156,89.0,120,70,1,1,0,0,1,54,36.571334648257725,0,Elevated
1,166,65.0,120,80,1,1,0,0,1,44,23.588329220496444,0,Stage-1
2,176,94.0,140,80,1,1,0,0,0,54,30.34607438016529,1,Stage-2
1,155,71.0,130,90,1,1,0,0,1,58,29.552549427679498,1,Stage-2
2,176,94.0,140,90,1,1,0,1,1,50,30.34607438016529,1,Stage-2
1,158,60.0,110,70,1,1,0,0,1,43,24.034609838166958,0,Normal
2,179,72.0,110,70,1,1,0,0,1,51,22.47120876377142,0,Normal
1,154,82.0,120,80,1,1,0,0,1,45,34.57581379659302,1,Stage-1
1,174,65.0,120,80,1,1,0,0,1,52,21.469150482230148,1,Stage-1
1,160,60.0,120,80,1,1,0,0,1,55,23.437499999999996,0,Stage-1
1,162,73.0,120,80,3,1,0,0,1,59,27.815881725346742,1,Stage-1
2,169,70.0,120,70,1,1,0,0,0,50,24.508945765204302,0,Elevated
1,160,60.0,130,100,1,1,0,0,1,45,23.437499999999996,1,Stage-2
1,162,101.0,140,90,1,2,0,0,1,50,38.48498704465782,1,Stage-2
1,169,69.0,110,80,1,1,0,0,0,42,24.158817968558527,0,Stage-1
2,178,74.0,120,80,1,1,0,0,1,47,23.355636914530994,0,Stage-1
1,160,78.0,120,80,1,1,0,0,0,62,30.468749999999993,0,Stage-1
2,178,85.0,140,90,3,1,1,0,0,63,26.82742078020452,1,Stage-2
1,164,98.0,130,70,1,1,0,0,0,53,36.43664485425343,0,Stage-1
1,159,100.0,130,90,1,2,0,0,0,52,39.55539733396622,0,Stage-2
2,174,67.0,110,80,1,1,0,0,1,47,22.12973972783723,0,Stage-1
1,164,60.0,110,60,1,1,0,0,1,43,22.308149910767405,0,Normal
1,157,76.0,120,80,2,1,0,0,1,43,30.832893829364274,0,Stage-1
1,164,70.0,90,80,1,1,0,0,1,45,26.026174895895306,0,Stage-1
1,160,96.0,140,80,3,2,0,0,1,54,37.49999999999999,1,Stage-2
2,179,84.0,120,80,1,1,0,0,1,51,26.216410224399986,1,Stage-1
1,158,59.0,130,80,1,1,0,0,1,41,23.634033007530842,0,Stage-1
1,171,67.0,130,80,3,1,0,0,0,63,22.91303307000445,0,Stage-1
1,179,78.0,120,80,1,1,0,0,1,42,24.343809494085704,0,Stage-1
1,156,101.0,120,80,1,1,0,0,1,44,41.50230111768573,0,Stage-1
1,154,94.0,120,80,1,1,0,0,0,50,39.63568898633834,1,Stage-1
1,172,84.0,120,80,1,1,0,0,1,54,28.393726338561386,1,Stage-1
1,162,65.0,140,90,3,3,0,0,1,62,24.76756591982929,0,Stage-2
1,168,89.0,140,90,3,3,0,0,1,47,31.533446712018144,1,Stage-2
2,163,70.0,120,80,1,1,0,0,1,63,26.346494034400994,1,Stage-1
1,156,75.0,135,80,1,1,0,0,1,57,30.818540433925047,1,Stage-1
1,156,87.0,180,100,1,2,0,0,0,53,35.74950690335305,0,Stage-2
1,164,73.0,110,80,2,1,0,0,0,48,27.141582391433676,1,Stage-1
1,148,52.0,120,90,1,1,0,0,1,51,23.739956172388606,1,Stage-2
1,164,84.0,110,70,1,1,0,0,1,51,31.231409875074366,0,Normal
2,170,76.0,120,80,3,1,0,0,1,54,26.29757785467128,0,Stage-1
2,170,60.0,120,80,1,1,1,1,1,54,20.761245674740486,1,Stage-1
2,180,89.0,120,80,1,1,1,1,1,53,27.469135802469133,0,Stage-1
1,160,86.0,140,90,2,1,0,0,1,61,33.59374999999999,1,Stage-2
1,155,57.0,120,70,2,1,0,0,1,62,23.725286160249738,1,Elevated
2,173,91.0,140,80,2,1,0,0,1,41,30.405292525644022,0,Stage-2
2,165,75.0,120,80,1,1,1,0,1,46,27.548209366391188,0,Stage-1
1,159,69.0,140,80,1,1,1,0,0,40,27.29322416043669,1,Stage-2
2,165,70.0,150,90,2,1,0,0,1,47,25.71166207529844,1,Stage-2
1,153,60.0,120,80,3,3,0,0,1,60,25.63116749967961,0,Stage-1
1,155,86.0,130,80,1,1,0,0,1,43,35.796045785639954,1,Stage-1
1,156,61.0,120,80,1,1,0,0,1,50,25.06574621959237,0,Stage-1
1,145,65.0,110,80,1,1,0,0,1,51,30.915576694411413,0,Stage-1
1,155,68.0,120,80,1,1,0,0,0,39,28.303850156087407,0,Stage-1
1,172,96.0,110,80,1,1,0,0,1,43,32.44997295835587,1,Stage-1
1,162,89.0,120,80,2,1,0,1,1,63,33.91251333638164,0,Stage-1
2,151,51.0,120,80,1,1,0,0,1,52,22.367440024560327,0,Stage-1
1,172,63.0,110,70,1,1,0,0,1,56,21.29529475392104,0,Normal
1,167,66.0,120,80,1,1,0,0,1,51,23.66524436157625,0,Stage-1
1,157,90.0,120,90,1,1,0,0,1,59,36.51263742951032,0,Stage-2
1,152,56.0,160,70,1,1,0,0,1,51,24.238227146814403,1,Stage-2
1,165,89.0,120,80,1,1,0,0,1,54,32.690541781450875,1,Stage-1
1,162,70.0,100,60,1,1,0,0,1,42,26.672763298277697,0,Normal
1,160,63.0,130,80,3,1,0,0,1,51,24.609374999999996,1,Stage-1
2,170,81.0,130,90,2,1,0,0,1,57,28.027681660899656,1,Stage-2
1,174,71.0,100,70,1,1,0,0,1,46,23.450918219051392,0,Normal
2,172,68.0,135,85,1,1,0,0,1,46,22.985397512168742,1,Stage-1
2,170,64.0,120,80,1,1,1,0,0,41,22.145328719723185,0,Stage-1
2,170,70.0,110,70,3,3,0,0,1,61,24.221453287197235,1,Normal
1,158,57.0,110,70,1,1,0,0,1,49,22.832879346258608,0,Normal
2,179,91.0,130,90,2,1,0,0,0,59,28.40111107643332,1,Stage-2
1,163,63.0,120,80,3,3,0,0,0,56,23.711844630960897,1,Stage-1
1,165,63.0,130,90,1,1,0,0,1,59,23.140495867768596,0,Stage-2
1,162,72.0,150,90,1,1,0,0,1,45,27.43484224965706,1,Stage-2
2,153,58.0,100,80,1,1,1,0,1,58,24.77679524969029,0,Stage-1
1,154,90.0,120,80,2,3,0,1,1,60,37.949063923089895,0,Stage-1
1,147,64.0,110,80,1,1,0,0,1,57,29.617289092507754,0,Stage-1
1,162,59.0,140,90,1,1,0,0,1,39,22.481329065691202,1,Stage-2
2,180,110.0,150,90,1,1,1,0,0,43,33.95061728395061,1,Stage-2
1,164,80.0,130,90,1,1,1,0,1,53,29.744199881023206,1,Stage-2
1,153,66.0,120,70,2,1,0,0,1,43,28.194284249647573,0,Elevated
2,180,105.0,120,80,1,1,1,1,1,45,32.407407407407405,0,Stage-1
1,168,68.0,120,80,3,3,0,0,1,54,24.092970521541954,0,Stage-1
1,160,83.0,200,100,1,1,0,0,1,59,32.42187499999999,1,Stage-2
1,168,68.0,120,80,1,1,0,0,0,40,24.092970521541954,0,Stage-1
2,165,60.0,140,80,1,1,0,0,1,59,22.03856749311295,1,Stage-2
2,162,70.0,150,80,1,1,0,0,1,59,26.672763298277697,1,Stage-2
2,176,81.0,120,80,2,1,0,0,1,54,26.149276859504134,0,Stage-1
1,130,80.0,130,80,1,1,0,0,1,57,47.33727810650887,1,Stage-1
2,170,70.0,130,90,1,1,0,0,1,51,24.221453287197235,1,Stage-2
1,156,78.0,130,80,2,2,0,0,0,63,32.05128205128205,1,Stage-1
2,182,87.0,140,90,1,1,0,0,1,44,26.26494384736143,0,Stage-2
2,186,70.0,120,80,2,2,1,0,1,54,20.23355301190889,0,Stage-1
1,163,73.0,130,80,1,1,0,0,1,48,27.475629493018182,1,Stage-1
1,147,45.0,107,72,1,1,0,0,1,45,20.824656393169516,0,Normal
1,169,69.0,110,70,1,2,0,0,1,47,24.158817968558527,0,Normal
1,156,87.0,120,80,1,1,0,0,1,53,35.74950690335305,0,Stage-1
1,165,78.0,120,80,1,3,0,0,0,62,28.650137741046834,1,Stage-1
1,162,60.0,120,90,1,1,0,0,1,56,22.86236854138088,1,Stage-2
1,155,78.0,125,70,2,1,0,0,1,53,32.46618106139438,0,Elevated
2,167,79.0,100,72,1,1,1,0,1,62,28.326580372189753,0,Normal
1,169,93.0,120,80,2,1,0,0,0,57,32.561885088057146,1,Stage-1
2,170,60.0,130,90,3,3,0,0,1,58,20.761245674740486,1,Stage-2
1,158,58.0,120,80,1,1,0,0,1,57,23.233456176894723,0,Stage-1
1,160,72.0,150,90,1,1,0,0,1,64,28.124999999999993,1,Stage-2
2,168,63.0,120,80,1,1,0,0,1,57,22.321428571428577,0,Stage-1
2,168,97.0,150,100,2,1,0,0,0,63,34.367913832199555,0,Stage-2
2,170,88.0,120,80,1,1,0,0,1,51,30.449826989619382,0,Stage-1
1,163,63.0,120,80,1,1,0,0,0,55,23.711844630960897,0,Stage-1
2,169,71.0,120,90,3,2,0,0,1,51,24.859073561850078,1,Stage-2
1,162,85.0,120,80,1,1,0,0,1,39,32.38835543362292,0,Stage-1
2,179,78.0,140,100,1,1,1,0,1,41,24.343809494085704,1,Stage-2
1,168,105.0,120,90,1,1,0,0,1,58,37.202380952380956,0,Stage-2
1,160,58.0,120,80,1,1,0,0,1,52,22.656249999999996,0,Stage-1
2,184,125.0,150,100,2,1,1,0,1,43,36.92107750472589,1,Stage-2
1,143,36.0,90,60,1,1,0,0,1,43,17.604772849528096,0,Normal
2,170,58.0,130,90,1,1,0,0,1,58,20.06920415224914,1,Stage-2
2,159,70.0,110,70,1,1,0,0,1,58,27.688778133776353,0,Normal
2,184,82.0,120,80,1,1,0,0,1,51,24.22022684310019,1,Stage-1
2,170,55.0,110,70,1,1,1,0,1,59,19.031141868512112,0,Normal
1,170,70.0,120,80,1,2,0,0,1,54,24.221453287197235,0,Stage-1
1,148,71.0,140,90,1,1,0,0,1,61,32.414170927684445,1,Stage-2
1,153,63.0,130,100,3,1,1,0,1,47,26.91272587466359,1,Stage-2
2,180,76.0,120,80,1,1,0,0,0,56,23.456790123456788,0,Stage-1
1,148,78.0,140,90,3,3,0,0,1,57,35.60993425858291,1,Stage-2
2,169,68.0,120,70,1,1,0,0,0,64,23.80869017191275,1,Elevated
1,145,65.0,90,60,1,1,0,0,0,40,30.915576694411413,0,Normal
1,174,88.0,100,50,1,1,0,0,1,45,29.065926806711587,0,Normal
2,180,101.0,120,80,3,3,1,0,1,52,31.17283950617284,0,Stage-1
1,160,60.0,120,80,1,1,0,0,1,49,23.437499999999996,0,Stage-1
1,166,85.0,100,60,1,2,0,0,1,57,30.84627667295689,1,Normal
1,160,72.0,110,80,1,1,0,0,1,59,28.124999999999993,1,Stage-1
2,164,65.0,130,70,1,1,0,0,1,43,24.167162403331353,1,Stage-1
1,164,74.0,130,90,1,1,0,0,1,51,27.513384889946465,1,Stage-2
1,176,104.0,140,80,1,1,0,0,1,55,33.574380165289256,1,Stage-2
1,160,65.0,110,70,1,1,0,0,1,52,25.390624999999996,1,Normal
1,160,70.0,120,80,1,3,0,0,1,40,27.343749999999996,0,Stage-1
1,163,71.0,110,80,1,1,0,0,1,54,26.722872520606725,0,Stage-1
2,168,73.0,140,90,1,1,0,0,1,54,25.86451247165533,0,Stage-2
2,169,66.0,120,80,1,1,0,0,1,53,23.1084345786212,0,Stage-1
1,159,54.0,120,80,1,1,0,0,0,46,21.359914560341757,0,Stage-1
1,164,64.0,90,60,1,1,0,0,1,48,23.795359904818564,1,Normal
2,160,84.0,150,90,1,1,1,0,0,57,32.81249999999999,1,Stage-2
1,168,70.0,120,80,1,1,0,0,1,41,24.801587301587304,0,Stage-1
2,170,88.0,130,80,2,1,0,0,1,59,30.449826989619382,1,Stage-1
2,160,64.0,120,80,1,1,0,0,0,51,24.999999999999996,1,Stage-1
1,154,67.0,120,80,1,1,0,0,1,43,28.25096980941137,0,Stage-1
1,174,81.0,140,90,2,1,0,0,1,54,26.7538644470868,1,Stage-2
1,165,63.0,100,70,1,1,0,0,1,64,23.140495867768596,1,Normal
2,163,56.0,130,70,2,1,0,0,0,54,21.077195227520797,1,Stage-1
2,170,86.0,120,80,1,1,0,0,1,40,29.75778546712803,0,Stage-1
1,151,60.0,120,80,1,1,0,0,1,60,26.314635323012148,1,Stage-1
1,162,52.0,120,80,1,1,0,0,1,55,19.81405273586343,0,Stage-1
1,165,74.0,140,90,1,1,0,0,1,50,27.180899908172638,1,Stage-2
2,180,100.0,120,80,1,1,1,1,1,61,30.864197530864196,0,Stage-1
1,157,60.0,120,80,1,1,0,0,1,58,24.341758286340216,0,Stage-1
2,173,95.0,130,80,3,1,1,1,1,57,31.741788900397605,1,Stage-1
2,166,65.0,150,80,2,1,1,0,1,61,23.588329220496444,1,Stage-2
2,170,82.0,120,80,1,1,1,1,1,58,28.373702422145332,1,Stage-1
2,155,55.0,130,90,1,1,0,0,1,59,22.892819979188342,0,Stage-2
1,151,69.0,100,70,1,1,0,0,1,51,30.26183062146397,0,Normal
1,171,77.0,100,60,1,1,0,0,1,46,26.332888752094664,0,Normal
1,159,68.0,120,80,1,1,0,0,1,59,26.897670187097027,1,Stage-1
1,160,80.0,180,80,1,1,0,0,1,52,31.249999999999993,1,Stage-2
1,152,52.0,110,70,1,1,0,0,1,64,22.506925207756233,0,Normal
1,157,63.0,160,80,1,1,0,0,1,62,25.558846200657225,1,Stage-2
1,158,56.0,120,80,1,1,0,0,1,39,22.432302515622492,0,Stage-1
2,178,103.0,120,80,1,1,0,0,1,41,32.50852165130665,0,Stage-1
1,162,88.0,160,100,3,3,0,0,1,49,33.53147386069196,1,Stage-2
2,165,78.0,120,70,1,1,0,0,1,48,28.650137741046834,1,Elevated
1,165,65.0,140,90,1,1,0,0,1,50,23.875114784205696,1,Stage-2
1,149,66.0,160,100,3,1,0,0,1,63,29.72839061303545,1,Stage-2
1,158,62.0,120,80,1,1,0,0,1,56,24.83576349943919,0,Stage-1
1,170,84.0,150,90,1,1,0,0,1,55,29.065743944636683,1,Stage-2
1,158,61.0,120,80,2,2,0,0,1,56,24.435186668803073,0,Stage-1
2,165,70.0,160,100,1,1,0,0,1,64,25.71166207529844,1,Stage-2
1,166,63.0,90,60,1,1,0,0,1,42,22.8625344752504,0,Normal
2,171,83.0,140,90,1,1,0,0,1,52,28.384802161348794,1,Stage-2
1,165,60.0,110,70,1,1,0,0,1,49,22.03856749311295,0,Normal
2,176,84.0,160,100,1,1,1,0,1,49,27.117768595041323,1,Stage-2
1,171,63.0,130,90,1,1,0,0,1,60,21.545090797168363,0,Stage-2
2,163,64.0,125,85,2,1,0,0,1,55,24.088223117166624,0,Stage-1
1,153,71.0,90,60,1,1,0,0,1,47,30.33021487462087,0,Normal
1,153,80.0,130,90,1,3,0,0,1,58,34.17488999957281,0,Stage-2
2,174,88.0,130,90,1,1,0,0,0,48,29.065926806711587,1,Stage-2
2,171,111.0,130,90,1,1,0,0,0,39,37.960398071201396,1,Stage-2
2,169,76.0,100,60,1,1,0,0,1,51,26.609712545078956,0,Normal
2,164,56.0,124,89,1,1,0,0,1,48,20.820939916716245,0,Stage-1
1,175,80.0,160,80,1,1,0,0,1,47,26.122448979591837,1,Stage-2
1,156,62.0,80,60,1,1,0,0,0,42,25.476660092044707,0,Normal
1,179,76.0,140,90,2,2,0,0,1,51,23.719609250647608,1,Stage-2
1,160,77.0,156,94,3,1,0,0,1,43,30.078124999999993,1,Stage-2
1,164,71.0,120,80,1,1,0,0,1,49,26.397977394408095,0,Stage-1
2,169,78.0,120,80,3,2,0,0,1,42,27.309968138370508,0,Stage-1
2,173,68.0,130,80,1,1,1,0,1,51,22.720438370810918,0,Stage-1
1,159,60.0,120,80,1,1,0,0,0,55,23.73323840037973,0,Stage-1
1,165,60.0,140,80,1,1,0,0,1,50,22.03856749311295,1,Stage-2
1,159,54.0,110,70,1,1,0,0,1,60,21.359914560341757,1,Normal
1,158,72.0,140,90,3,1,0,0,0,43,28.841531805800347,1,Stage-2
1,163,65.0,100,60,2,1,0,0,1,50,24.46460160337235,0,Normal
1,154,51.0,100,70,1,1,0,0,1,46,21.504469556417607,0,Normal
2,165,57.0,90,60,1,1,0,0,0,43,20.936639118457304,0,Normal
2,162,56.0,150,100,1,1,0,0,1,51,21.338210638622158,1,Stage-2
1,164,80.0,140,90,1,1,0,0,1,48,29.744199881023206,1,Stage-2
1,164,67.0,120,80,1,1,0,0,1,56,24.910767400356935,0,Stage-1
1,156,66.0,119,74,1,1,0,0,0,62,27.12031558185404,1,Normal
1,156,52.0,110,80,1,1,0,0,0,43,21.367521367521366,0,Stage-1
1,160,93.0,140,90,1,1,0,0,0,59,36.32812499999999,1,Stage-2
1,162,56.0,120,80,1,1,0,0,1,53,21.338210638622158,1,Stage-1
1,153,50.0,110,70,2,1,0,0,1,58,21.35930624973301,0,Normal
2,180,55.0,110,70,1,1,0,0,1,39,16.975308641975307,0,Normal
2,169,75.0,120,80,1,1,0,0,1,60,26.25958474843318,0,Stage-1
1,166,69.0,120,80,1,1,0,0,1,49,25.039918710988534,0,Stage-1
1,156,58.0,100,80,1,1,0,0,1,50,23.83300460223537,0,Stage-1
1,158,71.0,120,80,1,1,0,0,1,55,28.44095497516423,0,Stage-1
2,168,64.0,130,80,3,3,0,0,1,63,22.67573696145125,1,Stage-1
1,159,61.0,120,80,1,1,0,0,1,50,24.128792373719392,0,Stage-1
1,158,101.0,130,80,1,1,0,0,1,54,40.45825989424771,0,Stage-1
2,160,60.0,120,80,1,1,1,0,1,39,23.437499999999996,0,Stage-1
1,169,78.0,140,90,1,1,0,0,1,61,27.309968138370508,1,Stage-2
1,168,69.0,100,60,1,1,0,0,1,43,24.44727891156463,0,Normal
1,158,70.0,140,90,2,2,0,0,1,46,28.040378144528116,0,Stage-2
1,165,70.0,120,80,1,1,0,0,1,53,25.71166207529844,0,Stage-1
1,159,80.0,120,80,1,1,0,0,1,55,31.644317867172973,1,Stage-1
1,165,63.0,120,80,1,1,0,0,1,52,23.140495867768596,0,Stage-1
1,156,66.0,160,110,1,1,0,0,1,54,27.12031558185404,0,Stage-2
1,165,70.0,130,80,1,1,0,0,1,50,25.71166207529844,0,Stage-1
1,175,65.0,120,70,1,1,0,0,1,59,21.224489795918366,0,Elevated
1,163,90.0,140,80,3,1,0,0,1,63,33.87406375851557,1,Stage-2
1,154,50.0,115,80,1,1,0,0,1,58,21.0828132906055,0,Stage-1
1,158,63.0,150,90,2,1,0,0,0,61,25.236340330075304,1,Stage-2
2,150,70.0,100,60,1,3,0,0,1,56,31.11111111111111,0,Normal
1,165,85.0,120,80,1,1,0,0,0,42,31.22130394857668,0,Stage-1
1,162,67.0,120,80,1,3,0,0,1,54,25.529644871208653,0,Stage-1
1,159,54.0,110,70,2,1,0,0,0,46,21.359914560341757,0,Normal
1,165,67.0,120,80,1,1,0,0,1,57,24.609733700642796,1,Stage-1
1,170,116.0,130,70,1,1,0,0,1,45,40.13840830449828,0,Stage-1
1,156,54.0,120,80,1,1,0,0,1,53,22.189349112426033,0,Stage-1
2,170,94.0,140,100,3,2,0,0,1,59,32.52595155709343,1,Stage-2
1,155,59.0,120,80,2,1,0,0,0,50,24.55775234131113,0,Stage-1
2,171,72.0,130,100,3,3,0,0,1,45,24.622960911049557,1,Stage-2
1,157,63.0,120,80,1,1,0,0,1,46,25.558846200657225,0,Stage-1
1,167,65.0,140,80,3,3,0,0,1,56,23.306680053067517,1,Stage-2
2,170,90.0,150,89,1,1,1,0,0,49,31.14186851211073,1,Stage-2
2,178,75.0,120,80,2,1,0,0,0,60,23.671253629592222,1,Stage-1
1,163,106.0,120,80,1,1,0,0,0,53,39.89611953780722,1,Stage-1
1,154,55.0,120,80,1,1,0,0,1,54,23.19109461966605,1,Stage-1
2,178,95.0,110,80,3,2,0,0,1,55,29.983587930816814,1,Stage-1
2,180,103.0,141,90,1,2,0,0,1,44,31.79012345679012,1,Stage-2
1,155,105.0,150,90,1,1,0,0,1,61,43.7044745057232,0,Stage-2
1,167,78.0,130,80,1,1,0,0,1,51,27.968016063681024,1,Stage-1
1,158,68.0,120,60,1,1,0,0,0,53,27.239224483255885,1,Elevated
2,165,72.0,140,90,1,1,0,0,1,64,26.44628099173554,1,Stage-2
1,165,68.0,150,80,2,1,0,0,1,48,24.977043158861342,1,Stage-2
1,153,71.0,120,80,3,1,0,0,1,51,30.33021487462087,0,Stage-1
1,160,60.0,100,60,2,1,0,0,1,49,23.437499999999996,0,Normal
1,150,76.0,160,100,3,3,0,0,1,55,33.77777777777778,0,Stage-2
2,169,73.0,130,80,3,3,0,0,1,55,25.55932915514163,0,Stage-1
2,180,84.0,120,80,1,1,0,0,1,45,25.925925925925924,0,Stage-1
1,169,69.0,140,90,2,2,0,0,0,58,24.158817968558527,0,Stage-2
1,158,83.0,110,80,1,1,0,1,1,56,33.247876942797625,0,Stage-1
1,169,88.0,110,70,1,2,0,0,0,48,30.811246104828268,1,Normal
1,166,70.0,130,80,1,1,0,0,1,59,25.402816083611555,0,Stage-1
1,162,88.0,120,80,1,1,0,0,0,64,33.53147386069196,0,Stage-1
2,180,85.0,120,80,2,1,0,0,1,51,26.234567901234566,0,Stage-1
1,175,126.0,130,80,1,1,0,0,1,55,41.142857142857146,0,Stage-1
1,164,70.0,120,60,1,1,0,0,1,54,26.026174895895306,1,Elevated
2,179,70.0,110,70,2,1,1,0,0,55,21.847008520333322,0,Normal
1,150,67.0,130,90,1,1,0,0,1,60,29.77777777777778,1,Stage-2
1,153,82.0,100,70,1,2,0,0,1,47,35.02926224956214,0,Normal
1,162,63.0,110,70,1,1,0,0,0,50,24.005486968449926,0,Normal
1,152,59.0,130,100,1,1,0,0,1,43,25.536703601108034,1,Stage-2
1,154,82.0,130,80,1,1,0,0,0,57,34.57581379659302,1,Stage-1
2,159,51.0,150,90,1,1,0,0,1,60,20.17325264032277,0,Stage-2
1,155,61.0,110,70,1,1,0,0,0,51,25.390218522372525,0,Normal
1,157,73.0,130,90,1,1,0,0,1,54,29.61580591504726,1,Stage-2
2,181,105.0,120,80,1,1,0,0,1,48,32.05030371478282,0,Stage-1
1,167,62.0,130,80,1,1,0,0,1,63,22.230987127541326,0,Stage-1
1,161,80.0,130,80,1,1,0,0,1,64,30.86300682844026,0,Stage-1
1,167,64.0,120,80,1,1,0,0,1,50,22.948115744558788,0,Stage-1
1,175,69.0,120,70,1,1,0,0,1,47,22.53061224489796,0,Elevated
2,167,66.0,120,80,1,1,0,0,1,39,23.66524436157625,0,Stage-1
1,161,77.0,100,60,1,1,0,0,1,44,29.705644072373747,0,Normal
1,164,72.0,120,70,1,1,0,0,0,49,26.769779892920884,0,Elevated
1,148,65.0,110,70,1,1,0,0,1,39,29.674945215485756,0,Normal
2,168,91.0,120,70,1,1,1,0,1,57,32.242063492063494,0,Elevated
1,170,56.0,120,70,3,3,0,0,1,56,19.377162629757787,1,Elevated
1,160,60.0,110,70,1,1,0,0,1,51,23.437499999999996,0,Normal
1,161,87.0,150,81,1,1,0,0,1,61,33.56351992592878,0,Stage-2
1,156,111.0,160,110,1,1,0,0,1,45,45.611439842209066,0,Stage-2
1,172,98.0,120,80,1,1,0,0,1,44,33.12601406165495,0,Stage-1
2,162,56.0,110,80,1,1,0,0,1,43,21.338210638622158,0,Stage-1
2,162,71.0,160,100,1,1,1,0,1,63,27.053802773967377,1,Stage-2
2,177,82.0,170,90,3,1,1,1,1,46,26.173832551310287,1,Stage-2
2,174,84.0,120,80,1,1,0,0,1,58,27.74474831549742,1,Stage-1
1,172,71.0,130,70,1,1,0,0,1,43,23.99945916711736,1,Stage-1
2,174,56.0,130,80,1,1,0,0,1,41,18.49649887699828,0,Stage-1
1,158,53.0,120,80,2,1,0,0,1,59,21.230572023714146,0,Stage-1
1,160,68.0,140,90,3,1,0,0,1,57,26.562499999999996,0,Stage-2
2,180,81.0,120,80,2,2,0,0,1,48,25.0,1,Stage-1
2,172,74.0,140,80,1,1,0,0,1,51,25.013520822065985,0,Stage-2
2,162,52.0,110,70,1,2,0,0,1,39,19.81405273586343,0,Normal
1,156,50.0,100,60,1,1,0,0,1,64,20.5456936226167,0,Normal
1,156,67.0,110,70,1,1,0,0,1,43,27.531229454306374,0,Normal
1,168,94.0,110,80,1,1,0,0,1,58,33.30498866213152,0,Stage-1
1,160,82.0,160,80,2,1,0,0,0,61,32.03124999999999,1,Stage-2
1,164,76.0,160,90,2,2,0,0,0,57,28.256989886972047,1,Stage-2
1,162,71.0,120,80,1,1,0,0,1,46,27.053802773967377,0,Stage-1
1,153,64.0,130,80,1,1,0,0,1,59,27.339911999658252,1,Stage-1
2,175,75.0,120,80,1,1,0,0,1,43,24.489795918367346,0,Stage-1
1,155,65.0,110,70,1,1,0,0,0,63,27.055150884495315,1,Normal
1,158,65.0,115,75,1,1,0,0,0,63,26.037493991347535,0,Normal
1,163,66.0,120,80,1,1,0,0,1,54,24.840980089578082,0,Stage-1
1,165,69.0,120,80,1,1,0,0,1,53,25.344352617079892,0,Stage-1
2,185,77.0,120,80,2,2,0,0,1,53,22.498173849525198,0,Stage-1
1,160,91.0,150,90,1,1,0,0,1,44,35.54687499999999,1,Stage-2
2,166,75.0,130,90,2,1,0,1,1,57,27.21730294672667,0,Stage-2
1,149,56.0,140,90,1,1,0,0,1,58,25.224089004999776,1,Stage-2
1,160,67.0,120,80,1,2,0,0,1,46,26.171874999999996,0,Stage-1
2,172,86.0,150,90,2,3,0,0,1,58,29.069767441860467,1,Stage-2
2,163,92.0,140,90,3,1,0,0,1,51,34.62682073092702,1,Stage-2
1,152,50.0,160,100,1,1,0,0,1,62,21.641274238227147,1,Stage-2
2,163,63.0,110,70,1,1,0,0,1,44,23.711844630960897,0,Normal
2,162,70.0,120,80,1,1,0,0,1,52,26.672763298277697,1,Stage-1
2,171,66.0,150,90,2,1,0,0,1,61,22.571047501795427,1,Stage-2
1,163,83.0,170,90,1,1,0,0,1,63,31.239414355075468,1,Stage-2
1,171,74.0,160,100,1,1,0,0,1,59,25.3069320474676,1,Stage-2
1,162,76.0,120,80,3,1,0,0,1,60,28.959000152415786,1,Stage-1
1,160,73.0,110,80,1,1,0,0,1,57,28.515624999999993,1,Stage-1
2,174,80.0,130,90,1,1,1,0,1,45,26.42356982428326,0,Stage-2
2,162,74.0,160,90,1,3,0,0,1,61,28.19692120103642,1,Stage-2
1,169,70.0,130,80,1,1,0,0,1,44,24.508945765204302,1,Stage-1
1,152,67.0,160,90,1,1,0,0,1,58,28.999307479224377,1,Stage-2
1,157,47.0,90,60,1,1,0,0,1,50,19.067710657633167,0,Normal
2,171,78.0,120,80,1,1,1,0,1,58,26.674874320303687,0,Stage-1
1,168,62.0,120,80,1,1,0,0,1,55,21.9671201814059,0,Stage-1
2,180,80.0,120,80,1,1,0,0,1,49,24.691358024691358,0,Stage-1
1,157,79.0,140,100,2,2,0,0,1,64,32.049981743681286,1,Stage-2
2,173,80.0,160,80,1,1,1,0,1,60,26.729927495071667,1,Stage-2
1,176,81.0,120,90,1,1,0,0,1,59,26.149276859504134,0,Stage-2
1,159,85.0,120,80,1,1,0,0,0,64,33.62208773387128,0,Stage-1
1,159,68.0,120,80,1,1,0,0,1,48,26.897670187097027,0,Stage-1
2,172,91.0,130,80,3,1,0,0,0,55,30.75987020010817,1,Stage-1
2,170,90.0,145,100,1,1,0,1,1,57,31.14186851211073,0,Stage-2
1,168,69.0,120,80,1,1,0,0,1,49,24.44727891156463,1,Stage-1
1,159,62.0,120,80,1,1,0,0,1,54,24.524346347059055,0,Stage-1
1,155,88.0,160,100,1,1,0,0,1,61,36.628511966701346,1,Stage-2
1,170,70.0,120,80,1,1,0,0,1,41,24.221453287197235,0,Stage-1
2,174,82.0,120,80,1,1,1,0,1,39,27.08415906989034,0,Stage-1
1,157,95.0,160,120,3,1,0,0,1,55,38.541117286705344,1,Stage-2
2,174,74.0,130,80,3,1,1,0,1,62,24.441802087462015,1,Stage-1
1,164,72.0,110,70,1,1,0,0,1,59,26.769779892920884,1,Normal
2,164,50.0,100,70,1,1,0,0,0,41,18.590124925639504,0,Normal
2,177,114.0,130,80,1,1,0,0,1,40,36.388011107919176,1,Stage-1
2,170,87.0,120,80,1,1,0,0,0,42,30.103806228373706,0,Stage-1
1,165,68.0,140,90,3,1,0,0,1,61,24.977043158861342,1,Stage-2
1,162,102.0,130,80,1,1,1,0,1,54,38.8660265203475,1,Stage-1
2,173,86.0,120,80,3,1,0,0,1,61,28.734672057202044,1,Stage-1
1,160,83.0,160,100,1,1,0,0,1,49,32.42187499999999,1,Stage-2
1,155,85.0,110,80,1,1,0,0,1,64,35.37981269510926,1,Stage-1
1,164,80.0,130,90,1,1,0,0,0,61,29.744199881023206,1,Stage-2
2,164,58.0,120,80,1,1,1,0,1,50,21.564544913741823,0,Stage-1
2,167,69.0,110,70,1,1,0,0,1,60,24.740937287102444,0,Normal
1,163,83.0,120,80,1,1,0,0,1,55,31.239414355075468,0,Stage-1
2,173,79.0,160,90,2,1,1,1,1,45,26.395803401383272,1,Stage-2
2,168,78.0,140,80,1,1,0,0,1,53,27.636054421768712,1,Stage-2
1,154,60.0,110,60,1,1,0,0,1,50,25.2993759487266,0,Normal
1,172,68.0,130,90,1,1,0,0,0,56,22.985397512168742,1,Stage-2
1,169,68.0,120,80,1,1,0,0,1,52,23.80869017191275,1,Stage-1
1,159,53.0,110,70,1,1,0,0,1,53,20.964360587002094,0,Normal
1,161,68.0,120,90,1,1,0,0,1,56,26.23355580417422,0,Stage-2
2,169,92.0,150,90,1,3,0,0,1,55,32.21175729141137,1,Stage-2
2,157,61.0,120,80,1,1,0,0,1,57,24.747454257779218,0,Stage-1
2,160,65.0,140,80,2,1,0,0,1,59,25.390624999999996,0,Stage-2
1,158,60.0,120,80,1,1,0,0,1,54,24.034609838166958,1,Stage-1
1,157,50.0,130,90,1,1,0,0,0,49,20.28479857195018,0,Stage-2
1,154,70.0,110,70,1,1,0,0,1,60,29.515938606847698,0,Normal
1,155,81.0,120,80,1,2,0,0,0,48,33.71488033298647,0,Stage-1
2,172,83.0,120,80,1,1,1,0,1,54,28.055705786911847,0,Stage-1
1,156,56.0,120,70,1,1,0,0,1,40,23.011176857330703,0,Elevated
1,151,65.0,120,80,1,1,0,0,1,54,28.507521599929827,1,Stage-1
1,168,64.0,120,80,1,1,0,0,1,58,22.67573696145125,1,Stage-1
2,166,70.0,120,80,1,1,1,1,1,44,25.402816083611555,0,Stage-1
1,161,81.0,150,70,1,1,0,0,1,54,31.24879441379576,1,Stage-2
1,162,94.0,100,70,3,3,0,0,1,57,35.81771071483005,1,Normal
1,157,64.0,120,80,1,1,0,0,1,51,25.96454217209623,0,Stage-1
1,162,80.0,120,80,1,1,0,0,0,55,30.48315805517451,0,Stage-1
1,153,68.0,110,80,3,2,0,0,1,63,29.04865649963689,1,Stage-1
2,170,85.0,140,80,2,2,0,0,1,57,29.411764705882355,1,Stage-2
1,165,68.0,120,80,1,1,0,0,1,58,24.977043158861342,1,Stage-1
1,154,50.0,100,70,1,1,0,0,1,40,21.0828132906055,0,Normal
1,160,58.0,100,70,2,1,0,0,1,54,22.656249999999996,1,Normal
1,167,68.0,120,80,1,1,0,0,1,46,24.38237297859371,0,Stage-1
1,158,57.0,120,80,1,1,0,0,1,54,22.832879346258608,0,Stage-1
1,175,73.0,140,90,2,2,0,0,1,62,23.836734693877553,1,Stage-2
1,154,62.0,140,100,1,1,0,0,0,50,26.14268848035082,1,Stage-2
2,185,85.0,130,80,1,1,0,0,1,61,24.835646457268076,0,Stage-1
2,170,68.0,120,80,1,1,0,0,1,60,23.529411764705884,0,Stage-1
1,155,85.0,130,90,1,1,0,0,1,39,35.37981269510926,1,Stage-2
1,158,73.0,140,90,1,1,0,0,1,50,29.242108636436463,0,Stage-2
1,149,68.0,120,80,1,1,0,0,1,59,30.629250934642585,0,Stage-1
1,151,58.0,140,90,2,1,0,0,1,61,25.437480812245077,1,Stage-2
1,170,68.0,120,80,1,1,0,0,1,44,23.529411764705884,0,Stage-1
1,165,64.0,140,90,1,1,0,0,1,62,23.507805325987146,1,Stage-2
2,165,67.0,120,80,1,1,1,0,1,53,24.609733700642796,0,Stage-1
1,165,78.0,110,70,1,1,0,0,0,47,28.650137741046834,0,Normal
1,158,78.0,110,70,1,1,0,0,1,43,31.244992789617044,1,Normal
1,154,64.0,100,60,1,1,0,0,1,59,26.986001011975038,0,Normal
1,160,82.0,130,90,1,1,0,0,1,60,32.03124999999999,1,Stage-2
1,155,42.0,90,60,1,1,0,0,1,40,17.48178980228928,0,Normal
1,160,65.0,120,80,1,1,0,0,1,48,25.390624999999996,0,Stage-1
1,162,86.0,120,80,3,3,0,0,1,57,32.769394909312595,0,Stage-1
1,170,58.0,150,100,1,1,0,1,1,54,20.06920415224914,1,Stage-2
2,158,60.0,120,70,1,1,0,0,1,46,24.034609838166958,1,Elevated
2,184,100.0,150,100,1,1,1,1,0,62,29.536862003780715,1,Stage-2
2,165,70.0,120,80,1,1,0,0,1,40,25.71166207529844,0,Stage-1
1,166,62.0,110,70,2,1,0,0,1,64,22.49963710262738,0,Normal
1,158,68.0,130,90,1,1,0,0,0,60,27.239224483255885,0,Stage-2
1,160,49.0,90,60,1,1,0,0,1,49,19.140624999999996,1,Normal
1,135,37.0,150,90,2,3,0,0,1,49,20.301783264746224,0,Stage-2
1,151,80.0,130,80,3,1,0,0,1,61,35.086180430682866,0,Stage-1
1,153,50.0,90,59,2,1,0,0,1,41,21.35930624973301,0,Normal
1,161,91.0,120,80,1,1,0,0,0,53,35.10667026735079,1,Stage-1
1,146,60.0,120,80,1,2,0,1,1,59,28.147870144492405,0,Stage-1
1,168,71.0,120,80,1,1,0,0,1,48,25.15589569160998,0,Stage-1
1,163,73.0,140,90,1,1,0,0,1,39,27.475629493018182,1,Stage-2
1,155,77.0,130,80,2,2,0,0,1,54,32.04994797086368,0,Stage-1
2,174,77.0,120,70,1,1,1,0,1,43,25.43268595587264,0,Elevated
2,167,80.0,110,80,2,1,1,0,1,45,28.685144680698485,0,Stage-1
1,159,83.0,140,90,3,2,0,0,1,61,32.83097978719196,1,Stage-2
1,166,62.0,195,60,2,1,0,0,1,53,22.49963710262738,1,Stage-2
2,167,71.0,150,100,1,1,0,0,1,59,25.458065904119906,1,Stage-2
1,150,49.0,90,60,1,1,0,0,0,56,21.77777777777778,1,Normal
1,151,54.0,120,80,1,1,0,0,1,62,23.683171790710933,1,Stage-1
1,156,60.0,120,80,1,1,0,0,1,59,24.654832347140037,1,Stage-1
1,154,78.0,130,80,1,1,0,0,1,58,32.889188733344575,1,Stage-1
1,161,68.0,115,70,1,1,0,0,1,47,26.23355580417422,0,Normal
2,175,86.0,120,80,1,1,1,1,1,54,28.081632653061224,1,Stage-1
2,167,72.0,140,90,1,1,0,0,1,51,25.816630212628635,1,Stage-2
1,170,101.0,120,80,1,1,0,0,1,52,34.94809688581315,1,Stage-1
1,158,97.0,140,90,2,2,0,0,1,54,38.85595257170325,1,Stage-2
1,165,60.0,160,90,1,1,0,0,1,40,22.03856749311295,1,Stage-2
1,162,62.0,110,70,2,1,0,0,1,54,23.624447492760247,0,Normal
1,163,55.0,120,80,1,1,0,0,1,55,20.70081674131507,0,Stage-1
2,170,70.0,120,80,1,1,1,0,1,52,24.221453287197235,0,Stage-1
1,158,81.0,130,90,3,1,0,0,1,55,32.446723281525394,1,Stage-2
1,159,78.0,120,80,1,1,0,0,0,43,30.853209920493647,0,Stage-1
2,155,65.0,110,70,1,1,0,0,0,52,27.055150884495315,1,Normal
2,169,79.0,150,100,1,1,0,0,0,54,27.660095935016283,1,Stage-2
1,160,60.0,120,80,2,1,0,0,1,53,23.437499999999996,1,Stage-1
1,169,79.0,130,80,1,1,0,0,0,55,27.660095935016283,1,Stage-1
2,174,110.0,120,90,3,1,0,0,1,53,36.332408508389484,0,Stage-2
1,150,81.0,140,90,3,2,0,0,0,50,36.0,1,Stage-2
2,167,90.0,130,80,1,3,0,0,1,64,32.2707877657858,1,Stage-1
1,165,65.0,120,80,3,3,0,0,0,54,23.875114784205696,0,Stage-1
1,170,65.0,120,80,1,1,0,0,1,56,22.49134948096886,0,Stage-1
2,171,70.0,140,60,3,3,1,0,1,45,23.938989774631512,0,Stage-2
1,175,75.0,120,80,1,1,0,0,1,57,24.489795918367346,1,Stage-1
1,161,61.0,140,90,2,1,0,0,1,58,23.533042706685695,1,Stage-2
1,162,71.0,120,80,1,1,0,0,1,49,27.053802773967377,0,Stage-1
1,169,85.0,120,80,1,1,0,0,1,60,29.76086271489094,0,Stage-1
1,158,105.0,130,100,1,1,0,0,1,63,42.06056721679217,0,Stage-2
2,182,111.0,120,80,3,1,1,0,1,61,33.510445598357684,1,Stage-1
1,160,62.0,110,70,1,1,0,0,1,47,24.218749999999996,0,Normal
1,165,64.0,120,80,1,1,0,0,0,56,23.507805325987146,0,Stage-1
2,176,72.0,125,90,1,1,0,0,1,45,23.243801652892564,1,Stage-2
2,161,57.0,90,60,1,1,1,0,1,59,21.98989236526368,0,Normal
2,173,77.0,120,70,1,1,0,0,1,45,25.727555214006482,1,Elevated
2,184,131.0,140,90,2,1,0,0,1,39,38.693289224952736,1,Stage-2
1,175,79.0,120,80,1,1,0,0,1,42,25.79591836734694,0,Stage-1
1,158,91.0,140,80,1,1,0,0,0,61,36.45249158788655,1,Stage-2
1,168,99.0,130,80,1,1,0,0,1,63,35.0765306122449,1,Stage-1
1,168,63.0,120,80,1,1,0,0,1,58,22.321428571428577,1,Stage-1
1,157,80.0,157,80,1,1,0,0,1,60,32.45567771512029,1,Stage-2
1,154,77.0,140,80,1,1,0,0,1,55,32.46753246753247,1,Stage-2
1,158,122.0,130,90,1,1,0,0,0,52,48.870373337606146,1,Stage-2
1,168,59.0,120,80,1,1,0,0,0,54,20.904195011337873,1,Stage-1
